Record_ID,District,Year,Season,Crop,Planting_Date,Land_Size_Acres,Expected_Harvest_Date,Expected_Yield_kg_per_Acre,Expected_Production_kg
MAT_0001,Matara,2020,Maha,Mung Beans,11/26/2020,1.5,1/29/2021,400,600
MAT_0002,Matara,2020,Maha,Mung Beans,10/26/2020,2,1/5/2021,400,800
MAT_0003,Matara,2020,Maha,Mung Beans,10/25/2020,3.5,1/1/2021,350,1225
MAT_0004,Matara,2020,Maha,Mung Beans,10/10/2020,1.5,12/10/2020,450,675
MAT_0005,Matara,2020,Maha,Mung Beans,10/14/2020,2,1/12/2021,450,900
MAT_0006,Matara,2020,Maha,Mung Beans,10/11/2020,0.5,12/18/2020,400,200
MAT_0007,Matara,2020,Maha,Mung Beans,11/9/2020,4,1/30/2021,400,1600
MAT_0008,Matara,2020,Maha,Mung Beans,11/3/2020,4.5,1/24/2021,500,2250
MAT_0009,Matara,2020,Maha,Mung Beans,11/1/2020,1,1/7/2021,400,400
MAT_0010,Matara,2020,Maha,Mung Beans,11/18/2020,2,2/9/2021,350,700
MAT_0011,Matara,2020,Maha,Corn,10/5/2020,0.5,2/1/2021,1500,750
MAT_0012,Matara,2020,Maha,Corn,11/10/2020,3.5,2/19/2021,1250,4375
MAT_0013,Matara,2020,Maha,Corn,10/5/2020,1,1/14/2021,1150,1150
MAT_0014,Matara,2020,Maha,Corn,11/10/2020,2,3/3/2021,1450,2900
MAT_0015,Matara,2020,Maha,Corn,11/27/2020,1,3/12/2021,1400,1400
MAT_0016,Matara,2020,Maha,Corn,11/18/2020,3.5,3/13/2021,1400,4900
MAT_0017,Matara,2020,Maha,Corn,11/4/2020,0.5,2/14/2021,1350,675
MAT_0018,Matara,2020,Maha,Corn,11/16/2020,4.5,2/24/2021,1300,5850
MAT_0019,Matara,2020,Maha,Corn,11/20/2020,2,3/18/2021,1550,3100
MAT_0020,Matara,2020,Maha,Corn,10/21/2020,3.5,2/16/2021,1650,5775
MAT_0021,Matara,2020,Maha,Bandakka,10/12/2020,0.5,12/16/2020,3950,1975
MAT_0022,Matara,2020,Maha,Bandakka,10/16/2020,1.5,12/22/2020,3550,5325
MAT_0023,Matara,2020,Maha,Bandakka,11/26/2020,3.5,1/28/2021,4100,14350
MAT_0024,Matara,2020,Maha,Bandakka,10/23/2020,1,12/26/2020,4750,4750
MAT_0025,Matara,2020,Maha,Bandakka,11/12/2020,1.5,1/20/2021,4500,6750
MAT_0026,Matara,2020,Maha,Bandakka,11/27/2020,2,1/31/2021,4250,8500
MAT_0027,Matara,2020,Maha,Bandakka,11/20/2020,2,1/28/2021,3300,6600
MAT_0028,Matara,2020,Maha,Bandakka,11/13/2020,0.5,1/21/2021,3800,1900
MAT_0029,Matara,2020,Maha,Bandakka,11/9/2020,4.5,1/9/2021,4000,18000
MAT_0030,Matara,2020,Maha,Bandakka,11/23/2020,2,1/28/2021,4000,8000
MAT_0031,Matara,2020,Maha,Brinjal,11/15/2020,4.5,3/12/2021,3950,17775
MAT_0032,Matara,2020,Maha,Brinjal,10/1/2020,0.5,1/23/2021,5100,2550
MAT_0033,Matara,2020,Maha,Brinjal,11/30/2020,1,3/19/2021,4500,4500
MAT_0034,Matara,2020,Maha,Brinjal,10/9/2020,1.5,1/19/2021,4700,7050
MAT_0035,Matara,2020,Maha,Brinjal,11/6/2020,4,2/22/2021,5400,21600
MAT_0036,Matara,2020,Maha,Brinjal,10/29/2020,0.5,2/18/2021,4250,2125
MAT_0037,Matara,2020,Maha,Brinjal,11/1/2020,1,2/17/2021,5650,5650
MAT_0038,Matara,2020,Maha,Brinjal,10/5/2020,3.5,1/20/2021,4900,17150
MAT_0039,Matara,2020,Maha,Brinjal,10/17/2020,0.5,1/29/2021,4800,2400
MAT_0040,Matara,2020,Maha,Brinjal,10/4/2020,1,1/21/2021,4800,4800
MAT_0041,Matara,2020,Maha,Pumpkin,11/5/2020,0.5,2/17/2021,5750,2875
MAT_0042,Matara,2020,Maha,Pumpkin,11/3/2020,1,2/1/2021,4300,4300
MAT_0043,Matara,2020,Maha,Pumpkin,11/2/2020,1.5,2/13/2021,5150,7725
MAT_0044,Matara,2020,Maha,Pumpkin,11/5/2020,4,3/3/2021,4850,19400
MAT_0045,Matara,2020,Maha,Pumpkin,11/1/2020,2,3/1/2021,4850,9700
MAT_0046,Matara,2020,Maha,Pumpkin,11/15/2020,1,2/13/2021,4000,4000
MAT_0047,Matara,2020,Maha,Pumpkin,10/5/2020,4.5,1/28/2021,4550,20475
MAT_0048,Matara,2020,Maha,Pumpkin,10/24/2020,2,2/6/2021,5450,10900
MAT_0049,Matara,2020,Maha,Pumpkin,10/18/2020,0.5,1/26/2021,4950,2475
MAT_0050,Matara,2020,Maha,Pumpkin,11/15/2020,4,2/15/2021,4750,19000
MAT_0051,Matara,2020,Maha,Chillies,11/8/2020,4,3/31/2021,1700,6800
MAT_0052,Matara,2020,Maha,Chillies,10/30/2020,4.5,3/12/2021,1600,7200
MAT_0053,Matara,2020,Maha,Chillies,11/7/2020,1,3/17/2021,1850,1850
MAT_0054,Matara,2020,Maha,Chillies,10/2/2020,3.5,2/1/2021,2000,7000
MAT_0055,Matara,2020,Maha,Chillies,10/1/2020,2,2/16/2021,1950,3900
MAT_0056,Matara,2020,Maha,Chillies,10/20/2020,4,3/12/2021,2200,8800
MAT_0057,Matara,2020,Maha,Chillies,10/16/2020,1.5,3/4/2021,1950,2925
MAT_0058,Matara,2020,Maha,Chillies,10/18/2020,4.5,2/27/2021,2050,9225
MAT_0059,Matara,2020,Maha,Chillies,11/18/2020,4.5,4/17/2021,2300,10350
MAT_0060,Matara,2020,Maha,Chillies,11/26/2020,4,4/16/2021,1900,7600
MAT_0061,Matara,2020,Maha,Chillies,11/30/2020,4,3/30/2021,1950,7800
MAT_0062,Matara,2020,Yala,Mung Beans,4/26/2020,4.5,7/13/2020,400,1800
MAT_0063,Matara,2020,Yala,Mung Beans,4/1/2020,4,6/20/2020,400,1600
MAT_0064,Matara,2020,Yala,Mung Beans,5/2/2020,4.5,7/8/2020,450,2025
MAT_0065,Matara,2020,Yala,Mung Beans,4/18/2020,3.5,6/24/2020,300,1050
MAT_0066,Matara,2020,Yala,Mung Beans,5/2/2020,1.5,7/18/2020,400,600
MAT_0067,Matara,2020,Yala,Mung Beans,5/14/2020,1,8/12/2020,350,350
MAT_0068,Matara,2020,Yala,Mung Beans,4/1/2020,3.5,6/16/2020,350,1225
MAT_0069,Matara,2020,Yala,Mung Beans,4/20/2020,1,6/19/2020,350,350
MAT_0070,Matara,2020,Yala,Mung Beans,5/16/2020,3.5,8/1/2020,400,1400
MAT_0071,Matara,2020,Yala,Mung Beans,4/3/2020,0.5,6/27/2020,400,200
MAT_0072,Matara,2020,Yala,Corn,5/26/2020,3.5,9/11/2020,1000,3500
MAT_0073,Matara,2020,Yala,Corn,5/2/2020,1.5,8/23/2020,1050,1575
MAT_0074,Matara,2020,Yala,Corn,4/27/2020,0.5,8/11/2020,1150,575
MAT_0075,Matara,2020,Yala,Corn,5/18/2020,0.5,8/29/2020,1150,575
MAT_0076,Matara,2020,Yala,Corn,5/8/2020,4,8/19/2020,1250,5000
MAT_0077,Matara,2020,Yala,Corn,5/23/2020,4.5,9/10/2020,1150,5175
MAT_0078,Matara,2020,Yala,Corn,5/27/2020,1,9/5/2020,1200,1200
MAT_0079,Matara,2020,Yala,Corn,4/22/2020,2,8/16/2020,1350,2700
MAT_0080,Matara,2020,Yala,Corn,5/1/2020,1,8/10/2020,950,950
MAT_0081,Matara,2020,Yala,Corn,5/3/2020,0.5,8/14/2020,1100,550
MAT_0082,Matara,2020,Yala,Bandakka,5/24/2020,1.5,7/27/2020,3450,5175
MAT_0083,Matara,2020,Yala,Bandakka,5/20/2020,3.5,7/23/2020,3650,12775
MAT_0084,Matara,2020,Yala,Bandakka,5/19/2020,1,7/21/2020,4050,4050
MAT_0085,Matara,2020,Yala,Bandakka,4/19/2020,4,6/23/2020,2800,11200
MAT_0086,Matara,2020,Yala,Bandakka,5/20/2020,1.5,7/20/2020,3250,4875
MAT_0087,Matara,2020,Yala,Bandakka,4/9/2020,4.5,6/11/2020,3450,15525
MAT_0088,Matara,2020,Yala,Bandakka,4/3/2020,0.5,6/10/2020,3850,1925
MAT_0089,Matara,2020,Yala,Bandakka,4/18/2020,2,6/27/2020,3500,7000
MAT_0090,Matara,2020,Yala,Bandakka,5/29/2020,4,8/4/2020,3050,12200
MAT_0091,Matara,2020,Yala,Bandakka,5/27/2020,4,7/31/2020,3350,13400
MAT_0092,Matara,2020,Yala,Brinjal,4/30/2020,4.5,8/28/2020,4100,18450
MAT_0093,Matara,2020,Yala,Brinjal,5/26/2020,2,9/5/2020,3600,7200
MAT_0094,Matara,2020,Yala,Brinjal,5/21/2020,4.5,9/16/2020,4450,20025
MAT_0095,Matara,2020,Yala,Brinjal,4/29/2020,2,8/20/2020,3850,7700
MAT_0096,Matara,2020,Yala,Brinjal,4/3/2020,4,7/26/2020,4300,17200
MAT_0097,Matara,2020,Yala,Brinjal,5/22/2020,2,9/11/2020,4400,8800
MAT_0098,Matara,2020,Yala,Brinjal,4/26/2020,3.5,8/21/2020,5150,18025
MAT_0099,Matara,2020,Yala,Brinjal,4/10/2020,4,7/23/2020,4400,17600
MAT_0100,Matara,2020,Yala,Brinjal,5/4/2020,0.5,8/16/2020,4650,2325
MAT_0101,Matara,2020,Yala,Brinjal,5/25/2020,1,9/4/2020,4900,4900
MAT_0102,Matara,2020,Yala,Pumpkin,5/23/2020,3.5,8/22/2020,3650,12775
MAT_0103,Matara,2020,Yala,Pumpkin,4/8/2020,3.5,7/9/2020,4550,15925
MAT_0104,Matara,2020,Yala,Pumpkin,4/26/2020,1.5,8/23/2020,5000,7500
MAT_0105,Matara,2020,Yala,Pumpkin,5/13/2020,3.5,9/10/2020,4450,15575
MAT_0106,Matara,2020,Yala,Pumpkin,4/7/2020,4,7/9/2020,4350,17400
MAT_0107,Matara,2020,Yala,Pumpkin,5/18/2020,0.5,9/11/2020,4700,2350
MAT_0108,Matara,2020,Yala,Pumpkin,5/19/2020,3.5,8/26/2020,5250,18375
MAT_0109,Matara,2020,Yala,Pumpkin,4/1/2020,4,7/27/2020,4450,17800
MAT_0110,Matara,2020,Yala,Pumpkin,4/22/2020,2,7/21/2020,3900,7800
MAT_0111,Matara,2020,Yala,Pumpkin,5/10/2020,2,8/11/2020,4200,8400
MAT_0112,Matara,2020,Yala,Chillies,4/12/2020,2,8/24/2020,1300,2600
MAT_0113,Matara,2020,Yala,Chillies,5/6/2020,4.5,9/22/2020,1400,6300
MAT_0114,Matara,2020,Yala,Chillies,4/6/2020,4.5,8/18/2020,1550,6975
MAT_0115,Matara,2020,Yala,Chillies,5/7/2020,1.5,9/16/2020,1400,2100
MAT_0116,Matara,2020,Yala,Chillies,4/9/2020,4,8/13/2020,1250,5000
MAT_0117,Matara,2020,Yala,Chillies,4/22/2020,3.5,9/2/2020,1650,5775
MAT_0118,Matara,2020,Yala,Chillies,5/14/2020,0.5,9/21/2020,1450,725
MAT_0119,Matara,2020,Yala,Chillies,4/19/2020,1.5,9/14/2020,1500,2250
MAT_0120,Matara,2020,Yala,Chillies,4/30/2020,3.5,9/2/2020,1150,4025
MAT_0121,Matara,2020,Yala,Chillies,5/24/2020,2,9/22/2020,1350,2700
MAT_0122,Matara,2021,Maha,Mung Beans,11/2/2021,4.5,1/22/2022,400,1800
MAT_0123,Matara,2021,Maha,Mung Beans,11/7/2021,1.5,1/31/2022,400,600
MAT_0124,Matara,2021,Maha,Mung Beans,10/1/2021,4.5,12/20/2021,500,2250
MAT_0125,Matara,2021,Maha,Mung Beans,10/20/2021,3.5,1/12/2022,350,1225
MAT_0126,Matara,2021,Maha,Mung Beans,11/18/2021,0.5,1/30/2022,400,200
MAT_0127,Matara,2021,Maha,Mung Beans,10/18/2021,3.5,1/5/2022,400,1400
MAT_0128,Matara,2021,Maha,Mung Beans,10/22/2021,2,12/27/2021,450,900
MAT_0129,Matara,2021,Maha,Mung Beans,11/15/2021,4,1/19/2022,450,1800
MAT_0130,Matara,2021,Maha,Mung Beans,10/21/2021,4,1/12/2022,350,1400
MAT_0131,Matara,2021,Maha,Mung Beans,10/14/2021,2,1/10/2022,400,800
MAT_0132,Matara,2021,Maha,Corn,11/11/2021,1,3/6/2022,1150,1150
MAT_0133,Matara,2021,Maha,Corn,11/25/2021,2,3/12/2022,1100,2200
MAT_0134,Matara,2021,Maha,Corn,11/29/2021,3.5,3/12/2022,1350,4725
MAT_0135,Matara,2021,Maha,Corn,11/4/2021,1,2/22/2022,1200,1200
MAT_0136,Matara,2021,Maha,Corn,11/21/2021,2,3/5/2022,950,1900
MAT_0137,Matara,2021,Maha,Corn,11/16/2021,3.5,2/28/2022,1000,3500
MAT_0138,Matara,2021,Maha,Corn,11/16/2021,2,3/6/2022,1150,2300
MAT_0139,Matara,2021,Maha,Corn,11/25/2021,1,3/16/2022,1300,1300
MAT_0140,Matara,2021,Maha,Corn,11/9/2021,4,2/23/2022,1150,4600
MAT_0141,Matara,2021,Maha,Corn,10/15/2021,3.5,2/2/2022,1150,4025
MAT_0142,Matara,2021,Maha,Bandakka,10/4/2021,4.5,12/8/2021,3950,17775
MAT_0143,Matara,2021,Maha,Bandakka,11/10/2021,2,1/10/2022,3450,6900
MAT_0144,Matara,2021,Maha,Bandakka,11/11/2021,3.5,1/16/2022,3150,11025
MAT_0145,Matara,2021,Maha,Bandakka,10/31/2021,4.5,1/9/2022,3750,16875
MAT_0146,Matara,2021,Maha,Bandakka,10/7/2021,3.5,12/11/2021,3300,11550
MAT_0147,Matara,2021,Maha,Bandakka,10/22/2021,1,12/31/2021,3350,3350
MAT_0148,Matara,2021,Maha,Bandakka,11/23/2021,0.5,2/1/2022,2950,1475
MAT_0149,Matara,2021,Maha,Bandakka,10/18/2021,0.5,12/17/2021,3550,1775
MAT_0150,Matara,2021,Maha,Bandakka,10/25/2021,0.5,12/28/2021,2750,1375
MAT_0151,Matara,2021,Maha,Bandakka,10/15/2021,4,12/22/2021,3350,13400
MAT_0152,Matara,2021,Maha,Brinjal,11/8/2021,1.5,3/6/2022,3500,5250
MAT_0153,Matara,2021,Maha,Brinjal,11/15/2021,1.5,3/1/2022,3200,4800
MAT_0154,Matara,2021,Maha,Brinjal,11/25/2021,2,3/14/2022,3050,6100
MAT_0155,Matara,2021,Maha,Brinjal,11/17/2021,4.5,3/8/2022,2750,12375
MAT_0156,Matara,2021,Maha,Brinjal,11/9/2021,0.5,3/4/2022,2550,1275
MAT_0157,Matara,2021,Maha,Brinjal,11/2/2021,1.5,2/17/2022,2950,4425
MAT_0158,Matara,2021,Maha,Brinjal,11/16/2021,3.5,2/25/2022,3300,11550
MAT_0159,Matara,2021,Maha,Brinjal,11/20/2021,1,3/20/2022,3100,3100
MAT_0160,Matara,2021,Maha,Brinjal,10/14/2021,4.5,2/9/2022,3100,13950
MAT_0161,Matara,2021,Maha,Brinjal,10/27/2021,1.5,2/18/2022,3700,5550
MAT_0162,Matara,2021,Maha,Pumpkin,11/29/2021,3.5,3/24/2022,3900,13650
MAT_0163,Matara,2021,Maha,Pumpkin,10/12/2021,3.5,1/15/2022,3700,12950
MAT_0164,Matara,2021,Maha,Pumpkin,10/12/2021,0.5,1/19/2022,3300,1650
MAT_0165,Matara,2021,Maha,Pumpkin,11/11/2021,1.5,2/24/2022,2900,4350
MAT_0166,Matara,2021,Maha,Pumpkin,11/14/2021,1.5,2/21/2022,3400,5100
MAT_0167,Matara,2021,Maha,Pumpkin,10/27/2021,4.5,2/2/2022,2700,12150
MAT_0168,Matara,2021,Maha,Pumpkin,10/18/2021,4.5,2/10/2022,3300,14850
MAT_0169,Matara,2021,Maha,Pumpkin,11/21/2021,0.5,2/24/2022,3500,1750
MAT_0170,Matara,2021,Maha,Pumpkin,10/5/2021,3.5,1/10/2022,3100,10850
MAT_0171,Matara,2021,Maha,Pumpkin,10/9/2021,2,2/3/2022,3250,6500
MAT_0172,Matara,2021,Maha,Chillies,10/9/2021,1.5,2/15/2022,1850,2775
MAT_0173,Matara,2021,Maha,Chillies,10/14/2021,1.5,2/19/2022,1450,2175
MAT_0174,Matara,2021,Maha,Chillies,10/29/2021,2,3/5/2022,1550,3100
MAT_0175,Matara,2021,Maha,Chillies,11/16/2021,4.5,3/29/2022,1950,8775
MAT_0176,Matara,2021,Maha,Chillies,10/4/2021,1,3/2/2022,1350,1350
MAT_0177,Matara,2021,Maha,Chillies,10/26/2021,1,3/13/2022,1650,1650
MAT_0178,Matara,2021,Maha,Chillies,11/15/2021,4.5,4/5/2022,1750,7875
MAT_0179,Matara,2021,Maha,Chillies,10/29/2021,2,2/28/2022,1700,3400
MAT_0180,Matara,2021,Maha,Chillies,10/2/2021,2,2/25/2022,1650,3300
MAT_0181,Matara,2021,Maha,Chillies,10/7/2021,4,3/4/2022,1600,6400
MAT_0182,Matara,2021,Yala,Mung Beans,4/25/2021,3.5,7/21/2021,350,1225
MAT_0183,Matara,2021,Yala,Mung Beans,4/18/2021,2,7/7/2021,350,700
MAT_0184,Matara,2021,Yala,Mung Beans,5/28/2021,1.5,8/3/2021,400,600
MAT_0185,Matara,2021,Yala,Mung Beans,4/24/2021,4,7/20/2021,400,1600
MAT_0186,Matara,2021,Yala,Mung Beans,5/25/2021,3.5,8/20/2021,300,1050
MAT_0187,Matara,2021,Yala,Mung Beans,5/1/2021,4,7/22/2021,400,1600
MAT_0188,Matara,2021,Yala,Mung Beans,4/11/2021,1.5,6/10/2021,400,600
MAT_0189,Matara,2021,Yala,Mung Beans,4/13/2021,4.5,6/17/2021,350,1575
MAT_0190,Matara,2021,Yala,Mung Beans,4/24/2021,3.5,7/21/2021,450,1575
MAT_0191,Matara,2021,Yala,Mung Beans,4/14/2021,4,6/26/2021,400,1600
MAT_0192,Matara,2021,Yala,Corn,4/27/2021,1.5,8/9/2021,1200,1800
MAT_0193,Matara,2021,Yala,Corn,5/12/2021,1.5,9/7/2021,1050,1575
MAT_0194,Matara,2021,Yala,Corn,5/8/2021,2,8/17/2021,1100,2200
MAT_0195,Matara,2021,Yala,Corn,4/24/2021,1.5,8/6/2021,1100,1650
MAT_0196,Matara,2021,Yala,Corn,4/11/2021,1,7/25/2021,1250,1250
MAT_0197,Matara,2021,Yala,Corn,4/4/2021,1.5,7/15/2021,1150,1725
MAT_0198,Matara,2021,Yala,Corn,5/30/2021,0.5,9/10/2021,1300,650
MAT_0199,Matara,2021,Yala,Corn,5/28/2021,1,9/19/2021,1100,1100
MAT_0200,Matara,2021,Yala,Corn,4/17/2021,1.5,7/26/2021,900,1350
MAT_0201,Matara,2021,Yala,Corn,5/27/2021,1.5,9/8/2021,1000,1500
MAT_0202,Matara,2021,Yala,Bandakka,4/11/2021,4.5,6/16/2021,3350,15075
MAT_0203,Matara,2021,Yala,Bandakka,5/11/2021,1.5,7/18/2021,3250,4875
MAT_0204,Matara,2021,Yala,Bandakka,5/7/2021,4.5,7/15/2021,3850,17325
MAT_0205,Matara,2021,Yala,Bandakka,4/11/2021,4.5,6/20/2021,3500,15750
MAT_0206,Matara,2021,Yala,Bandakka,4/25/2021,3.5,7/2/2021,3450,12075
MAT_0207,Matara,2021,Yala,Bandakka,4/17/2021,3.5,6/17/2021,3050,10675
MAT_0208,Matara,2021,Yala,Bandakka,4/4/2021,4.5,6/12/2021,3650,16425
MAT_0209,Matara,2021,Yala,Bandakka,5/17/2021,3.5,7/21/2021,3450,12075
MAT_0210,Matara,2021,Yala,Bandakka,5/22/2021,4.5,7/24/2021,4050,18225
MAT_0211,Matara,2021,Yala,Bandakka,4/26/2021,4,6/28/2021,2800,11200
MAT_0212,Matara,2021,Yala,Brinjal,4/28/2021,3.5,8/14/2021,800,2800
MAT_0213,Matara,2021,Yala,Brinjal,5/1/2021,3.5,8/21/2021,850,2975
MAT_0214,Matara,2021,Yala,Brinjal,4/30/2021,1.5,8/13/2021,750,1125
MAT_0215,Matara,2021,Yala,Brinjal,5/22/2021,4.5,9/4/2021,700,3150
MAT_0216,Matara,2021,Yala,Brinjal,5/29/2021,4,9/18/2021,700,2800
MAT_0217,Matara,2021,Yala,Brinjal,4/11/2021,4,7/22/2021,700,2800
MAT_0218,Matara,2021,Yala,Brinjal,4/13/2021,1.5,7/29/2021,750,1125
MAT_0219,Matara,2021,Yala,Brinjal,4/12/2021,1.5,8/1/2021,650,975
MAT_0220,Matara,2021,Yala,Brinjal,4/13/2021,1.5,8/8/2021,600,900
MAT_0221,Matara,2021,Yala,Brinjal,4/16/2021,1.5,7/28/2021,700,1050
MAT_0222,Matara,2021,Yala,Pumpkin,4/2/2021,0.5,7/28/2021,4850,2425
MAT_0223,Matara,2021,Yala,Pumpkin,4/30/2021,0.5,8/21/2021,4350,2175
MAT_0224,Matara,2021,Yala,Pumpkin,4/29/2021,4.5,8/24/2021,4600,20700
MAT_0225,Matara,2021,Yala,Pumpkin,4/30/2021,3.5,8/27/2021,3550,12425
MAT_0226,Matara,2021,Yala,Pumpkin,4/15/2021,4.5,8/2/2021,5150,23175
MAT_0227,Matara,2021,Yala,Pumpkin,5/29/2021,1,9/8/2021,4350,4350
MAT_0228,Matara,2021,Yala,Pumpkin,5/1/2021,0.5,8/10/2021,4100,2050
MAT_0229,Matara,2021,Yala,Pumpkin,5/15/2021,1.5,8/13/2021,4250,6375
MAT_0230,Matara,2021,Yala,Pumpkin,4/25/2021,1,8/19/2021,3850,3850
MAT_0231,Matara,2021,Yala,Pumpkin,5/6/2021,1.5,8/10/2021,4450,6675
MAT_0232,Matara,2021,Yala,Chillies,5/6/2021,1.5,9/8/2021,1400,2100
MAT_0233,Matara,2021,Yala,Chillies,5/14/2021,4.5,9/22/2021,1650,7425
MAT_0234,Matara,2021,Yala,Chillies,5/6/2021,4,9/17/2021,1600,6400
MAT_0235,Matara,2021,Yala,Chillies,5/4/2021,1.5,9/11/2021,1150,1725
MAT_0236,Matara,2021,Yala,Chillies,5/1/2021,2,9/17/2021,1400,2800
MAT_0237,Matara,2021,Yala,Chillies,5/1/2021,1.5,9/11/2021,1400,2100
MAT_0238,Matara,2021,Yala,Chillies,4/20/2021,4,8/18/2021,1450,5800
MAT_0239,Matara,2021,Yala,Chillies,5/15/2021,4.5,9/23/2021,1250,5625
MAT_0240,Matara,2021,Yala,Chillies,5/18/2021,2,9/16/2021,1300,2600
MAT_0241,Matara,2021,Yala,Chillies,4/12/2021,0.5,8/17/2021,1400,700
MAT_0242,Matara,2021,Yala,Chillies,4/3/2021,1,8/27/2021,1500,1500
MAT_0243,Matara,2022,Maha,Mung Beans,11/20/2022,3.5,1/27/2023,450,1575
MAT_0244,Matara,2022,Maha,Mung Beans,10/24/2022,1,12/31/2022,350,350
MAT_0245,Matara,2022,Maha,Mung Beans,10/3/2022,4.5,12/7/2022,400,1800
MAT_0246,Matara,2022,Maha,Mung Beans,10/31/2022,1.5,1/16/2023,350,525
MAT_0247,Matara,2022,Maha,Mung Beans,10/14/2022,0.5,12/15/2022,400,200
MAT_0248,Matara,2022,Maha,Mung Beans,11/11/2022,0.5,2/2/2023,450,225
MAT_0249,Matara,2022,Maha,Mung Beans,10/19/2022,3.5,12/22/2022,400,1400
MAT_0250,Matara,2022,Maha,Mung Beans,11/13/2022,3.5,1/14/2023,500,1750
MAT_0251,Matara,2022,Maha,Mung Beans,11/11/2022,1,1/26/2023,400,400
MAT_0252,Matara,2022,Maha,Mung Beans,11/6/2022,1,1/12/2023,400,400
MAT_0253,Matara,2022,Maha,Mung Beans,10/13/2022,3.5,12/26/2022,400,1400
MAT_0254,Matara,2022,Maha,Corn,11/22/2022,4,3/9/2023,1200,4800
MAT_0255,Matara,2022,Maha,Corn,11/28/2022,4.5,3/13/2023,1200,5400
MAT_0256,Matara,2022,Maha,Corn,11/27/2022,4.5,3/19/2023,1350,6075
MAT_0257,Matara,2022,Maha,Corn,10/22/2022,1,2/7/2023,1400,1400
MAT_0258,Matara,2022,Maha,Corn,11/19/2022,4,2/28/2023,1150,4600
MAT_0259,Matara,2022,Maha,Corn,11/22/2022,2,3/22/2023,1050,2100
MAT_0260,Matara,2022,Maha,Corn,10/25/2022,0.5,2/2/2023,1200,600
MAT_0261,Matara,2022,Maha,Corn,11/25/2022,4.5,3/25/2023,1250,5625
MAT_0262,Matara,2022,Maha,Corn,11/24/2022,0.5,3/7/2023,1200,600
MAT_0263,Matara,2022,Maha,Corn,11/22/2022,3.5,3/19/2023,1000,3500
MAT_0264,Matara,2022,Maha,Bandakka,11/11/2022,3.5,1/16/2023,2900,10150
MAT_0265,Matara,2022,Maha,Bandakka,10/30/2022,1,1/8/2023,3300,3300
MAT_0266,Matara,2022,Maha,Bandakka,10/9/2022,4.5,12/13/2022,3500,15750
MAT_0267,Matara,2022,Maha,Bandakka,11/13/2022,1,1/20/2023,3350,3350
MAT_0268,Matara,2022,Maha,Bandakka,11/25/2022,4,2/2/2023,3700,14800
MAT_0269,Matara,2022,Maha,Bandakka,11/17/2022,4.5,1/26/2023,2700,12150
MAT_0270,Matara,2022,Maha,Bandakka,10/17/2022,0.5,12/16/2022,3250,1625
MAT_0271,Matara,2022,Maha,Bandakka,11/19/2022,1,1/25/2023,3900,3900
MAT_0272,Matara,2022,Maha,Bandakka,10/27/2022,4,12/28/2022,3100,12400
MAT_0273,Matara,2022,Maha,Bandakka,11/6/2022,2,1/12/2023,3300,6600
MAT_0274,Matara,2022,Maha,Brinjal,11/13/2022,4.5,2/23/2023,3050,13725
MAT_0275,Matara,2022,Maha,Brinjal,10/17/2022,4,2/5/2023,3300,13200
MAT_0276,Matara,2022,Maha,Brinjal,11/10/2022,0.5,2/25/2023,3100,1550
MAT_0277,Matara,2022,Maha,Brinjal,10/11/2022,4,1/24/2023,3700,14800
MAT_0278,Matara,2022,Maha,Brinjal,10/14/2022,0.5,2/7/2023,3500,1750
MAT_0279,Matara,2022,Maha,Brinjal,10/22/2022,2,2/4/2023,3100,6200
MAT_0280,Matara,2022,Maha,Brinjal,11/4/2022,4.5,2/16/2023,2950,13275
MAT_0281,Matara,2022,Maha,Brinjal,11/4/2022,1,2/24/2023,3200,3200
MAT_0282,Matara,2022,Maha,Brinjal,11/20/2022,3.5,3/15/2023,2750,9625
MAT_0283,Matara,2022,Maha,Brinjal,10/17/2022,0.5,2/3/2023,2550,1275
MAT_0284,Matara,2022,Maha,Pumpkin,10/10/2022,3.5,1/16/2023,500,1750
MAT_0285,Matara,2022,Maha,Pumpkin,10/21/2022,1,1/28/2023,550,550
MAT_0286,Matara,2022,Maha,Pumpkin,10/18/2022,3.5,2/8/2023,550,1925
MAT_0287,Matara,2022,Maha,Pumpkin,10/31/2022,1,2/24/2023,600,600
MAT_0288,Matara,2022,Maha,Pumpkin,10/19/2022,2,2/8/2023,400,800
MAT_0289,Matara,2022,Maha,Pumpkin,10/13/2022,4.5,1/18/2023,500,2250
MAT_0290,Matara,2022,Maha,Pumpkin,10/19/2022,4.5,1/22/2023,500,2250
MAT_0291,Matara,2022,Maha,Pumpkin,11/27/2022,0.5,3/4/2023,600,300
MAT_0292,Matara,2022,Maha,Pumpkin,11/10/2022,2,3/10/2023,500,1000
MAT_0293,Matara,2022,Maha,Pumpkin,10/29/2022,4.5,1/27/2023,450,2025
MAT_0294,Matara,2022,Maha,Chillies,11/25/2022,3.5,4/22/2023,1850,6475
MAT_0295,Matara,2022,Maha,Chillies,10/21/2022,2,2/22/2023,1750,3500
MAT_0296,Matara,2022,Maha,Chillies,11/4/2022,1.5,3/28/2023,1650,2475
MAT_0297,Matara,2022,Maha,Chillies,11/4/2022,2,3/18/2023,1650,3300
MAT_0298,Matara,2022,Maha,Chillies,11/28/2022,1,3/31/2023,1450,1450
MAT_0299,Matara,2022,Maha,Chillies,10/13/2022,1.5,3/8/2023,1700,2550
MAT_0300,Matara,2022,Maha,Chillies,10/8/2022,0.5,3/5/2023,1650,825
MAT_0301,Matara,2022,Maha,Chillies,10/21/2022,2,3/20/2023,1950,3900
MAT_0302,Matara,2022,Maha,Chillies,10/20/2022,3.5,3/15/2023,1550,5425
MAT_0303,Matara,2022,Maha,Chillies,11/22/2022,4.5,3/24/2023,1350,6075
MAT_0304,Matara,2022,Yala,Mung Beans,4/4/2022,4,6/27/2022,550,2200
MAT_0305,Matara,2022,Yala,Mung Beans,4/19/2022,1,7/9/2022,450,450
MAT_0306,Matara,2022,Yala,Mung Beans,4/12/2022,4.5,7/1/2022,500,2250
MAT_0307,Matara,2022,Yala,Mung Beans,4/13/2022,4,7/3/2022,450,1800
MAT_0308,Matara,2022,Yala,Mung Beans,4/9/2022,3.5,6/15/2022,550,1925
MAT_0309,Matara,2022,Yala,Mung Beans,4/11/2022,4,6/24/2022,500,2000
MAT_0310,Matara,2022,Yala,Mung Beans,4/29/2022,1.5,7/14/2022,500,750
MAT_0311,Matara,2022,Yala,Mung Beans,4/13/2022,4.5,7/1/2022,450,2025
MAT_0312,Matara,2022,Yala,Mung Beans,5/21/2022,4,8/3/2022,500,2000
MAT_0313,Matara,2022,Yala,Mung Beans,5/4/2022,2,7/25/2022,400,800
MAT_0314,Matara,2022,Yala,Corn,5/22/2022,2,9/5/2022,1000,2000
MAT_0315,Matara,2022,Yala,Corn,5/30/2022,4.5,9/27/2022,1150,5175
MAT_0316,Matara,2022,Yala,Corn,4/19/2022,1,7/31/2022,1050,1050
MAT_0317,Matara,2022,Yala,Corn,4/11/2022,2,7/26/2022,1350,2700
MAT_0318,Matara,2022,Yala,Corn,5/7/2022,3.5,8/29/2022,1100,3850
MAT_0319,Matara,2022,Yala,Corn,5/24/2022,1.5,9/1/2022,1150,1725
MAT_0320,Matara,2022,Yala,Corn,5/3/2022,3.5,8/21/2022,1200,4200
MAT_0321,Matara,2022,Yala,Corn,4/9/2022,4.5,7/26/2022,1250,5625
MAT_0322,Matara,2022,Yala,Corn,5/26/2022,3.5,9/11/2022,950,3325
MAT_0323,Matara,2022,Yala,Corn,5/5/2022,4,8/19/2022,1150,4600
MAT_0324,Matara,2022,Yala,Bandakka,4/8/2022,0.5,6/14/2022,3500,1750
MAT_0325,Matara,2022,Yala,Bandakka,5/2/2022,4,7/5/2022,4050,16200
MAT_0326,Matara,2022,Yala,Bandakka,5/27/2022,4,7/30/2022,3450,13800
MAT_0327,Matara,2022,Yala,Bandakka,4/20/2022,2,6/19/2022,3350,6700
MAT_0328,Matara,2022,Yala,Bandakka,5/2/2022,2,7/2/2022,3050,6100
MAT_0329,Matara,2022,Yala,Bandakka,4/8/2022,4,6/10/2022,3650,14600
MAT_0330,Matara,2022,Yala,Bandakka,5/29/2022,4,8/7/2022,3850,15400
MAT_0331,Matara,2022,Yala,Bandakka,5/17/2022,0.5,7/22/2022,2800,1400
MAT_0332,Matara,2022,Yala,Bandakka,5/31/2022,4,8/8/2022,3250,13000
MAT_0333,Matara,2022,Yala,Bandakka,4/5/2022,2,6/13/2022,3450,6900
MAT_0334,Matara,2022,Yala,Brinjal,4/17/2022,1,8/14/2022,3250,3250
MAT_0335,Matara,2022,Yala,Brinjal,4/13/2022,1.5,7/22/2022,3950,5925
MAT_0336,Matara,2022,Yala,Brinjal,5/27/2022,2,9/14/2022,4200,8400
MAT_0337,Matara,2022,Yala,Brinjal,4/17/2022,1.5,7/29/2022,4000,6000
MAT_0338,Matara,2022,Yala,Brinjal,5/30/2022,4.5,9/23/2022,3850,17325
MAT_0339,Matara,2022,Yala,Brinjal,4/9/2022,3.5,7/29/2022,3450,12075
MAT_0340,Matara,2022,Yala,Brinjal,4/29/2022,2,8/25/2022,3700,7400
MAT_0341,Matara,2022,Yala,Brinjal,5/28/2022,1.5,9/7/2022,4650,6975
MAT_0342,Matara,2022,Yala,Brinjal,5/15/2022,1.5,9/12/2022,4400,6600
MAT_0343,Matara,2022,Yala,Brinjal,4/17/2022,0.5,8/15/2022,3950,1975
MAT_0344,Matara,2022,Yala,Pumpkin,5/3/2022,4,8/14/2022,4400,17600
MAT_0345,Matara,2022,Yala,Pumpkin,5/24/2022,1,9/8/2022,4300,4300
MAT_0346,Matara,2022,Yala,Pumpkin,4/15/2022,0.5,7/26/2022,4650,2325
MAT_0347,Matara,2022,Yala,Pumpkin,4/28/2022,2,8/25/2022,4100,8200
MAT_0348,Matara,2022,Yala,Pumpkin,4/26/2022,1.5,8/9/2022,4450,6675
MAT_0349,Matara,2022,Yala,Pumpkin,4/5/2022,1.5,7/9/2022,5150,7725
MAT_0350,Matara,2022,Yala,Pumpkin,4/5/2022,0.5,7/25/2022,4400,2200
MAT_0351,Matara,2022,Yala,Pumpkin,5/22/2022,4.5,8/24/2022,4900,22050
MAT_0352,Matara,2022,Yala,Pumpkin,4/11/2022,4,8/3/2022,3850,15400
MAT_0353,Matara,2022,Yala,Pumpkin,5/17/2022,3.5,8/25/2022,3600,12600
MAT_0354,Matara,2022,Yala,Chillies,5/8/2022,1,9/22/2022,1500,1500
MAT_0355,Matara,2022,Yala,Chillies,4/13/2022,4,9/2/2022,1650,6600
MAT_0356,Matara,2022,Yala,Chillies,5/27/2022,4.5,10/10/2022,1400,6300
MAT_0357,Matara,2022,Yala,Chillies,5/28/2022,4,10/17/2022,1450,5800
MAT_0358,Matara,2022,Yala,Chillies,4/26/2022,2,9/6/2022,1350,2700
MAT_0359,Matara,2022,Yala,Chillies,4/1/2022,1,8/8/2022,1150,1150
MAT_0360,Matara,2022,Yala,Chillies,5/10/2022,2,10/1/2022,1400,2800
MAT_0361,Matara,2022,Yala,Chillies,5/25/2022,0.5,10/7/2022,1550,775
MAT_0362,Matara,2022,Yala,Chillies,4/13/2022,0.5,8/17/2022,1300,650
MAT_0363,Matara,2022,Yala,Chillies,5/26/2022,1,10/18/2022,1250,1250
MAT_0364,Matara,2023,Maha,Mung Beans,11/7/2023,0.5,2/5/2024,400,200
MAT_0365,Matara,2023,Maha,Mung Beans,11/12/2023,1.5,2/7/2024,400,600
MAT_0366,Matara,2023,Maha,Mung Beans,10/25/2023,4.5,1/23/2024,450,2025
MAT_0367,Matara,2023,Maha,Mung Beans,10/20/2023,4,12/19/2023,350,1400
MAT_0368,Matara,2023,Maha,Mung Beans,10/21/2023,2,12/22/2023,350,700
MAT_0369,Matara,2023,Maha,Mung Beans,10/30/2023,0.5,1/15/2024,400,200
MAT_0370,Matara,2023,Maha,Mung Beans,10/19/2023,2,1/7/2024,400,800
MAT_0371,Matara,2023,Maha,Mung Beans,10/5/2023,0.5,12/15/2023,400,200
MAT_0372,Matara,2023,Maha,Mung Beans,10/24/2023,1.5,1/14/2024,450,675
MAT_0373,Matara,2023,Maha,Mung Beans,10/3/2023,3.5,12/27/2023,400,1400
MAT_0374,Matara,2023,Maha,Corn,11/11/2023,3.5,3/9/2024,1200,4200
MAT_0375,Matara,2023,Maha,Corn,11/28/2023,1,3/12/2024,1050,1050
MAT_0376,Matara,2023,Maha,Corn,11/30/2023,1.5,3/24/2024,1400,2100
MAT_0377,Matara,2023,Maha,Corn,11/6/2023,0.5,2/17/2024,1150,575
MAT_0378,Matara,2023,Maha,Corn,11/9/2023,0.5,3/1/2024,1250,625
MAT_0379,Matara,2023,Maha,Corn,11/10/2023,4.5,2/28/2024,1350,6075
MAT_0380,Matara,2023,Maha,Corn,11/2/2023,1,2/25/2024,1000,1000
MAT_0381,Matara,2023,Maha,Corn,10/24/2023,1,2/14/2024,1200,1200
MAT_0382,Matara,2023,Maha,Corn,10/20/2023,1.5,2/11/2024,1200,1800
MAT_0383,Matara,2023,Maha,Corn,10/26/2023,2,2/18/2024,1200,2400
MAT_0384,Matara,2023,Maha,Bandakka,11/15/2023,1,1/16/2024,3650,3650
MAT_0385,Matara,2023,Maha,Bandakka,11/18/2023,2,1/20/2024,3200,6400
MAT_0386,Matara,2023,Maha,Bandakka,11/10/2023,3.5,1/13/2024,3850,13475
MAT_0387,Matara,2023,Maha,Bandakka,10/3/2023,4,12/9/2023,3600,14400
MAT_0388,Matara,2023,Maha,Bandakka,10/17/2023,4,12/24/2023,3450,13800
MAT_0389,Matara,2023,Maha,Bandakka,11/18/2023,0.5,1/22/2024,4100,2050
MAT_0390,Matara,2023,Maha,Bandakka,10/16/2023,4,12/24/2023,3700,14800
MAT_0391,Matara,2023,Maha,Bandakka,10/8/2023,4.5,12/16/2023,4300,19350
MAT_0392,Matara,2023,Maha,Bandakka,10/17/2023,4,12/19/2023,3000,12000
MAT_0393,Matara,2023,Maha,Bandakka,11/28/2023,4,2/1/2024,3650,14600
MAT_0394,Matara,2023,Maha,Brinjal,10/9/2023,4,1/31/2024,4150,16600
MAT_0395,Matara,2023,Maha,Brinjal,11/4/2023,2,2/20/2024,3450,6900
MAT_0396,Matara,2023,Maha,Brinjal,11/29/2023,1.5,3/24/2024,3200,4800
MAT_0397,Matara,2023,Maha,Brinjal,11/10/2023,3.5,2/28/2024,4000,14000
MAT_0398,Matara,2023,Maha,Brinjal,11/8/2023,2,2/20/2024,3700,7400
MAT_0399,Matara,2023,Maha,Brinjal,11/29/2023,4.5,3/22/2024,3900,17550
MAT_0400,Matara,2023,Maha,Brinjal,11/26/2023,1.5,3/16/2024,3850,5775
MAT_0401,Matara,2023,Maha,Brinjal,10/5/2023,4.5,1/23/2024,4400,19800
MAT_0402,Matara,2023,Maha,Brinjal,11/9/2023,2,3/7/2024,4650,9300
MAT_0403,Matara,2023,Maha,Brinjal,10/19/2023,4.5,2/4/2024,3900,17550
MAT_0404,Matara,2023,Maha,Brinjal,11/28/2023,4.5,3/9/2024,3900,17550
MAT_0405,Matara,2023,Maha,Pumpkin,11/27/2023,4,3/3/2024,2400,9600
MAT_0406,Matara,2023,Maha,Pumpkin,10/16/2023,0.5,1/21/2024,3100,1550
MAT_0407,Matara,2023,Maha,Pumpkin,11/14/2023,0.5,2/29/2024,3450,1725
MAT_0408,Matara,2023,Maha,Pumpkin,10/2/2023,1.5,1/5/2024,2950,4425
MAT_0409,Matara,2023,Maha,Pumpkin,10/13/2023,1.5,1/29/2024,3300,4950
MAT_0410,Matara,2023,Maha,Pumpkin,11/12/2023,3.5,2/23/2024,2950,10325
MAT_0411,Matara,2023,Maha,Pumpkin,10/6/2023,1,1/28/2024,2600,2600
MAT_0412,Matara,2023,Maha,Pumpkin,10/14/2023,1,1/22/2024,2900,2900
MAT_0413,Matara,2023,Maha,Pumpkin,11/8/2023,2,2/15/2024,3000,6000
MAT_0414,Matara,2023,Maha,Pumpkin,11/8/2023,4,2/10/2024,2750,11000
MAT_0415,Matara,2023,Maha,Chillies,11/15/2023,0.5,3/15/2024,1600,800
MAT_0416,Matara,2023,Maha,Chillies,11/16/2023,2,3/27/2024,1500,3000
MAT_0417,Matara,2023,Maha,Chillies,11/3/2023,3.5,3/12/2024,1800,6300
MAT_0418,Matara,2023,Maha,Chillies,10/14/2023,1,2/12/2024,1300,1300
MAT_0419,Matara,2023,Maha,Chillies,10/6/2023,1,2/10/2024,1600,1600
MAT_0420,Matara,2023,Maha,Chillies,10/14/2023,1,2/22/2024,1700,1700
MAT_0421,Matara,2023,Maha,Chillies,10/21/2023,1.5,2/29/2024,1400,2100
MAT_0422,Matara,2023,Maha,Chillies,10/22/2023,2,3/4/2024,1650,3300
MAT_0423,Matara,2023,Maha,Chillies,11/3/2023,4,3/12/2024,1900,7600
MAT_0424,Matara,2023,Maha,Chillies,10/13/2023,0.5,3/1/2024,1550,775
MAT_0425,Matara,2023,Yala,Mung Beans,4/4/2023,1,6/18/2023,550,550
MAT_0426,Matara,2023,Yala,Mung Beans,5/13/2023,4,7/22/2023,600,2400
MAT_0427,Matara,2023,Yala,Mung Beans,5/18/2023,1.5,7/24/2023,550,825
MAT_0428,Matara,2023,Yala,Mung Beans,5/2/2023,1,7/14/2023,550,550
MAT_0429,Matara,2023,Yala,Mung Beans,5/2/2023,4,7/5/2023,450,1800
MAT_0430,Matara,2023,Yala,Mung Beans,5/12/2023,4,7/16/2023,500,2000
MAT_0431,Matara,2023,Yala,Mung Beans,4/23/2023,3.5,6/23/2023,600,2100
MAT_0432,Matara,2023,Yala,Mung Beans,5/23/2023,4.5,7/30/2023,550,2475
MAT_0433,Matara,2023,Yala,Mung Beans,5/31/2023,4.5,8/15/2023,650,2925
MAT_0434,Matara,2023,Yala,Mung Beans,5/25/2023,1.5,7/24/2023,650,975
MAT_0435,Matara,2023,Yala,Corn,5/24/2023,1,9/16/2023,1450,1450
MAT_0436,Matara,2023,Yala,Corn,5/20/2023,1.5,9/13/2023,1600,2400
MAT_0437,Matara,2023,Yala,Corn,5/8/2023,1.5,8/18/2023,1150,1725
MAT_0438,Matara,2023,Yala,Corn,4/2/2023,4.5,7/25/2023,1400,6300
MAT_0439,Matara,2023,Yala,Corn,5/26/2023,1,9/7/2023,1400,1400
MAT_0440,Matara,2023,Yala,Corn,4/23/2023,4.5,8/3/2023,1700,7650
MAT_0441,Matara,2023,Yala,Corn,4/22/2023,3.5,8/11/2023,1250,4375
MAT_0442,Matara,2023,Yala,Corn,5/27/2023,3.5,9/21/2023,1350,4725
MAT_0443,Matara,2023,Yala,Corn,5/20/2023,4.5,9/16/2023,1400,6300
MAT_0444,Matara,2023,Yala,Corn,5/13/2023,4.5,8/30/2023,1500,6750
MAT_0445,Matara,2023,Yala,Bandakka,5/4/2023,3.5,7/3/2023,3850,13475
MAT_0446,Matara,2023,Yala,Bandakka,4/21/2023,2,6/29/2023,4050,8100
MAT_0447,Matara,2023,Yala,Bandakka,5/19/2023,3.5,7/22/2023,3950,13825
MAT_0448,Matara,2023,Yala,Bandakka,4/26/2023,0.5,7/2/2023,4650,2325
MAT_0449,Matara,2023,Yala,Bandakka,4/12/2023,1.5,6/12/2023,4200,6300
MAT_0450,Matara,2023,Yala,Bandakka,4/4/2023,4,6/9/2023,3250,13000
MAT_0451,Matara,2023,Yala,Bandakka,4/5/2023,0.5,6/12/2023,4400,2200
MAT_0452,Matara,2023,Yala,Bandakka,4/8/2023,0.5,6/17/2023,3500,1750
MAT_0453,Matara,2023,Yala,Bandakka,4/15/2023,4,6/15/2023,3950,15800
MAT_0454,Matara,2023,Yala,Bandakka,4/20/2023,3.5,6/19/2023,3700,12950
MAT_0455,Matara,2023,Yala,Brinjal,4/13/2023,0.5,8/9/2023,4350,2175
MAT_0456,Matara,2023,Yala,Brinjal,4/15/2023,3.5,7/29/2023,3750,13125
MAT_0457,Matara,2023,Yala,Brinjal,4/5/2023,0.5,7/24/2023,4550,2275
MAT_0458,Matara,2023,Yala,Brinjal,4/23/2023,1.5,8/10/2023,4300,6450
MAT_0459,Matara,2023,Yala,Brinjal,4/22/2023,1.5,8/15/2023,5050,7575
MAT_0460,Matara,2023,Yala,Brinjal,4/11/2023,1,8/7/2023,3500,3500
MAT_0461,Matara,2023,Yala,Brinjal,5/25/2023,4,9/5/2023,4800,19200
MAT_0462,Matara,2023,Yala,Brinjal,4/9/2023,1.5,7/22/2023,4200,6300
MAT_0463,Matara,2023,Yala,Brinjal,5/29/2023,1.5,9/7/2023,4000,6000
MAT_0464,Matara,2023,Yala,Brinjal,5/1/2023,1,8/12/2023,4300,4300
MAT_0465,Matara,2023,Yala,Pumpkin,4/17/2023,4.5,8/11/2023,2550,11475
MAT_0466,Matara,2023,Yala,Pumpkin,4/16/2023,2,8/3/2023,2800,5600
MAT_0467,Matara,2023,Yala,Pumpkin,4/14/2023,2,7/21/2023,2650,5300
MAT_0468,Matara,2023,Yala,Pumpkin,4/14/2023,0.5,7/26/2023,2050,1025
MAT_0469,Matara,2023,Yala,Pumpkin,5/19/2023,0.5,8/26/2023,2200,1100
MAT_0470,Matara,2023,Yala,Pumpkin,5/7/2023,2,8/21/2023,2950,5900
MAT_0471,Matara,2023,Yala,Pumpkin,4/26/2023,4.5,8/22/2023,2350,10575
MAT_0472,Matara,2023,Yala,Pumpkin,4/15/2023,3.5,7/25/2023,2450,8575
MAT_0473,Matara,2023,Yala,Pumpkin,5/8/2023,0.5,8/18/2023,2500,1250
MAT_0474,Matara,2023,Yala,Pumpkin,5/25/2023,4,9/5/2023,2500,10000
MAT_0475,Matara,2023,Yala,Chillies,4/20/2023,4,9/9/2023,1650,6600
MAT_0476,Matara,2023,Yala,Chillies,4/9/2023,1,8/26/2023,1550,1550
MAT_0477,Matara,2023,Yala,Chillies,5/17/2023,2,9/29/2023,1700,3400
MAT_0478,Matara,2023,Yala,Chillies,4/22/2023,2,8/29/2023,1500,3000
MAT_0479,Matara,2023,Yala,Chillies,4/21/2023,3.5,9/6/2023,1900,6650
MAT_0480,Matara,2023,Yala,Chillies,5/17/2023,1.5,9/29/2023,1600,2400
MAT_0481,Matara,2023,Yala,Chillies,5/19/2023,1.5,10/5/2023,1300,1950
MAT_0482,Matara,2023,Yala,Chillies,5/12/2023,4,9/29/2023,1600,6400
MAT_0483,Matara,2023,Yala,Chillies,5/15/2023,1.5,10/3/2023,1400,2100
MAT_0484,Matara,2023,Yala,Chillies,5/1/2023,1.5,9/9/2023,1800,2700
MAT_0485,Matara,2024,Maha,Mung Beans,11/17/2024,1.5,1/22/2025,400,600
MAT_0486,Matara,2024,Maha,Mung Beans,11/2/2024,0.5,1/2/2025,350,175
MAT_0487,Matara,2024,Maha,Mung Beans,11/28/2024,1,1/28/2025,400,400
MAT_0488,Matara,2024,Maha,Mung Beans,10/28/2024,0.5,1/13/2025,450,225
MAT_0489,Matara,2024,Maha,Mung Beans,10/14/2024,4,1/2/2025,400,1600
MAT_0490,Matara,2024,Maha,Mung Beans,10/6/2024,1.5,12/19/2024,400,600
MAT_0491,Matara,2024,Maha,Mung Beans,11/10/2024,4,1/25/2025,400,1600
MAT_0492,Matara,2024,Maha,Mung Beans,10/3/2024,1,12/31/2024,400,400
MAT_0493,Matara,2024,Maha,Mung Beans,10/8/2024,1,12/15/2024,450,450
MAT_0494,Matara,2024,Maha,Mung Beans,11/27/2024,4,2/8/2025,350,1400
MAT_0495,Matara,2024,Maha,Corn,10/5/2024,1,1/31/2025,1900,1900
MAT_0496,Matara,2024,Maha,Corn,11/23/2024,0.5,3/8/2025,1800,900
MAT_0497,Matara,2024,Maha,Corn,11/19/2024,1.5,3/4/2025,2100,3150
MAT_0498,Matara,2024,Maha,Corn,11/12/2024,2,3/3/2025,1450,2900
MAT_0499,Matara,2024,Maha,Corn,11/27/2024,1.5,3/15/2025,1550,2325
MAT_0500,Matara,2024,Maha,Corn,10/29/2024,0.5,2/20/2025,1800,900
MAT_0501,Matara,2024,Maha,Corn,11/17/2024,1.5,3/4/2025,1800,2700
MAT_0502,Matara,2024,Maha,Corn,10/31/2024,4.5,2/9/2025,1650,7425
MAT_0503,Matara,2024,Maha,Corn,11/15/2024,3.5,2/25/2025,2000,7000
MAT_0504,Matara,2024,Maha,Corn,11/27/2024,4,3/18/2025,1750,7000
MAT_0505,Matara,2024,Maha,Bandakka,10/12/2024,4,12/20/2024,4050,16200
MAT_0506,Matara,2024,Maha,Bandakka,11/13/2024,4.5,1/15/2025,3700,16650
MAT_0507,Matara,2024,Maha,Bandakka,11/23/2024,3.5,1/29/2025,4300,15050
MAT_0508,Matara,2024,Maha,Bandakka,10/8/2024,2,12/14/2024,3200,6400
MAT_0509,Matara,2024,Maha,Bandakka,11/4/2024,1.5,1/9/2025,3650,5475
MAT_0510,Matara,2024,Maha,Bandakka,10/5/2024,3.5,12/7/2024,3850,13475
MAT_0511,Matara,2024,Maha,Bandakka,11/14/2024,1.5,1/16/2025,3650,5475
MAT_0512,Matara,2024,Maha,Bandakka,10/28/2024,1,1/3/2025,3400,3400
MAT_0513,Matara,2024,Maha,Bandakka,10/27/2024,1,12/26/2024,3000,3000
MAT_0514,Matara,2024,Maha,Bandakka,11/3/2024,0.5,1/2/2025,3550,1775
MAT_0515,Matara,2024,Maha,Brinjal,11/25/2024,3.5,3/6/2025,3500,12250
MAT_0516,Matara,2024,Maha,Brinjal,10/2/2024,1,1/26/2025,4050,4050
MAT_0517,Matara,2024,Maha,Brinjal,10/25/2024,0.5,2/20/2025,3250,1625
MAT_0518,Matara,2024,Maha,Brinjal,10/26/2024,1.5,2/10/2025,4450,6675
MAT_0519,Matara,2024,Maha,Brinjal,11/17/2024,3.5,2/26/2025,4200,14700
MAT_0520,Matara,2024,Maha,Brinjal,11/23/2024,4,3/7/2025,3750,15000
MAT_0521,Matara,2024,Maha,Brinjal,10/20/2024,2,2/7/2025,4700,9400
MAT_0522,Matara,2024,Maha,Brinjal,10/16/2024,1,1/27/2025,4000,4000
MAT_0523,Matara,2024,Maha,Brinjal,11/24/2024,1.5,3/18/2025,4000,6000
MAT_0524,Matara,2024,Maha,Brinjal,10/4/2024,1,1/15/2025,3900,3900
MAT_0525,Matara,2024,Maha,Pumpkin,10/5/2024,2,1/29/2025,4200,8400
MAT_0526,Matara,2024,Maha,Pumpkin,10/28/2024,3.5,1/28/2025,3850,13475
MAT_0527,Matara,2024,Maha,Pumpkin,10/5/2024,4,2/1/2025,4450,17800
MAT_0528,Matara,2024,Maha,Pumpkin,11/24/2024,1,3/8/2025,3300,3300
MAT_0529,Matara,2024,Maha,Pumpkin,11/30/2024,1,3/10/2025,3750,3750
MAT_0530,Matara,2024,Maha,Pumpkin,11/18/2024,1.5,3/1/2025,3700,5550
MAT_0531,Matara,2024,Maha,Pumpkin,11/12/2024,2,2/28/2025,3550,7100
MAT_0532,Matara,2024,Maha,Pumpkin,10/30/2024,4.5,2/2/2025,3100,13950
MAT_0533,Matara,2024,Maha,Pumpkin,11/15/2024,1.5,2/26/2025,4000,6000
MAT_0534,Matara,2024,Maha,Pumpkin,11/20/2024,1,2/26/2025,3750,3750
MAT_0535,Matara,2024,Maha,Chillies,10/21/2024,1,2/18/2025,1600,1600
MAT_0536,Matara,2024,Maha,Chillies,10/18/2024,4,3/10/2025,1400,5600
MAT_0537,Matara,2024,Maha,Chillies,11/24/2024,1.5,3/28/2025,1550,2325
MAT_0538,Matara,2024,Maha,Chillies,10/21/2024,0.5,2/19/2025,1800,900
MAT_0539,Matara,2024,Maha,Chillies,10/15/2024,0.5,3/10/2025,1650,825
MAT_0540,Matara,2024,Maha,Chillies,10/13/2024,4,3/11/2025,1600,6400
MAT_0541,Matara,2024,Maha,Chillies,11/3/2024,2,3/6/2025,1700,3400
MAT_0542,Matara,2024,Maha,Chillies,10/18/2024,3.5,3/1/2025,1500,5250
MAT_0543,Matara,2024,Maha,Chillies,10/16/2024,2,3/5/2025,1300,2600
MAT_0544,Matara,2024,Maha,Chillies,10/28/2024,2,3/8/2025,1900,3800
MAT_0545,Matara,2024,Yala,Mung Beans,4/16/2024,1.5,7/4/2024,150,225
MAT_0546,Matara,2024,Yala,Mung Beans,5/25/2024,4,8/11/2024,150,600
MAT_0547,Matara,2024,Yala,Mung Beans,4/18/2024,4,6/22/2024,150,600
MAT_0548,Matara,2024,Yala,Mung Beans,4/13/2024,4.5,7/10/2024,150,675
MAT_0549,Matara,2024,Yala,Mung Beans,5/21/2024,4,8/2/2024,150,600
MAT_0550,Matara,2024,Yala,Mung Beans,5/28/2024,2,8/6/2024,150,300
MAT_0551,Matara,2024,Yala,Mung Beans,4/11/2024,0.5,6/19/2024,150,75
MAT_0552,Matara,2024,Yala,Mung Beans,4/5/2024,0.5,6/23/2024,200,100
MAT_0553,Matara,2024,Yala,Mung Beans,4/10/2024,1,6/22/2024,150,150
MAT_0554,Matara,2024,Yala,Mung Beans,5/17/2024,4.5,7/28/2024,200,900
MAT_0555,Matara,2024,Yala,Corn,5/10/2024,0.5,8/26/2024,500,250
MAT_0556,Matara,2024,Yala,Corn,5/2/2024,2,8/17/2024,450,900
MAT_0557,Matara,2024,Yala,Corn,4/20/2024,4.5,8/8/2024,550,2475
MAT_0558,Matara,2024,Yala,Corn,5/3/2024,4,8/15/2024,400,1600
MAT_0559,Matara,2024,Yala,Corn,4/15/2024,1,8/4/2024,500,500
MAT_0560,Matara,2024,Yala,Corn,4/23/2024,1.5,8/19/2024,550,825
MAT_0561,Matara,2024,Yala,Corn,4/14/2024,4.5,8/4/2024,500,2250
MAT_0562,Matara,2024,Yala,Corn,5/25/2024,1.5,9/2/2024,450,675
MAT_0563,Matara,2024,Yala,Corn,4/17/2024,2,7/28/2024,450,900
MAT_0564,Matara,2024,Yala,Corn,5/8/2024,1,9/3/2024,500,500
MAT_0565,Matara,2024,Yala,Bandakka,5/6/2024,2,7/14/2024,1500,3000
MAT_0566,Matara,2024,Yala,Bandakka,5/6/2024,1,7/15/2024,1650,1650
MAT_0567,Matara,2024,Yala,Bandakka,4/15/2024,0.5,6/19/2024,1450,725
MAT_0568,Matara,2024,Yala,Bandakka,4/21/2024,0.5,6/22/2024,1550,775
MAT_0569,Matara,2024,Yala,Bandakka,5/1/2024,4,7/7/2024,1500,6000
MAT_0570,Matara,2024,Yala,Bandakka,4/8/2024,1,6/15/2024,1400,1400
MAT_0571,Matara,2024,Yala,Bandakka,4/1/2024,3.5,6/5/2024,1750,6125
MAT_0572,Matara,2024,Yala,Bandakka,5/2/2024,2,7/1/2024,1300,2600
MAT_0573,Matara,2024,Yala,Bandakka,4/7/2024,1.5,6/16/2024,1200,1800
MAT_0574,Matara,2024,Yala,Bandakka,4/29/2024,0.5,7/3/2024,1500,750
MAT_0575,Matara,2024,Yala,Brinjal,5/9/2024,0.5,8/31/2024,1800,900
MAT_0576,Matara,2024,Yala,Brinjal,5/27/2024,1.5,9/19/2024,1600,2400
MAT_0577,Matara,2024,Yala,Brinjal,4/12/2024,2,7/31/2024,1700,3400
MAT_0578,Matara,2024,Yala,Brinjal,5/7/2024,1.5,8/16/2024,1600,2400
MAT_0579,Matara,2024,Yala,Brinjal,4/10/2024,3.5,7/29/2024,1650,5775
MAT_0580,Matara,2024,Yala,Brinjal,5/7/2024,2,8/16/2024,1400,2800
MAT_0581,Matara,2024,Yala,Brinjal,5/12/2024,3.5,9/5/2024,1600,5600
MAT_0582,Matara,2024,Yala,Brinjal,5/12/2024,4,8/25/2024,1500,6000
MAT_0583,Matara,2024,Yala,Brinjal,4/13/2024,3.5,7/23/2024,1900,6650
MAT_0584,Matara,2024,Yala,Brinjal,4/27/2024,4,8/19/2024,1350,5400
MAT_0585,Matara,2024,Yala,Pumpkin,5/5/2024,4.5,8/26/2024,1800,8100
MAT_0586,Matara,2024,Yala,Pumpkin,5/23/2024,4,9/5/2024,1500,6000
MAT_0587,Matara,2024,Yala,Pumpkin,4/15/2024,3.5,8/10/2024,1250,4375
MAT_0588,Matara,2024,Yala,Pumpkin,4/15/2024,3.5,7/27/2024,1550,5425
MAT_0589,Matara,2024,Yala,Pumpkin,5/4/2024,1.5,8/26/2024,1500,2250
MAT_0590,Matara,2024,Yala,Pumpkin,5/26/2024,2,9/8/2024,1700,3400
MAT_0591,Matara,2024,Yala,Pumpkin,4/27/2024,4,7/26/2024,1600,6400
MAT_0592,Matara,2024,Yala,Pumpkin,4/10/2024,4.5,8/1/2024,1400,6300
MAT_0593,Matara,2024,Yala,Pumpkin,5/9/2024,1,8/14/2024,1350,1350
MAT_0594,Matara,2024,Yala,Pumpkin,4/4/2024,1,7/7/2024,1500,1500
MAT_0595,Matara,2024,Yala,Chillies,5/7/2024,1,9/12/2024,1600,1600
MAT_0596,Matara,2024,Yala,Chillies,5/31/2024,4,10/13/2024,1700,6800
MAT_0597,Matara,2024,Yala,Chillies,5/30/2024,4,9/28/2024,1500,6000
MAT_0598,Matara,2024,Yala,Chillies,4/4/2024,1,8/7/2024,1550,1550
MAT_0599,Matara,2024,Yala,Chillies,5/23/2024,4.5,9/25/2024,1600,7200
MAT_0600,Matara,2024,Yala,Chillies,5/30/2024,2,10/4/2024,1400,2800
MAT_0601,Matara,2024,Yala,Chillies,5/20/2024,2,10/8/2024,1800,3600
MAT_0602,Matara,2024,Yala,Chillies,4/28/2024,1.5,9/10/2024,1650,2475
MAT_0603,Matara,2024,Yala,Chillies,5/11/2024,1.5,9/26/2024,1900,2850
MAT_0604,Matara,2024,Yala,Chillies,5/24/2024,4,10/19/2024,1300,5200
MAT_0605,Matara,2025,Maha,Mung Beans,10/8/2025,2,12/19/2025,600,1200
MAT_0606,Matara,2025,Maha,Mung Beans,11/20/2025,3.5,1/25/2026,550,1925
MAT_0607,Matara,2025,Maha,Mung Beans,10/26/2025,3.5,1/6/2026,500,1750
MAT_0608,Matara,2025,Maha,Mung Beans,11/9/2025,4,1/21/2026,600,2400
MAT_0609,Matara,2025,Maha,Mung Beans,11/15/2025,2,1/27/2026,550,1100
MAT_0610,Matara,2025,Maha,Mung Beans,11/20/2025,4,2/6/2026,500,2000
MAT_0611,Matara,2025,Maha,Mung Beans,11/4/2025,0.5,1/5/2026,450,225
MAT_0612,Matara,2025,Maha,Mung Beans,10/30/2025,3.5,12/29/2025,650,2275
MAT_0613,Matara,2025,Maha,Mung Beans,10/4/2025,1.5,12/22/2025,550,825
MAT_0614,Matara,2025,Maha,Mung Beans,10/25/2025,2,1/12/2026,550,1100
MAT_0615,Matara,2025,Maha,Corn,10/13/2025,2,1/31/2026,3450,6900
MAT_0616,Matara,2025,Maha,Corn,11/12/2025,1,2/25/2026,2900,2900
MAT_0617,Matara,2025,Maha,Corn,10/8/2025,0.5,1/24/2026,3100,1550
MAT_0618,Matara,2025,Maha,Corn,10/13/2025,4.5,1/31/2026,2550,11475
MAT_0619,Matara,2025,Maha,Corn,11/13/2025,2,2/21/2026,3150,6300
MAT_0620,Matara,2025,Maha,Corn,11/21/2025,1.5,3/8/2026,3650,5475
MAT_0621,Matara,2025,Maha,Corn,11/6/2025,3.5,2/28/2026,3100,10850
MAT_0622,Matara,2025,Maha,Corn,11/26/2025,3.5,3/13/2026,3050,10675
MAT_0623,Matara,2025,Maha,Corn,11/6/2025,2,2/22/2026,2750,5500
MAT_0624,Matara,2025,Maha,Corn,11/12/2025,1,2/25/2026,3300,3300
MAT_0625,Matara,2025,Maha,Bandakka,11/1/2025,2,1/2/2026,2700,5400
MAT_0626,Matara,2025,Maha,Bandakka,10/14/2025,2,12/21/2025,2800,5600
MAT_0627,Matara,2025,Maha,Bandakka,10/7/2025,2,12/7/2025,2500,5000
MAT_0628,Matara,2025,Maha,Bandakka,10/7/2025,1,12/14/2025,3000,3000
MAT_0629,Matara,2025,Maha,Bandakka,10/21/2025,1.5,12/22/2025,2850,4275
MAT_0630,Matara,2025,Maha,Bandakka,11/28/2025,2,1/31/2026,2900,5800
MAT_0631,Matara,2025,Maha,Bandakka,11/4/2025,4,1/5/2026,2350,9400
MAT_0632,Matara,2025,Maha,Bandakka,10/15/2025,3.5,12/17/2025,3200,11200
MAT_0633,Matara,2025,Maha,Bandakka,10/9/2025,4,12/15/2025,2850,11400
MAT_0634,Matara,2025,Maha,Bandakka,11/7/2025,4,1/16/2026,3350,13400
MAT_0635,Matara,2025,Maha,Brinjal,11/14/2025,1.5,3/7/2026,3350,5025
MAT_0636,Matara,2025,Maha,Brinjal,10/9/2025,3.5,1/31/2026,3250,11375
MAT_0637,Matara,2025,Maha,Brinjal,11/20/2025,1.5,3/15/2026,3100,4650
MAT_0638,Matara,2025,Maha,Brinjal,10/2/2025,4.5,1/26/2026,2900,13050
MAT_0639,Matara,2025,Maha,Brinjal,11/15/2025,3.5,3/11/2026,3900,13650
MAT_0640,Matara,2025,Maha,Brinjal,11/6/2025,4,3/6/2026,2700,10800
MAT_0641,Matara,2025,Maha,Brinjal,10/17/2025,0.5,2/4/2026,3500,1750
MAT_0642,Matara,2025,Maha,Brinjal,11/7/2025,1.5,3/1/2026,3700,5550
MAT_0643,Matara,2025,Maha,Brinjal,11/22/2025,4.5,3/11/2026,3300,14850
MAT_0644,Matara,2025,Maha,Brinjal,11/23/2025,2,3/8/2026,3300,6600
MAT_0645,Matara,2025,Maha,Pumpkin,10/13/2025,0.5,2/4/2026,3000,1500
MAT_0646,Matara,2025,Maha,Pumpkin,11/23/2025,3.5,2/22/2026,2750,9625
MAT_0647,Matara,2025,Maha,Pumpkin,11/5/2025,4,2/9/2026,2700,10800
MAT_0648,Matara,2025,Maha,Pumpkin,11/16/2025,4.5,2/14/2026,2500,11250
MAT_0649,Matara,2025,Maha,Pumpkin,11/3/2025,1.5,2/28/2026,2850,4275
MAT_0650,Matara,2025,Maha,Pumpkin,11/26/2025,4,3/19/2026,2350,9400
MAT_0651,Matara,2025,Maha,Pumpkin,10/15/2025,4.5,1/23/2026,2600,11700
MAT_0652,Matara,2025,Maha,Pumpkin,11/11/2025,3.5,3/5/2026,3150,11025
MAT_0653,Matara,2025,Maha,Pumpkin,11/3/2025,1.5,2/25/2026,2200,3300
MAT_0654,Matara,2025,Maha,Pumpkin,11/19/2025,2,3/3/2026,2700,5400
MAT_0655,Matara,2025,Maha,Chillies,10/6/2025,1,2/12/2026,1350,1350
MAT_0656,Matara,2025,Maha,Chillies,11/3/2025,4.5,3/7/2026,1550,6975
MAT_0657,Matara,2025,Maha,Chillies,10/17/2025,0.5,2/16/2026,1750,875
MAT_0658,Matara,2025,Maha,Chillies,11/28/2025,2,4/1/2026,1650,3300
MAT_0659,Matara,2025,Maha,Chillies,11/1/2025,4.5,3/20/2026,1450,6525
MAT_0660,Matara,2025,Maha,Chillies,10/17/2025,3.5,2/27/2026,1850,6475
MAT_0661,Matara,2025,Maha,Chillies,10/15/2025,1,3/8/2026,1650,1650
MAT_0662,Matara,2025,Maha,Chillies,10/8/2025,4.5,2/14/2026,1650,7425
MAT_0663,Matara,2025,Maha,Chillies,10/3/2025,4.5,3/2/2026,1700,7650
MAT_0664,Matara,2025,Maha,Chillies,10/28/2025,1,2/25/2026,1950,1950
MAT_0665,Matara,2025,Yala,Mung Beans,4/23/2025,1,7/14/2025,450,450
MAT_0666,Matara,2025,Yala,Mung Beans,5/29/2025,1,8/2/2025,400,400
MAT_0667,Matara,2025,Yala,Mung Beans,4/25/2025,1,6/25/2025,500,500
MAT_0668,Matara,2025,Yala,Mung Beans,5/14/2025,1.5,7/24/2025,400,600
MAT_0669,Matara,2025,Yala,Mung Beans,5/3/2025,1,7/19/2025,400,400
MAT_0670,Matara,2025,Yala,Mung Beans,5/20/2025,1.5,7/27/2025,350,525
MAT_0671,Matara,2025,Yala,Mung Beans,5/12/2025,0.5,8/9/2025,400,200
MAT_0672,Matara,2025,Yala,Mung Beans,4/21/2025,4,7/5/2025,400,1600
MAT_0673,Matara,2025,Yala,Mung Beans,5/31/2025,0.5,8/23/2025,450,225
MAT_0674,Matara,2025,Yala,Mung Beans,5/18/2025,4,8/7/2025,350,1400
MAT_0675,Matara,2025,Yala,Corn,4/20/2025,4,8/16/2025,1400,5600
MAT_0676,Matara,2025,Yala,Corn,5/28/2025,4.5,9/12/2025,1600,7200
MAT_0677,Matara,2025,Yala,Corn,4/2/2025,2,7/30/2025,1300,2600
MAT_0678,Matara,2025,Yala,Corn,4/13/2025,1.5,8/3/2025,1550,2325
MAT_0679,Matara,2025,Yala,Corn,5/24/2025,1.5,9/13/2025,1350,2025
MAT_0680,Matara,2025,Yala,Corn,4/17/2025,4.5,8/8/2025,1200,5400
MAT_0681,Matara,2025,Yala,Corn,4/11/2025,3.5,7/20/2025,1150,4025
MAT_0682,Matara,2025,Yala,Corn,5/5/2025,1.5,8/27/2025,1400,2100
MAT_0683,Matara,2025,Yala,Corn,4/10/2025,3.5,7/20/2025,1400,4900
MAT_0684,Matara,2025,Yala,Corn,5/7/2025,2,8/25/2025,1450,2900
MAT_0685,Matara,2025,Yala,Bandakka,4/19/2025,3.5,6/18/2025,3450,12075
MAT_0686,Matara,2025,Yala,Bandakka,4/15/2025,4.5,6/15/2025,3700,16650
MAT_0687,Matara,2025,Yala,Bandakka,5/8/2025,4.5,7/16/2025,4300,19350
MAT_0688,Matara,2025,Yala,Bandakka,4/21/2025,0.5,6/23/2025,3600,1800
MAT_0689,Matara,2025,Yala,Bandakka,5/18/2025,1.5,7/26/2025,3200,4800
MAT_0690,Matara,2025,Yala,Bandakka,4/22/2025,4,6/22/2025,4100,16400
MAT_0691,Matara,2025,Yala,Bandakka,5/25/2025,4,7/31/2025,3850,15400
MAT_0692,Matara,2025,Yala,Bandakka,5/26/2025,1.5,7/28/2025,3650,5475
MAT_0693,Matara,2025,Yala,Bandakka,5/30/2025,1.5,8/5/2025,3650,5475
MAT_0694,Matara,2025,Yala,Bandakka,5/15/2025,3.5,7/17/2025,3000,10500
MAT_0695,Matara,2025,Yala,Brinjal,5/19/2025,3.5,9/1/2025,4500,15750
MAT_0696,Matara,2025,Yala,Brinjal,4/10/2025,0.5,8/4/2025,6000,3000
MAT_0697,Matara,2025,Yala,Brinjal,5/2/2025,4.5,8/30/2025,4200,18900
MAT_0698,Matara,2025,Yala,Brinjal,5/30/2025,2,9/9/2025,5100,10200
MAT_0699,Matara,2025,Yala,Brinjal,5/26/2025,1,9/14/2025,4800,4800
MAT_0700,Matara,2025,Yala,Brinjal,5/24/2025,0.5,9/19/2025,5000,2500
MAT_0701,Matara,2025,Yala,Brinjal,5/29/2025,3.5,9/24/2025,5200,18200
MAT_0702,Matara,2025,Yala,Brinjal,4/23/2025,0.5,8/13/2025,5700,2850
MAT_0703,Matara,2025,Yala,Brinjal,4/29/2025,2,8/27/2025,5400,10800
MAT_0704,Matara,2025,Yala,Brinjal,4/28/2025,1,8/14/2025,5100,5100
MAT_0705,Matara,2025,Yala,Pumpkin,4/16/2025,1.5,8/14/2025,5850,8775
MAT_0706,Matara,2025,Yala,Pumpkin,4/1/2025,1.5,7/8/2025,6900,10350
MAT_0707,Matara,2025,Yala,Pumpkin,5/16/2025,1,8/30/2025,6200,6200
MAT_0708,Matara,2025,Yala,Pumpkin,5/14/2025,0.5,9/10/2025,6000,3000
MAT_0709,Matara,2025,Yala,Pumpkin,5/10/2025,1,8/31/2025,5750,5750
MAT_0710,Matara,2025,Yala,Pumpkin,5/25/2025,1.5,9/12/2025,5150,7725
MAT_0711,Matara,2025,Yala,Pumpkin,4/18/2025,4,7/21/2025,5850,23400
MAT_0712,Matara,2025,Yala,Pumpkin,4/26/2025,1.5,8/7/2025,5500,8250
MAT_0713,Matara,2025,Yala,Pumpkin,4/4/2025,0.5,7/7/2025,4800,2400
MAT_0714,Matara,2025,Yala,Pumpkin,4/16/2025,4,8/2/2025,5850,23400
MAT_0715,Matara,2025,Yala,Pumpkin,4/3/2025,4.5,7/26/2025,6550,29475
MAT_0716,Matara,2025,Yala,Chillies,5/19/2025,3.5,9/20/2025,1700,5950
MAT_0717,Matara,2025,Yala,Chillies,5/16/2025,0.5,9/27/2025,1800,900
MAT_0718,Matara,2025,Yala,Chillies,5/19/2025,1.5,9/20/2025,1400,2100
MAT_0719,Matara,2025,Yala,Chillies,5/31/2025,1,9/28/2025,1600,1600
MAT_0720,Matara,2025,Yala,Chillies,4/9/2025,2,8/13/2025,1500,3000
MAT_0721,Matara,2025,Yala,Chillies,4/24/2025,4,9/18/2025,1350,5400
MAT_0722,Matara,2025,Yala,Chillies,5/20/2025,3.5,10/7/2025,1600,5600
MAT_0723,Matara,2025,Yala,Chillies,5/11/2025,0.5,9/16/2025,1600,800
MAT_0724,Matara,2025,Yala,Chillies,5/2/2025,4.5,9/6/2025,1900,8550
MAT_0725,Matara,2025,Yala,Chillies,5/25/2025,4.5,10/10/2025,1650,7425
HAM_0001,Hambantota,2020,Maha,Mung Beans,10/22/2020,3.5,1/18/2021,400,1400
HAM_0002,Hambantota,2020,Maha,Mung Beans,10/7/2020,4,12/21/2020,450,1800
HAM_0003,Hambantota,2020,Maha,Mung Beans,10/19/2020,4,12/24/2020,600,2400
HAM_0004,Hambantota,2020,Maha,Mung Beans,10/9/2020,3.5,1/5/2021,550,1925
HAM_0005,Hambantota,2020,Maha,Mung Beans,11/17/2020,1.5,2/14/2021,500,750
HAM_0006,Hambantota,2020,Maha,Mung Beans,10/30/2020,1,1/25/2021,500,500
HAM_0007,Hambantota,2020,Maha,Mung Beans,10/25/2020,2,1/17/2021,550,1100
HAM_0008,Hambantota,2020,Maha,Mung Beans,10/2/2020,0.5,12/11/2020,500,250
HAM_0009,Hambantota,2020,Maha,Mung Beans,11/3/2020,1,1/28/2021,500,500
HAM_0010,Hambantota,2020,Maha,Mung Beans,10/24/2020,4,1/20/2021,450,1800
HAM_0011,Hambantota,2020,Maha,Corn,10/12/2020,1,1/29/2021,1050,1050
HAM_0012,Hambantota,2020,Maha,Corn,11/13/2020,2,3/12/2021,1000,2000
HAM_0013,Hambantota,2020,Maha,Corn,11/29/2020,2,3/21/2021,1000,2000
HAM_0014,Hambantota,2020,Maha,Corn,11/15/2020,1.5,3/6/2021,950,1425
HAM_0015,Hambantota,2020,Maha,Corn,11/20/2020,4,3/6/2021,1000,4000
HAM_0016,Hambantota,2020,Maha,Corn,11/27/2020,2,3/24/2021,1150,2300
HAM_0017,Hambantota,2020,Maha,Corn,11/13/2020,4.5,2/26/2021,850,3825
HAM_0018,Hambantota,2020,Maha,Corn,11/25/2020,0.5,3/10/2021,800,400
HAM_0019,Hambantota,2020,Maha,Corn,10/20/2020,4,1/29/2021,900,3600
HAM_0020,Hambantota,2020,Maha,Corn,10/28/2020,4.5,2/21/2021,1100,4950
HAM_0021,Hambantota,2020,Maha,Bandakka,10/17/2020,3.5,12/21/2020,4950,17325
HAM_0022,Hambantota,2020,Maha,Bandakka,10/12/2020,4.5,12/12/2020,4550,20475
HAM_0023,Hambantota,2020,Maha,Bandakka,11/27/2020,2,1/29/2021,5150,10300
HAM_0024,Hambantota,2020,Maha,Bandakka,11/26/2020,2,1/29/2021,5750,11500
HAM_0025,Hambantota,2020,Maha,Bandakka,10/25/2020,0.5,12/25/2020,4300,2150
HAM_0026,Hambantota,2020,Maha,Bandakka,10/22/2020,4.5,12/30/2020,4750,21375
HAM_0027,Hambantota,2020,Maha,Bandakka,10/9/2020,1.5,12/11/2020,4000,6000
HAM_0028,Hambantota,2020,Maha,Bandakka,11/13/2020,4,1/14/2021,5450,21800
HAM_0029,Hambantota,2020,Maha,Bandakka,11/22/2020,2,1/21/2021,4850,9700
HAM_0030,Hambantota,2020,Maha,Bandakka,10/8/2020,4,12/17/2020,4850,19400
HAM_0031,Hambantota,2020,Maha,Brinjal,10/19/2020,4,2/8/2021,5700,22800
HAM_0032,Hambantota,2020,Maha,Brinjal,11/9/2020,3.5,2/17/2021,5050,17675
HAM_0033,Hambantota,2020,Maha,Brinjal,11/10/2020,4,3/9/2021,5600,22400
HAM_0034,Hambantota,2020,Maha,Brinjal,10/22/2020,4,2/9/2021,5700,22800
HAM_0035,Hambantota,2020,Maha,Brinjal,10/9/2020,0.5,1/24/2021,5400,2700
HAM_0036,Hambantota,2020,Maha,Brinjal,11/29/2020,4.5,3/15/2021,5850,26325
HAM_0037,Hambantota,2020,Maha,Brinjal,11/8/2020,4,3/6/2021,4700,18800
HAM_0038,Hambantota,2020,Maha,Brinjal,11/19/2020,1,3/13/2021,5700,5700
HAM_0039,Hambantota,2020,Maha,Brinjal,11/11/2020,0.5,2/22/2021,6750,3375
HAM_0040,Hambantota,2020,Maha,Brinjal,11/13/2020,0.5,2/27/2021,6400,3200
HAM_0041,Hambantota,2020,Maha,Brinjal,11/19/2020,3.5,3/6/2021,6050,21175
HAM_0042,Hambantota,2020,Maha,Pumpkin,10/25/2020,2,1/29/2021,6200,12400
HAM_0043,Hambantota,2020,Maha,Pumpkin,10/12/2020,2,2/9/2021,7450,14900
HAM_0044,Hambantota,2020,Maha,Pumpkin,10/7/2020,2,1/16/2021,6650,13300
HAM_0045,Hambantota,2020,Maha,Pumpkin,10/12/2020,1,2/9/2021,7200,7200
HAM_0046,Hambantota,2020,Maha,Pumpkin,10/24/2020,4,2/4/2021,5800,23200
HAM_0047,Hambantota,2020,Maha,Pumpkin,10/5/2020,1.5,1/4/2021,8300,12450
HAM_0048,Hambantota,2020,Maha,Pumpkin,11/17/2020,4.5,2/26/2021,7050,31725
HAM_0049,Hambantota,2020,Maha,Pumpkin,10/6/2020,3.5,1/24/2021,6900,24150
HAM_0050,Hambantota,2020,Maha,Pumpkin,11/17/2020,1.5,3/7/2021,7900,11850
HAM_0051,Hambantota,2020,Maha,Pumpkin,11/25/2020,4,3/17/2021,7050,28200
HAM_0052,Hambantota,2020,Maha,Chillies,11/30/2020,4.5,4/26/2021,1750,7875
HAM_0053,Hambantota,2020,Maha,Chillies,10/11/2020,3.5,3/7/2021,1500,5250
HAM_0054,Hambantota,2020,Maha,Chillies,11/20/2020,2,4/17/2021,1900,3800
HAM_0055,Hambantota,2020,Maha,Chillies,11/20/2020,4.5,4/16/2021,2050,9225
HAM_0056,Hambantota,2020,Maha,Chillies,10/16/2020,0.5,2/17/2021,1700,850
HAM_0057,Hambantota,2020,Maha,Chillies,10/4/2020,2,2/10/2021,1700,3400
HAM_0058,Hambantota,2020,Maha,Chillies,11/19/2020,3.5,3/31/2021,1600,5600
HAM_0059,Hambantota,2020,Maha,Chillies,11/3/2020,3.5,3/9/2021,1400,4900
HAM_0060,Hambantota,2020,Maha,Chillies,11/25/2020,0.5,4/11/2021,1800,900
HAM_0061,Hambantota,2020,Maha,Chillies,10/17/2020,4.5,2/14/2021,1700,7650
HAM_0062,Hambantota,2020,Yala,Mung Beans,4/9/2020,2,6/26/2020,450,900
HAM_0063,Hambantota,2020,Yala,Mung Beans,5/3/2020,2,7/14/2020,500,1000
HAM_0064,Hambantota,2020,Yala,Mung Beans,5/13/2020,1,8/7/2020,400,400
HAM_0065,Hambantota,2020,Yala,Mung Beans,4/4/2020,4.5,7/3/2020,450,2025
HAM_0066,Hambantota,2020,Yala,Mung Beans,4/12/2020,4,7/5/2020,500,2000
HAM_0067,Hambantota,2020,Yala,Mung Beans,4/7/2020,1.5,7/4/2020,400,600
HAM_0068,Hambantota,2020,Yala,Mung Beans,5/26/2020,4.5,8/12/2020,550,2475
HAM_0069,Hambantota,2020,Yala,Mung Beans,4/7/2020,2,7/5/2020,450,900
HAM_0070,Hambantota,2020,Yala,Mung Beans,5/19/2020,4.5,7/20/2020,500,2250
HAM_0071,Hambantota,2020,Yala,Mung Beans,4/18/2020,4,6/21/2020,450,1800
HAM_0072,Hambantota,2020,Yala,Corn,4/13/2020,3.5,8/7/2020,1000,3500
HAM_0073,Hambantota,2020,Yala,Corn,4/29/2020,2,8/26/2020,750,1500
HAM_0074,Hambantota,2020,Yala,Corn,5/27/2020,4,9/24/2020,900,3600
HAM_0075,Hambantota,2020,Yala,Corn,5/3/2020,1,8/12/2020,800,800
HAM_0076,Hambantota,2020,Yala,Corn,4/28/2020,0.5,8/15/2020,1050,525
HAM_0077,Hambantota,2020,Yala,Corn,5/4/2020,4,8/27/2020,900,3600
HAM_0078,Hambantota,2020,Yala,Corn,4/27/2020,0.5,8/24/2020,950,475
HAM_0079,Hambantota,2020,Yala,Corn,5/30/2020,4.5,9/9/2020,850,3825
HAM_0080,Hambantota,2020,Yala,Corn,4/12/2020,1.5,7/26/2020,900,1350
HAM_0081,Hambantota,2020,Yala,Corn,5/13/2020,1.5,8/29/2020,1100,1650
HAM_0082,Hambantota,2020,Yala,Bandakka,4/13/2020,1,6/14/2020,3600,3600
HAM_0083,Hambantota,2020,Yala,Bandakka,5/12/2020,1,7/20/2020,3450,3450
HAM_0084,Hambantota,2020,Yala,Bandakka,4/28/2020,1,6/29/2020,4100,4100
HAM_0085,Hambantota,2020,Yala,Bandakka,4/1/2020,1.5,6/3/2020,3750,5625
HAM_0086,Hambantota,2020,Yala,Bandakka,5/3/2020,2,7/9/2020,3900,7800
HAM_0087,Hambantota,2020,Yala,Bandakka,4/26/2020,3.5,6/29/2020,3650,12775
HAM_0088,Hambantota,2020,Yala,Bandakka,5/18/2020,4.5,7/21/2020,3000,13500
HAM_0089,Hambantota,2020,Yala,Bandakka,4/8/2020,4,6/17/2020,3650,14600
HAM_0090,Hambantota,2020,Yala,Bandakka,5/2/2020,3.5,7/1/2020,3200,11200
HAM_0091,Hambantota,2020,Yala,Bandakka,4/26/2020,1,7/5/2020,4300,4300
HAM_0092,Hambantota,2020,Yala,Brinjal,5/31/2020,4.5,9/15/2020,6250,28125
HAM_0093,Hambantota,2020,Yala,Brinjal,4/13/2020,3.5,7/22/2020,5500,19250
HAM_0094,Hambantota,2020,Yala,Brinjal,4/2/2020,4,7/27/2020,7000,28000
HAM_0095,Hambantota,2020,Yala,Brinjal,5/25/2020,4,9/17/2020,6600,26400
HAM_0096,Hambantota,2020,Yala,Brinjal,4/22/2020,4.5,8/4/2020,7350,33075
HAM_0097,Hambantota,2020,Yala,Brinjal,5/28/2020,4,9/15/2020,5100,20400
HAM_0098,Hambantota,2020,Yala,Brinjal,5/14/2020,1,8/25/2020,6250,6250
HAM_0099,Hambantota,2020,Yala,Brinjal,5/30/2020,3.5,9/12/2020,6350,22225
HAM_0100,Hambantota,2020,Yala,Brinjal,5/15/2020,4.5,9/5/2020,5850,26325
HAM_0101,Hambantota,2020,Yala,Brinjal,4/25/2020,4.5,8/23/2020,6100,27450
HAM_0102,Hambantota,2020,Yala,Pumpkin,4/29/2020,2,8/8/2020,6600,13200
HAM_0103,Hambantota,2020,Yala,Pumpkin,5/21/2020,4,8/30/2020,6050,24200
HAM_0104,Hambantota,2020,Yala,Pumpkin,5/23/2020,1.5,9/10/2020,5550,8325
HAM_0105,Hambantota,2020,Yala,Pumpkin,4/5/2020,3.5,7/9/2020,5200,18200
HAM_0106,Hambantota,2020,Yala,Pumpkin,5/1/2020,0.5,8/10/2020,5800,2900
HAM_0107,Hambantota,2020,Yala,Pumpkin,5/20/2020,4.5,9/11/2020,6950,31275
HAM_0108,Hambantota,2020,Yala,Pumpkin,4/20/2020,4,8/15/2020,6250,25000
HAM_0109,Hambantota,2020,Yala,Pumpkin,5/6/2020,1,8/22/2020,5900,5900
HAM_0110,Hambantota,2020,Yala,Pumpkin,4/1/2020,3.5,7/19/2020,5900,20650
HAM_0111,Hambantota,2020,Yala,Pumpkin,4/2/2020,0.5,7/26/2020,4850,2425
HAM_0112,Hambantota,2020,Yala,Chillies,4/26/2020,4,9/2/2020,8100,32400
HAM_0113,Hambantota,2020,Yala,Chillies,4/1/2020,4.5,8/19/2020,7900,35550
HAM_0114,Hambantota,2020,Yala,Chillies,4/28/2020,4,9/13/2020,8400,33600
HAM_0115,Hambantota,2020,Yala,Chillies,4/18/2020,4,9/7/2020,9350,37400
HAM_0116,Hambantota,2020,Yala,Chillies,5/9/2020,1.5,9/18/2020,7900,11850
HAM_0117,Hambantota,2020,Yala,Chillies,4/7/2020,2,8/25/2020,7450,14900
HAM_0118,Hambantota,2020,Yala,Chillies,4/12/2020,2,9/4/2020,6500,13000
HAM_0119,Hambantota,2020,Yala,Chillies,4/9/2020,1.5,8/20/2020,7750,11625
HAM_0120,Hambantota,2020,Yala,Chillies,4/4/2020,2,8/12/2020,8850,17700
HAM_0121,Hambantota,2020,Yala,Chillies,4/9/2020,4,8/15/2020,6950,27800
HAM_0122,Hambantota,2021,Maha,Mung Beans,10/17/2021,4,12/30/2021,450,1800
HAM_0123,Hambantota,2021,Maha,Mung Beans,10/4/2021,0.5,1/1/2022,500,250
HAM_0124,Hambantota,2021,Maha,Mung Beans,11/7/2021,1.5,1/9/2022,400,600
HAM_0125,Hambantota,2021,Maha,Mung Beans,11/12/2021,2,1/22/2022,550,1100
HAM_0126,Hambantota,2021,Maha,Mung Beans,10/5/2021,4.5,12/28/2021,500,2250
HAM_0127,Hambantota,2021,Maha,Mung Beans,10/13/2021,0.5,12/26/2021,450,225
HAM_0128,Hambantota,2021,Maha,Mung Beans,11/23/2021,0.5,1/31/2022,400,200
HAM_0129,Hambantota,2021,Maha,Mung Beans,11/7/2021,2,1/27/2022,450,900
HAM_0130,Hambantota,2021,Maha,Mung Beans,11/10/2021,1.5,2/3/2022,450,675
HAM_0131,Hambantota,2021,Maha,Mung Beans,11/3/2021,1,1/12/2022,500,500
HAM_0132,Hambantota,2021,Maha,Corn,11/30/2021,2,3/14/2022,1100,2200
HAM_0133,Hambantota,2021,Maha,Corn,10/9/2021,4,1/24/2022,1050,4200
HAM_0134,Hambantota,2021,Maha,Corn,10/8/2021,2,1/28/2022,800,1600
HAM_0135,Hambantota,2021,Maha,Corn,10/15/2021,1.5,1/30/2022,1000,1500
HAM_0136,Hambantota,2021,Maha,Corn,10/3/2021,4.5,1/11/2022,750,3375
HAM_0137,Hambantota,2021,Maha,Corn,10/8/2021,1.5,2/4/2022,950,1425
HAM_0138,Hambantota,2021,Maha,Corn,10/30/2021,3.5,2/26/2022,900,3150
HAM_0139,Hambantota,2021,Maha,Corn,11/10/2021,4,3/2/2022,950,3800
HAM_0140,Hambantota,2021,Maha,Corn,11/5/2021,3.5,3/3/2022,950,3325
HAM_0141,Hambantota,2021,Maha,Corn,11/1/2021,2,2/22/2022,900,1800
HAM_0142,Hambantota,2021,Maha,Bandakka,11/26/2021,4.5,1/29/2022,4250,19125
HAM_0143,Hambantota,2021,Maha,Bandakka,10/17/2021,3.5,12/18/2021,5050,17675
HAM_0144,Hambantota,2021,Maha,Bandakka,11/20/2021,4.5,1/25/2022,5150,23175
HAM_0145,Hambantota,2021,Maha,Bandakka,11/30/2021,2,1/30/2022,5250,10500
HAM_0146,Hambantota,2021,Maha,Bandakka,11/5/2021,4.5,1/9/2022,5150,23175
HAM_0147,Hambantota,2021,Maha,Bandakka,11/15/2021,1.5,1/15/2022,4550,6825
HAM_0148,Hambantota,2021,Maha,Bandakka,10/4/2021,1,12/10/2021,5800,5800
HAM_0149,Hambantota,2021,Maha,Bandakka,11/10/2021,3.5,1/16/2022,5500,19250
HAM_0150,Hambantota,2021,Maha,Bandakka,11/14/2021,1,1/19/2022,6100,6100
HAM_0151,Hambantota,2021,Maha,Bandakka,11/24/2021,1.5,1/31/2022,4850,7275
HAM_0152,Hambantota,2021,Maha,Brinjal,11/17/2021,0.5,2/27/2022,4700,2350
HAM_0153,Hambantota,2021,Maha,Brinjal,11/21/2021,1,3/9/2022,6750,6750
HAM_0154,Hambantota,2021,Maha,Brinjal,10/26/2021,3.5,2/17/2022,5050,17675
HAM_0155,Hambantota,2021,Maha,Brinjal,10/11/2021,1,1/20/2022,5400,5400
HAM_0156,Hambantota,2021,Maha,Brinjal,10/17/2021,4.5,2/6/2022,5600,25200
HAM_0157,Hambantota,2021,Maha,Brinjal,11/20/2021,4.5,3/7/2022,5700,25650
HAM_0158,Hambantota,2021,Maha,Brinjal,11/28/2021,4.5,3/13/2022,5700,25650
HAM_0159,Hambantota,2021,Maha,Brinjal,11/2/2021,4.5,2/19/2022,6400,28800
HAM_0160,Hambantota,2021,Maha,Brinjal,10/28/2021,1,2/14/2022,6050,6050
HAM_0161,Hambantota,2021,Maha,Brinjal,10/28/2021,1.5,2/25/2022,5850,8775
HAM_0162,Hambantota,2021,Maha,Pumpkin,10/18/2021,2,1/16/2022,7250,14500
HAM_0163,Hambantota,2021,Maha,Pumpkin,11/8/2021,1,3/4/2022,6250,6250
HAM_0164,Hambantota,2021,Maha,Pumpkin,10/23/2021,1,2/12/2022,7100,7100
HAM_0165,Hambantota,2021,Maha,Pumpkin,11/15/2021,1.5,2/23/2022,6700,10050
HAM_0166,Hambantota,2021,Maha,Pumpkin,11/18/2021,4.5,3/15/2022,8400,37800
HAM_0167,Hambantota,2021,Maha,Pumpkin,11/1/2021,0.5,1/30/2022,7100,3550
HAM_0168,Hambantota,2021,Maha,Pumpkin,10/21/2021,2,1/25/2022,8000,16000
HAM_0169,Hambantota,2021,Maha,Pumpkin,10/9/2021,0.5,1/18/2022,5850,2925
HAM_0170,Hambantota,2021,Maha,Pumpkin,11/9/2021,1,2/12/2022,7550,7550
HAM_0171,Hambantota,2021,Maha,Pumpkin,11/6/2021,2,2/11/2022,7000,14000
HAM_0172,Hambantota,2021,Maha,Chillies,10/22/2021,0.5,3/6/2022,1200,600
HAM_0173,Hambantota,2021,Maha,Chillies,11/22/2021,0.5,3/31/2022,1150,575
HAM_0174,Hambantota,2021,Maha,Chillies,11/30/2021,4.5,3/31/2022,1000,4500
HAM_0175,Hambantota,2021,Maha,Chillies,10/23/2021,4,3/2/2022,1100,4400
HAM_0176,Hambantota,2021,Maha,Chillies,11/6/2021,2,3/10/2022,1450,2900
HAM_0177,Hambantota,2021,Maha,Chillies,10/5/2021,0.5,2/3/2022,1300,650
HAM_0178,Hambantota,2021,Maha,Chillies,11/4/2021,2,3/7/2022,1250,2500
HAM_0179,Hambantota,2021,Maha,Chillies,11/27/2021,3.5,3/29/2022,1350,4725
HAM_0180,Hambantota,2021,Maha,Chillies,11/5/2021,4.5,3/20/2022,1200,5400
HAM_0181,Hambantota,2021,Maha,Chillies,10/7/2021,2,2/17/2022,1200,2400
HAM_0182,Hambantota,2021,Yala,Mung Beans,4/8/2021,1.5,6/21/2021,350,525
HAM_0183,Hambantota,2021,Yala,Mung Beans,5/30/2021,1,8/22/2021,300,300
HAM_0184,Hambantota,2021,Yala,Mung Beans,5/22/2021,3.5,8/1/2021,350,1225
HAM_0185,Hambantota,2021,Yala,Mung Beans,4/28/2021,1.5,7/11/2021,300,450
HAM_0186,Hambantota,2021,Yala,Mung Beans,4/26/2021,4.5,7/8/2021,350,1575
HAM_0187,Hambantota,2021,Yala,Mung Beans,4/27/2021,4,7/1/2021,350,1400
HAM_0188,Hambantota,2021,Yala,Mung Beans,5/20/2021,3.5,7/30/2021,350,1225
HAM_0189,Hambantota,2021,Yala,Mung Beans,5/3/2021,1.5,7/21/2021,350,525
HAM_0190,Hambantota,2021,Yala,Mung Beans,5/1/2021,3.5,7/17/2021,400,1400
HAM_0191,Hambantota,2021,Yala,Mung Beans,4/5/2021,0.5,6/30/2021,400,200
HAM_0192,Hambantota,2021,Yala,Corn,5/18/2021,0.5,9/12/2021,750,375
HAM_0193,Hambantota,2021,Yala,Corn,4/30/2021,1,8/10/2021,550,550
HAM_0194,Hambantota,2021,Yala,Corn,5/23/2021,4.5,9/15/2021,700,3150
HAM_0195,Hambantota,2021,Yala,Corn,4/1/2021,0.5,7/24/2021,650,325
HAM_0196,Hambantota,2021,Yala,Corn,4/4/2021,4.5,7/23/2021,600,2700
HAM_0197,Hambantota,2021,Yala,Corn,4/6/2021,1,7/26/2021,650,650
HAM_0198,Hambantota,2021,Yala,Corn,4/12/2021,0.5,8/7/2021,700,350
HAM_0199,Hambantota,2021,Yala,Corn,5/29/2021,1,9/15/2021,700,700
HAM_0200,Hambantota,2021,Yala,Corn,4/19/2021,3.5,8/13/2021,700,2450
HAM_0201,Hambantota,2021,Yala,Corn,4/12/2021,3.5,7/24/2021,800,2800
HAM_0202,Hambantota,2021,Yala,Bandakka,5/3/2021,3.5,7/12/2021,4900,17150
HAM_0203,Hambantota,2021,Yala,Bandakka,5/3/2021,4,7/12/2021,5450,21800
HAM_0204,Hambantota,2021,Yala,Bandakka,5/9/2021,4.5,7/10/2021,3800,17100
HAM_0205,Hambantota,2021,Yala,Bandakka,5/25/2021,0.5,7/31/2021,4350,2175
HAM_0206,Hambantota,2021,Yala,Bandakka,4/24/2021,1,6/26/2021,4050,4050
HAM_0207,Hambantota,2021,Yala,Bandakka,5/13/2021,0.5,7/20/2021,4550,2275
HAM_0208,Hambantota,2021,Yala,Bandakka,4/24/2021,4,6/28/2021,5200,20800
HAM_0209,Hambantota,2021,Yala,Bandakka,5/26/2021,2,8/4/2021,4700,9400
HAM_0210,Hambantota,2021,Yala,Bandakka,4/10/2021,3.5,6/10/2021,4600,16100
HAM_0211,Hambantota,2021,Yala,Bandakka,4/14/2021,3.5,6/17/2021,4600,16100
HAM_0212,Hambantota,2021,Yala,Brinjal,5/6/2021,2,8/14/2021,4900,9800
HAM_0213,Hambantota,2021,Yala,Brinjal,4/11/2021,1.5,8/2/2021,5450,8175
HAM_0214,Hambantota,2021,Yala,Brinjal,4/2/2021,0.5,7/29/2021,5900,2950
HAM_0215,Hambantota,2021,Yala,Brinjal,5/10/2021,0.5,8/29/2021,5200,2600
HAM_0216,Hambantota,2021,Yala,Brinjal,5/5/2021,4.5,8/15/2021,5550,24975
HAM_0217,Hambantota,2021,Yala,Brinjal,5/4/2021,4.5,8/15/2021,4550,20475
HAM_0218,Hambantota,2021,Yala,Brinjal,4/1/2021,2,7/21/2021,6200,12400
HAM_0219,Hambantota,2021,Yala,Brinjal,4/7/2021,4,7/16/2021,5650,22600
HAM_0220,Hambantota,2021,Yala,Brinjal,4/19/2021,3.5,8/17/2021,6550,22925
HAM_0221,Hambantota,2021,Yala,Brinjal,5/10/2021,2,8/20/2021,5550,11100
HAM_0222,Hambantota,2021,Yala,Pumpkin,5/22/2021,1.5,9/15/2021,7600,11400
HAM_0223,Hambantota,2021,Yala,Pumpkin,4/9/2021,3.5,7/17/2021,7200,25200
HAM_0224,Hambantota,2021,Yala,Pumpkin,5/22/2021,2,9/12/2021,5550,11100
HAM_0225,Hambantota,2021,Yala,Pumpkin,5/13/2021,2,8/25/2021,5950,11900
HAM_0226,Hambantota,2021,Yala,Pumpkin,4/10/2021,2,7/22/2021,6650,13300
HAM_0227,Hambantota,2021,Yala,Pumpkin,4/24/2021,4.5,7/24/2021,6900,31050
HAM_0228,Hambantota,2021,Yala,Pumpkin,5/30/2021,0.5,9/11/2021,6800,3400
HAM_0229,Hambantota,2021,Yala,Pumpkin,4/4/2021,2,7/11/2021,6800,13600
HAM_0230,Hambantota,2021,Yala,Pumpkin,5/26/2021,4,9/9/2021,8000,32000
HAM_0231,Hambantota,2021,Yala,Pumpkin,5/10/2021,3.5,8/14/2021,6400,22400
HAM_0232,Hambantota,2021,Yala,Chillies,5/1/2021,3.5,9/20/2021,1200,4200
HAM_0233,Hambantota,2021,Yala,Chillies,5/17/2021,4,9/28/2021,1450,5800
HAM_0234,Hambantota,2021,Yala,Chillies,5/5/2021,3.5,9/5/2021,1300,4550
HAM_0235,Hambantota,2021,Yala,Chillies,5/12/2021,1.5,9/19/2021,1350,2025
HAM_0236,Hambantota,2021,Yala,Chillies,5/12/2021,1,9/19/2021,1400,1400
HAM_0237,Hambantota,2021,Yala,Chillies,5/28/2021,2,10/3/2021,1500,3000
HAM_0238,Hambantota,2021,Yala,Chillies,4/10/2021,2,8/18/2021,1100,2200
HAM_0239,Hambantota,2021,Yala,Chillies,4/1/2021,1.5,8/22/2021,1600,2400
HAM_0240,Hambantota,2021,Yala,Chillies,5/13/2021,1.5,10/3/2021,1350,2025
HAM_0241,Hambantota,2021,Yala,Chillies,5/7/2021,3.5,9/20/2021,1250,4375
HAM_0242,Hambantota,2022,Maha,Mung Beans,10/4/2022,1,12/14/2022,400,400
HAM_0243,Hambantota,2022,Maha,Mung Beans,10/10/2022,4.5,1/8/2023,450,2025
HAM_0244,Hambantota,2022,Maha,Mung Beans,10/27/2022,4.5,1/3/2023,400,1800
HAM_0245,Hambantota,2022,Maha,Mung Beans,10/10/2022,1,12/24/2022,400,400
HAM_0246,Hambantota,2022,Maha,Mung Beans,11/24/2022,2,2/22/2023,350,700
HAM_0247,Hambantota,2022,Maha,Mung Beans,10/24/2022,3.5,1/3/2023,350,1225
HAM_0248,Hambantota,2022,Maha,Mung Beans,10/16/2022,3.5,12/26/2022,450,1575
HAM_0249,Hambantota,2022,Maha,Mung Beans,10/17/2022,3.5,1/10/2023,400,1400
HAM_0250,Hambantota,2022,Maha,Mung Beans,10/19/2022,0.5,1/9/2023,400,200
HAM_0251,Hambantota,2022,Maha,Mung Beans,11/17/2022,1.5,1/29/2023,400,600
HAM_0252,Hambantota,2022,Maha,Corn,11/23/2022,3.5,3/20/2023,850,2975
HAM_0253,Hambantota,2022,Maha,Corn,11/9/2022,0.5,2/24/2023,650,325
HAM_0254,Hambantota,2022,Maha,Corn,10/7/2022,2,1/18/2023,900,1800
HAM_0255,Hambantota,2022,Maha,Corn,11/6/2022,0.5,2/14/2023,750,375
HAM_0256,Hambantota,2022,Maha,Corn,11/22/2022,4.5,3/16/2023,700,3150
HAM_0257,Hambantota,2022,Maha,Corn,10/31/2022,3.5,2/11/2023,900,3150
HAM_0258,Hambantota,2022,Maha,Corn,11/7/2022,4,2/23/2023,800,3200
HAM_0259,Hambantota,2022,Maha,Corn,11/8/2022,1.5,3/8/2023,800,1200
HAM_0260,Hambantota,2022,Maha,Corn,10/7/2022,1.5,1/30/2023,750,1125
HAM_0261,Hambantota,2022,Maha,Corn,11/24/2022,2,3/14/2023,800,1600
HAM_0262,Hambantota,2022,Maha,Bandakka,11/8/2022,1,1/16/2023,5100,5100
HAM_0263,Hambantota,2022,Maha,Bandakka,10/16/2022,0.5,12/15/2022,5100,2550
HAM_0264,Hambantota,2022,Maha,Bandakka,11/26/2022,0.5,1/27/2023,4800,2400
HAM_0265,Hambantota,2022,Maha,Bandakka,10/15/2022,2,12/14/2022,4200,8400
HAM_0266,Hambantota,2022,Maha,Bandakka,10/5/2022,0.5,12/5/2022,4500,2250
HAM_0267,Hambantota,2022,Maha,Bandakka,11/4/2022,4,1/13/2023,5000,20000
HAM_0268,Hambantota,2022,Maha,Bandakka,10/10/2022,4,12/17/2022,5700,22800
HAM_0269,Hambantota,2022,Maha,Bandakka,10/5/2022,1,12/6/2022,5200,5200
HAM_0270,Hambantota,2022,Maha,Bandakka,10/14/2022,4,12/23/2022,6000,24000
HAM_0271,Hambantota,2022,Maha,Bandakka,11/29/2022,0.5,2/6/2023,5400,2700
HAM_0272,Hambantota,2022,Maha,Brinjal,11/29/2022,3.5,3/14/2023,5050,17675
HAM_0273,Hambantota,2022,Maha,Brinjal,11/17/2022,3.5,3/12/2023,4500,15750
HAM_0274,Hambantota,2022,Maha,Brinjal,11/30/2022,3.5,3/13/2023,4850,16975
HAM_0275,Hambantota,2022,Maha,Brinjal,10/31/2022,0.5,2/17/2023,4200,2100
HAM_0276,Hambantota,2022,Maha,Brinjal,10/28/2022,4.5,2/10/2023,5150,23175
HAM_0277,Hambantota,2022,Maha,Brinjal,11/9/2022,0.5,3/4/2023,5250,2625
HAM_0278,Hambantota,2022,Maha,Brinjal,11/5/2022,1.5,2/23/2023,5750,8625
HAM_0279,Hambantota,2022,Maha,Brinjal,10/7/2022,4.5,1/26/2023,6050,27225
HAM_0280,Hambantota,2022,Maha,Brinjal,11/9/2022,4.5,3/6/2023,5450,24525
HAM_0281,Hambantota,2022,Maha,Brinjal,11/29/2022,4.5,3/10/2023,5150,23175
HAM_0282,Hambantota,2022,Maha,Pumpkin,11/22/2022,1,3/5/2023,1400,1400
HAM_0283,Hambantota,2022,Maha,Pumpkin,11/30/2022,1.5,3/25/2023,1700,2550
HAM_0284,Hambantota,2022,Maha,Pumpkin,11/2/2022,2,2/8/2023,1550,3100
HAM_0285,Hambantota,2022,Maha,Pumpkin,11/9/2022,1,2/10/2023,1800,1800
HAM_0286,Hambantota,2022,Maha,Pumpkin,11/18/2022,2,3/2/2023,1900,3800
HAM_0287,Hambantota,2022,Maha,Pumpkin,11/4/2022,4.5,2/3/2023,1300,5850
HAM_0288,Hambantota,2022,Maha,Pumpkin,11/27/2022,2,3/7/2023,1650,3300
HAM_0289,Hambantota,2022,Maha,Pumpkin,11/25/2022,0.5,3/8/2023,1600,800
HAM_0290,Hambantota,2022,Maha,Pumpkin,10/21/2022,4.5,2/13/2023,1500,6750
HAM_0291,Hambantota,2022,Maha,Pumpkin,10/21/2022,1.5,2/14/2023,1600,2400
HAM_0292,Hambantota,2022,Maha,Chillies,11/28/2022,3.5,4/22/2023,1000,3500
HAM_0293,Hambantota,2022,Maha,Chillies,10/8/2022,2,2/17/2023,1050,2100
HAM_0294,Hambantota,2022,Maha,Chillies,11/23/2022,4.5,4/10/2023,1200,5400
HAM_0295,Hambantota,2022,Maha,Chillies,10/5/2022,4,2/20/2023,1400,5600
HAM_0296,Hambantota,2022,Maha,Chillies,10/2/2022,4,2/22/2023,1200,4800
HAM_0297,Hambantota,2022,Maha,Chillies,11/24/2022,4,4/15/2023,1200,4800
HAM_0298,Hambantota,2022,Maha,Chillies,10/14/2022,4.5,2/21/2023,1150,5175
HAM_0299,Hambantota,2022,Maha,Chillies,11/25/2022,1,4/1/2023,1100,1100
HAM_0300,Hambantota,2022,Maha,Chillies,11/11/2022,4.5,3/18/2023,1350,6075
HAM_0301,Hambantota,2022,Maha,Chillies,10/4/2022,0.5,2/6/2023,1250,625
HAM_0302,Hambantota,2022,Yala,Mung Beans,4/15/2022,1,6/14/2022,300,300
HAM_0303,Hambantota,2022,Yala,Mung Beans,4/28/2022,2,6/30/2022,300,600
HAM_0304,Hambantota,2022,Yala,Mung Beans,4/15/2022,4.5,7/8/2022,350,1575
HAM_0305,Hambantota,2022,Yala,Mung Beans,4/26/2022,1.5,7/5/2022,250,375
HAM_0306,Hambantota,2022,Yala,Mung Beans,4/4/2022,0.5,6/20/2022,300,150
HAM_0307,Hambantota,2022,Yala,Mung Beans,5/27/2022,0.5,8/16/2022,350,175
HAM_0308,Hambantota,2022,Yala,Mung Beans,4/12/2022,1,7/3/2022,300,300
HAM_0309,Hambantota,2022,Yala,Mung Beans,5/17/2022,0.5,8/13/2022,350,175
HAM_0310,Hambantota,2022,Yala,Mung Beans,4/4/2022,4,6/26/2022,300,1200
HAM_0311,Hambantota,2022,Yala,Mung Beans,5/20/2022,0.5,8/18/2022,400,200
HAM_0312,Hambantota,2022,Yala,Mung Beans,4/2/2022,4.5,6/20/2022,300,1350
HAM_0313,Hambantota,2022,Yala,Corn,5/24/2022,1.5,9/1/2022,700,1050
HAM_0314,Hambantota,2022,Yala,Corn,5/2/2022,3.5,8/11/2022,700,2450
HAM_0315,Hambantota,2022,Yala,Corn,4/16/2022,0.5,8/1/2022,600,300
HAM_0316,Hambantota,2022,Yala,Corn,5/26/2022,4,9/23/2022,700,2800
HAM_0317,Hambantota,2022,Yala,Corn,4/8/2022,4.5,7/17/2022,750,3375
HAM_0318,Hambantota,2022,Yala,Corn,4/21/2022,3.5,8/6/2022,700,2450
HAM_0319,Hambantota,2022,Yala,Corn,4/16/2022,0.5,8/2/2022,850,425
HAM_0320,Hambantota,2022,Yala,Corn,5/28/2022,1,9/16/2022,750,750
HAM_0321,Hambantota,2022,Yala,Corn,4/17/2022,2,8/6/2022,650,1300
HAM_0322,Hambantota,2022,Yala,Corn,4/20/2022,1.5,8/13/2022,800,1200
HAM_0323,Hambantota,2022,Yala,Bandakka,5/2/2022,1,7/1/2022,4800,4800
HAM_0324,Hambantota,2022,Yala,Bandakka,5/28/2022,1.5,8/6/2022,4500,6750
HAM_0325,Hambantota,2022,Yala,Bandakka,4/5/2022,1,6/5/2022,4450,4450
HAM_0326,Hambantota,2022,Yala,Bandakka,4/8/2022,4.5,6/9/2022,3950,17775
HAM_0327,Hambantota,2022,Yala,Bandakka,5/16/2022,1,7/17/2022,5050,5050
HAM_0328,Hambantota,2022,Yala,Bandakka,4/22/2022,0.5,7/1/2022,4500,2250
HAM_0329,Hambantota,2022,Yala,Bandakka,5/12/2022,3.5,7/15/2022,4250,14875
HAM_0330,Hambantota,2022,Yala,Bandakka,4/1/2022,3.5,6/10/2022,4600,16100
HAM_0331,Hambantota,2022,Yala,Bandakka,5/21/2022,2,7/30/2022,5350,10700
HAM_0332,Hambantota,2022,Yala,Bandakka,5/5/2022,0.5,7/12/2022,3700,1850
HAM_0333,Hambantota,2022,Yala,Brinjal,4/25/2022,2,8/13/2022,5900,11800
HAM_0334,Hambantota,2022,Yala,Brinjal,5/15/2022,1.5,9/11/2022,5300,7950
HAM_0335,Hambantota,2022,Yala,Brinjal,5/19/2022,0.5,9/13/2022,5650,2825
HAM_0336,Hambantota,2022,Yala,Brinjal,4/19/2022,4,8/12/2022,6700,26800
HAM_0337,Hambantota,2022,Yala,Brinjal,5/17/2022,1,9/4/2022,6350,6350
HAM_0338,Hambantota,2022,Yala,Brinjal,4/14/2022,4,7/27/2022,7100,28400
HAM_0339,Hambantota,2022,Yala,Brinjal,5/10/2022,1,8/29/2022,6100,6100
HAM_0340,Hambantota,2022,Yala,Brinjal,4/20/2022,1,8/9/2022,4900,4900
HAM_0341,Hambantota,2022,Yala,Brinjal,4/23/2022,1.5,8/7/2022,6000,9000
HAM_0342,Hambantota,2022,Yala,Brinjal,4/9/2022,1,8/4/2022,6000,6000
HAM_0343,Hambantota,2022,Yala,Pumpkin,5/6/2022,4.5,8/26/2022,7250,32625
HAM_0344,Hambantota,2022,Yala,Pumpkin,5/29/2022,4.5,9/23/2022,5600,25200
HAM_0345,Hambantota,2022,Yala,Pumpkin,4/3/2022,4.5,7/2/2022,6700,30150
HAM_0346,Hambantota,2022,Yala,Pumpkin,4/14/2022,4,8/7/2022,6950,27800
HAM_0347,Hambantota,2022,Yala,Pumpkin,4/28/2022,2,8/24/2022,7650,15300
HAM_0348,Hambantota,2022,Yala,Pumpkin,4/11/2022,0.5,7/13/2022,8050,4025
HAM_0349,Hambantota,2022,Yala,Pumpkin,4/24/2022,3.5,8/10/2022,6800,23800
HAM_0350,Hambantota,2022,Yala,Pumpkin,5/1/2022,1,8/4/2022,6800,6800
HAM_0351,Hambantota,2022,Yala,Pumpkin,4/24/2022,4.5,7/24/2022,6400,28800
HAM_0352,Hambantota,2022,Yala,Pumpkin,4/23/2022,4.5,7/31/2022,6000,27000
HAM_0353,Hambantota,2022,Yala,Chillies,5/30/2022,0.5,10/17/2022,950,475
HAM_0354,Hambantota,2022,Yala,Chillies,4/18/2022,4.5,9/7/2022,1200,5400
HAM_0355,Hambantota,2022,Yala,Chillies,4/19/2022,1.5,8/19/2022,1100,1650
HAM_0356,Hambantota,2022,Yala,Chillies,4/16/2022,4,8/28/2022,1200,4800
HAM_0357,Hambantota,2022,Yala,Chillies,5/19/2022,1.5,10/6/2022,1050,1575
HAM_0358,Hambantota,2022,Yala,Chillies,5/15/2022,4,9/13/2022,1300,5200
HAM_0359,Hambantota,2022,Yala,Chillies,4/6/2022,0.5,8/21/2022,1200,600
HAM_0360,Hambantota,2022,Yala,Chillies,4/25/2022,3.5,9/19/2022,1150,4025
HAM_0361,Hambantota,2022,Yala,Chillies,4/18/2022,3.5,8/25/2022,1250,4375
HAM_0362,Hambantota,2022,Yala,Chillies,4/5/2022,1.5,8/8/2022,1400,2100
HAM_0363,Hambantota,2023,Maha,Mung Beans,10/27/2023,4.5,1/12/2024,300,1350
HAM_0364,Hambantota,2023,Maha,Mung Beans,10/20/2023,3.5,1/17/2024,400,1400
HAM_0365,Hambantota,2023,Maha,Mung Beans,10/11/2023,3.5,12/31/2023,400,1400
HAM_0366,Hambantota,2023,Maha,Mung Beans,10/19/2023,4.5,12/31/2023,350,1575
HAM_0367,Hambantota,2023,Maha,Mung Beans,11/27/2023,4.5,2/14/2024,400,1800
HAM_0368,Hambantota,2023,Maha,Mung Beans,11/20/2023,3.5,1/24/2024,350,1225
HAM_0369,Hambantota,2023,Maha,Mung Beans,11/17/2023,3.5,1/31/2024,350,1225
HAM_0370,Hambantota,2023,Maha,Mung Beans,10/5/2023,3.5,12/26/2023,450,1575
HAM_0371,Hambantota,2023,Maha,Mung Beans,11/13/2023,4,1/28/2024,400,1600
HAM_0372,Hambantota,2023,Maha,Mung Beans,11/10/2023,1.5,1/22/2024,400,600
HAM_0373,Hambantota,2023,Maha,Corn,11/28/2023,0.5,3/21/2024,600,300
HAM_0374,Hambantota,2023,Maha,Corn,11/24/2023,0.5,3/12/2024,500,250
HAM_0375,Hambantota,2023,Maha,Corn,11/6/2023,0.5,2/28/2024,700,350
HAM_0376,Hambantota,2023,Maha,Corn,10/8/2023,0.5,1/26/2024,550,275
HAM_0377,Hambantota,2023,Maha,Corn,11/27/2023,4,3/21/2024,550,2200
HAM_0378,Hambantota,2023,Maha,Corn,10/29/2023,2,2/8/2024,600,1200
HAM_0379,Hambantota,2023,Maha,Corn,10/23/2023,0.5,2/2/2024,600,300
HAM_0380,Hambantota,2023,Maha,Corn,11/17/2023,0.5,2/28/2024,600,300
HAM_0381,Hambantota,2023,Maha,Corn,10/1/2023,1.5,1/19/2024,650,975
HAM_0382,Hambantota,2023,Maha,Corn,10/11/2023,0.5,1/26/2024,650,325
HAM_0383,Hambantota,2023,Maha,Bandakka,11/11/2023,2,1/15/2024,4900,9800
HAM_0384,Hambantota,2023,Maha,Bandakka,10/22/2023,1.5,12/30/2023,4500,6750
HAM_0385,Hambantota,2023,Maha,Bandakka,10/12/2023,1.5,12/21/2023,5150,7725
HAM_0386,Hambantota,2023,Maha,Bandakka,11/4/2023,4.5,1/4/2024,4700,21150
HAM_0387,Hambantota,2023,Maha,Bandakka,10/1/2023,4.5,12/3/2023,3800,17100
HAM_0388,Hambantota,2023,Maha,Bandakka,10/20/2023,3.5,12/20/2023,4050,14175
HAM_0389,Hambantota,2023,Maha,Bandakka,11/30/2023,1,2/3/2024,4600,4600
HAM_0390,Hambantota,2023,Maha,Bandakka,11/30/2023,2,2/6/2024,4600,9200
HAM_0391,Hambantota,2023,Maha,Bandakka,10/1/2023,1,12/1/2023,4350,4350
HAM_0392,Hambantota,2023,Maha,Bandakka,11/8/2023,1.5,1/9/2024,5450,8175
HAM_0393,Hambantota,2023,Maha,Brinjal,11/15/2023,2,3/9/2024,4500,9000
HAM_0394,Hambantota,2023,Maha,Brinjal,10/22/2023,4,2/10/2024,5100,20400
HAM_0395,Hambantota,2023,Maha,Brinjal,10/13/2023,4,2/4/2024,4800,19200
HAM_0396,Hambantota,2023,Maha,Brinjal,11/26/2023,1,3/19/2024,6000,6000
HAM_0397,Hambantota,2023,Maha,Brinjal,10/24/2023,1.5,2/19/2024,5200,7800
HAM_0398,Hambantota,2023,Maha,Brinjal,11/12/2023,2,3/7/2024,5400,10800
HAM_0399,Hambantota,2023,Maha,Brinjal,10/15/2023,4,2/2/2024,5700,22800
HAM_0400,Hambantota,2023,Maha,Brinjal,11/9/2023,2,3/3/2024,4200,8400
HAM_0401,Hambantota,2023,Maha,Brinjal,10/18/2023,2,2/9/2024,5000,10000
HAM_0402,Hambantota,2023,Maha,Brinjal,11/26/2023,4,3/12/2024,5100,20400
HAM_0403,Hambantota,2023,Maha,Pumpkin,11/28/2023,1.5,3/11/2024,6150,9225
HAM_0404,Hambantota,2023,Maha,Pumpkin,10/21/2023,3.5,1/20/2024,7400,25900
HAM_0405,Hambantota,2023,Maha,Pumpkin,10/1/2023,4,1/28/2024,7000,28000
HAM_0406,Hambantota,2023,Maha,Pumpkin,11/2/2023,4,3/1/2024,6850,27400
HAM_0407,Hambantota,2023,Maha,Pumpkin,10/28/2023,4.5,2/24/2024,7150,32175
HAM_0408,Hambantota,2023,Maha,Pumpkin,11/28/2023,4.5,3/26/2024,6550,29475
HAM_0409,Hambantota,2023,Maha,Pumpkin,11/2/2023,1.5,2/24/2024,5750,8625
HAM_0410,Hambantota,2023,Maha,Pumpkin,10/19/2023,0.5,1/30/2024,7850,3925
HAM_0411,Hambantota,2023,Maha,Pumpkin,11/22/2023,2,2/27/2024,7000,14000
HAM_0412,Hambantota,2023,Maha,Pumpkin,10/14/2023,0.5,1/31/2024,8250,4125
HAM_0413,Hambantota,2023,Maha,Chillies,11/10/2023,2,3/24/2024,850,1700
HAM_0414,Hambantota,2023,Maha,Chillies,10/26/2023,3.5,3/14/2024,900,3150
HAM_0415,Hambantota,2023,Maha,Chillies,10/4/2023,2,2/27/2024,800,1600
HAM_0416,Hambantota,2023,Maha,Chillies,10/23/2023,1.5,3/9/2024,950,1425
HAM_0417,Hambantota,2023,Maha,Chillies,11/20/2023,3.5,3/31/2024,950,3325
HAM_0418,Hambantota,2023,Maha,Chillies,10/30/2023,0.5,3/5/2024,1100,550
HAM_0419,Hambantota,2023,Maha,Chillies,11/5/2023,3.5,3/9/2024,1150,4025
HAM_0420,Hambantota,2023,Maha,Chillies,11/12/2023,2,3/19/2024,1000,2000
HAM_0421,Hambantota,2023,Maha,Chillies,11/11/2023,4,4/1/2024,1000,4000
HAM_0422,Hambantota,2023,Maha,Chillies,10/9/2023,3.5,2/6/2024,950,3325
HAM_0423,Hambantota,2023,Yala,Mung Beans,5/12/2023,1,7/13/2023,250,250
HAM_0424,Hambantota,2023,Yala,Mung Beans,5/23/2023,1,7/27/2023,300,300
HAM_0425,Hambantota,2023,Yala,Mung Beans,5/18/2023,4,8/12/2023,300,1200
HAM_0426,Hambantota,2023,Yala,Mung Beans,5/26/2023,4,7/31/2023,350,1400
HAM_0427,Hambantota,2023,Yala,Mung Beans,4/24/2023,1.5,6/29/2023,300,450
HAM_0428,Hambantota,2023,Yala,Mung Beans,5/19/2023,0.5,7/31/2023,300,150
HAM_0429,Hambantota,2023,Yala,Mung Beans,4/15/2023,3.5,6/19/2023,350,1225
HAM_0430,Hambantota,2023,Yala,Mung Beans,5/5/2023,0.5,7/5/2023,400,200
HAM_0431,Hambantota,2023,Yala,Mung Beans,4/13/2023,0.5,6/12/2023,350,175
HAM_0432,Hambantota,2023,Yala,Mung Beans,5/24/2023,1,8/1/2023,300,300
HAM_0433,Hambantota,2023,Yala,Corn,4/25/2023,3.5,8/19/2023,650,2275
HAM_0434,Hambantota,2023,Yala,Corn,5/30/2023,0.5,9/17/2023,550,275
HAM_0435,Hambantota,2023,Yala,Corn,4/24/2023,4.5,8/17/2023,550,2475
HAM_0436,Hambantota,2023,Yala,Corn,4/21/2023,1.5,8/11/2023,650,975
HAM_0437,Hambantota,2023,Yala,Corn,5/21/2023,4.5,8/29/2023,450,2025
HAM_0438,Hambantota,2023,Yala,Corn,4/30/2023,1,8/14/2023,600,600
HAM_0439,Hambantota,2023,Yala,Corn,5/4/2023,0.5,8/30/2023,550,275
HAM_0440,Hambantota,2023,Yala,Corn,5/3/2023,1,8/24/2023,500,500
HAM_0441,Hambantota,2023,Yala,Corn,5/10/2023,2,8/28/2023,550,1100
HAM_0442,Hambantota,2023,Yala,Corn,4/30/2023,0.5,8/27/2023,500,250
HAM_0443,Hambantota,2023,Yala,Bandakka,4/14/2023,4.5,6/17/2023,3950,17775
HAM_0444,Hambantota,2023,Yala,Bandakka,4/29/2023,0.5,6/30/2023,4700,2350
HAM_0445,Hambantota,2023,Yala,Bandakka,5/10/2023,4,7/11/2023,4200,16800
HAM_0446,Hambantota,2023,Yala,Bandakka,5/1/2023,3.5,7/3/2023,3700,12950
HAM_0447,Hambantota,2023,Yala,Bandakka,5/30/2023,1,8/7/2023,4450,4450
HAM_0448,Hambantota,2023,Yala,Bandakka,5/8/2023,1,7/14/2023,3450,3450
HAM_0449,Hambantota,2023,Yala,Bandakka,5/3/2023,1,7/2/2023,5000,5000
HAM_0450,Hambantota,2023,Yala,Bandakka,5/6/2023,4.5,7/7/2023,4300,19350
HAM_0451,Hambantota,2023,Yala,Bandakka,4/27/2023,4.5,7/6/2023,4150,18675
HAM_0452,Hambantota,2023,Yala,Bandakka,5/10/2023,1,7/14/2023,4200,4200
HAM_0453,Hambantota,2023,Yala,Brinjal,5/1/2023,4,8/15/2023,5750,23000
HAM_0454,Hambantota,2023,Yala,Brinjal,4/1/2023,1.5,7/27/2023,6950,10425
HAM_0455,Hambantota,2023,Yala,Brinjal,5/25/2023,1.5,9/9/2023,5200,7800
HAM_0456,Hambantota,2023,Yala,Brinjal,5/16/2023,4.5,8/29/2023,6600,29700
HAM_0457,Hambantota,2023,Yala,Brinjal,4/1/2023,1.5,7/15/2023,5550,8325
HAM_0458,Hambantota,2023,Yala,Brinjal,5/18/2023,1,9/7/2023,6000,6000
HAM_0459,Hambantota,2023,Yala,Brinjal,4/1/2023,4,7/14/2023,6250,25000
HAM_0460,Hambantota,2023,Yala,Brinjal,5/13/2023,4,9/1/2023,4850,19400
HAM_0461,Hambantota,2023,Yala,Brinjal,5/16/2023,0.5,9/13/2023,5900,2950
HAM_0462,Hambantota,2023,Yala,Brinjal,5/4/2023,2,8/12/2023,5900,11800
HAM_0463,Hambantota,2023,Yala,Pumpkin,5/19/2023,4.5,9/9/2023,6700,30150
HAM_0464,Hambantota,2023,Yala,Pumpkin,5/4/2023,0.5,8/2/2023,6850,3425
HAM_0465,Hambantota,2023,Yala,Pumpkin,4/7/2023,1.5,7/25/2023,5900,8850
HAM_0466,Hambantota,2023,Yala,Pumpkin,4/2/2023,1.5,7/19/2023,7100,10650
HAM_0467,Hambantota,2023,Yala,Pumpkin,4/15/2023,3.5,7/27/2023,7900,27650
HAM_0468,Hambantota,2023,Yala,Pumpkin,4/30/2023,4.5,8/23/2023,5500,24750
HAM_0469,Hambantota,2023,Yala,Pumpkin,5/22/2023,1.5,9/13/2023,6550,9825
HAM_0470,Hambantota,2023,Yala,Pumpkin,5/17/2023,4.5,9/9/2023,6300,28350
HAM_0471,Hambantota,2023,Yala,Pumpkin,4/10/2023,4,8/6/2023,6700,26800
HAM_0472,Hambantota,2023,Yala,Pumpkin,4/24/2023,3.5,8/18/2023,7500,26250
HAM_0473,Hambantota,2023,Yala,Chillies,4/12/2023,0.5,8/24/2023,900,450
HAM_0474,Hambantota,2023,Yala,Chillies,5/10/2023,4.5,10/4/2023,1300,5850
HAM_0475,Hambantota,2023,Yala,Chillies,4/24/2023,4,9/16/2023,1150,4600
HAM_0476,Hambantota,2023,Yala,Chillies,5/22/2023,0.5,10/7/2023,1200,600
HAM_0477,Hambantota,2023,Yala,Chillies,5/27/2023,1,10/9/2023,1000,1000
HAM_0478,Hambantota,2023,Yala,Chillies,5/11/2023,0.5,9/26/2023,1250,625
HAM_0479,Hambantota,2023,Yala,Chillies,4/16/2023,0.5,8/29/2023,1100,550
HAM_0480,Hambantota,2023,Yala,Chillies,5/15/2023,1,10/6/2023,1100,1100
HAM_0481,Hambantota,2023,Yala,Chillies,4/1/2023,1.5,8/16/2023,1100,1650
HAM_0482,Hambantota,2023,Yala,Chillies,4/10/2023,4,8/28/2023,1050,4200
HAM_0483,Hambantota,2024,Maha,Mung Beans,10/18/2024,1.5,12/23/2024,350,525
HAM_0484,Hambantota,2024,Maha,Mung Beans,11/3/2024,4.5,1/13/2025,450,2025
HAM_0485,Hambantota,2024,Maha,Mung Beans,11/10/2024,0.5,1/23/2025,400,200
HAM_0486,Hambantota,2024,Maha,Mung Beans,11/8/2024,2,1/27/2025,350,700
HAM_0487,Hambantota,2024,Maha,Mung Beans,10/8/2024,3.5,12/20/2024,400,1400
HAM_0488,Hambantota,2024,Maha,Mung Beans,11/26/2024,1.5,2/21/2025,400,600
HAM_0489,Hambantota,2024,Maha,Mung Beans,10/13/2024,2,1/2/2025,300,600
HAM_0490,Hambantota,2024,Maha,Mung Beans,10/1/2024,4,12/3/2024,400,1600
HAM_0491,Hambantota,2024,Maha,Mung Beans,11/12/2024,4.5,2/2/2025,350,1575
HAM_0492,Hambantota,2024,Maha,Mung Beans,11/15/2024,2,1/16/2025,400,800
HAM_0493,Hambantota,2024,Maha,Corn,10/7/2024,2,1/23/2025,550,1100
HAM_0494,Hambantota,2024,Maha,Corn,11/7/2024,4,3/1/2025,600,2400
HAM_0495,Hambantota,2024,Maha,Corn,11/1/2024,0.5,2/27/2025,650,325
HAM_0496,Hambantota,2024,Maha,Corn,10/31/2024,1,2/13/2025,750,750
HAM_0497,Hambantota,2024,Maha,Corn,11/15/2024,2,3/6/2025,600,1200
HAM_0498,Hambantota,2024,Maha,Corn,11/7/2024,2,2/27/2025,500,1000
HAM_0499,Hambantota,2024,Maha,Corn,10/3/2024,2,1/31/2025,600,1200
HAM_0500,Hambantota,2024,Maha,Corn,10/21/2024,4.5,2/11/2025,700,3150
HAM_0501,Hambantota,2024,Maha,Corn,10/17/2024,4.5,1/31/2025,650,2925
HAM_0502,Hambantota,2024,Maha,Corn,11/28/2024,4,3/8/2025,600,2400
HAM_0503,Hambantota,2024,Maha,Bandakka,10/13/2024,2,12/22/2024,3850,7700
HAM_0504,Hambantota,2024,Maha,Bandakka,10/2/2024,4.5,12/9/2024,4850,21825
HAM_0505,Hambantota,2024,Maha,Bandakka,11/21/2024,0.5,1/29/2025,4100,2050
HAM_0506,Hambantota,2024,Maha,Bandakka,11/17/2024,4.5,1/16/2025,4600,20700
HAM_0507,Hambantota,2024,Maha,Bandakka,11/22/2024,1,1/31/2025,4350,4350
HAM_0508,Hambantota,2024,Maha,Bandakka,10/15/2024,4.5,12/14/2024,3550,15975
HAM_0509,Hambantota,2024,Maha,Bandakka,11/12/2024,1.5,1/20/2025,4350,6525
HAM_0510,Hambantota,2024,Maha,Bandakka,10/29/2024,1.5,1/3/2025,5150,7725
HAM_0511,Hambantota,2024,Maha,Bandakka,11/6/2024,4,1/7/2025,4450,17800
HAM_0512,Hambantota,2024,Maha,Bandakka,10/1/2024,1,12/9/2024,4250,4250
HAM_0513,Hambantota,2024,Maha,Brinjal,11/20/2024,4,3/3/2025,5450,21800
HAM_0514,Hambantota,2024,Maha,Brinjal,10/2/2024,4,1/21/2025,5150,20600
HAM_0515,Hambantota,2024,Maha,Brinjal,11/7/2024,2,3/5/2025,4200,8400
HAM_0516,Hambantota,2024,Maha,Brinjal,11/5/2024,2,2/22/2025,5750,11500
HAM_0517,Hambantota,2024,Maha,Brinjal,11/17/2024,4,3/2/2025,6050,24200
HAM_0518,Hambantota,2024,Maha,Brinjal,11/8/2024,3.5,2/18/2025,5250,18375
HAM_0519,Hambantota,2024,Maha,Brinjal,11/27/2024,2,3/12/2025,5050,10100
HAM_0520,Hambantota,2024,Maha,Brinjal,10/11/2024,3.5,1/31/2025,4500,15750
HAM_0521,Hambantota,2024,Maha,Brinjal,10/12/2024,4,1/26/2025,5150,20600
HAM_0522,Hambantota,2024,Maha,Brinjal,11/21/2024,0.5,3/14/2025,4850,2425
HAM_0523,Hambantota,2024,Maha,Pumpkin,11/13/2024,1.5,3/7/2025,7150,10725
HAM_0524,Hambantota,2024,Maha,Pumpkin,10/9/2024,2,1/20/2025,6150,12300
HAM_0525,Hambantota,2024,Maha,Pumpkin,10/22/2024,1.5,2/14/2025,7850,11775
HAM_0526,Hambantota,2024,Maha,Pumpkin,10/7/2024,2,2/4/2025,7000,14000
HAM_0527,Hambantota,2024,Maha,Pumpkin,10/20/2024,3.5,1/30/2025,8250,28875
HAM_0528,Hambantota,2024,Maha,Pumpkin,11/10/2024,1.5,2/23/2025,6850,10275
HAM_0529,Hambantota,2024,Maha,Pumpkin,10/8/2024,0.5,1/11/2025,5750,2875
HAM_0530,Hambantota,2024,Maha,Pumpkin,11/27/2024,3.5,2/28/2025,7400,25900
HAM_0531,Hambantota,2024,Maha,Pumpkin,11/12/2024,3.5,2/16/2025,7000,24500
HAM_0532,Hambantota,2024,Maha,Pumpkin,11/3/2024,1,2/1/2025,6600,6600
HAM_0533,Hambantota,2024,Maha,Chillies,11/10/2024,4,3/30/2025,850,3400
HAM_0534,Hambantota,2024,Maha,Chillies,11/24/2024,1,4/17/2025,900,900
HAM_0535,Hambantota,2024,Maha,Chillies,10/22/2024,4,3/16/2025,900,3600
HAM_0536,Hambantota,2024,Maha,Chillies,11/10/2024,1.5,4/2/2025,750,1125
HAM_0537,Hambantota,2024,Maha,Chillies,10/24/2024,0.5,3/10/2025,950,475
HAM_0538,Hambantota,2024,Maha,Chillies,11/7/2024,4.5,3/12/2025,800,3600
HAM_0539,Hambantota,2024,Maha,Chillies,10/1/2024,1,2/3/2025,1000,1000
HAM_0540,Hambantota,2024,Maha,Chillies,11/14/2024,0.5,3/17/2025,1050,525
HAM_0541,Hambantota,2024,Maha,Chillies,10/17/2024,3.5,3/10/2025,1100,3850
HAM_0542,Hambantota,2024,Maha,Chillies,10/28/2024,1,3/14/2025,900,900
HAM_0543,Hambantota,2024,Yala,Mung Beans,5/16/2024,3.5,7/18/2024,350,1225
HAM_0544,Hambantota,2024,Yala,Mung Beans,4/9/2024,0.5,7/3/2024,400,200
HAM_0545,Hambantota,2024,Yala,Mung Beans,4/25/2024,1,7/1/2024,450,450
HAM_0546,Hambantota,2024,Yala,Mung Beans,5/11/2024,2,7/11/2024,350,700
HAM_0547,Hambantota,2024,Yala,Mung Beans,4/18/2024,4.5,7/16/2024,400,1800
HAM_0548,Hambantota,2024,Yala,Mung Beans,5/8/2024,1,7/14/2024,500,500
HAM_0549,Hambantota,2024,Yala,Mung Beans,4/22/2024,1,7/15/2024,400,400
HAM_0550,Hambantota,2024,Yala,Mung Beans,4/28/2024,1.5,7/27/2024,400,600
HAM_0551,Hambantota,2024,Yala,Mung Beans,4/18/2024,1,7/11/2024,500,500
HAM_0552,Hambantota,2024,Yala,Mung Beans,5/25/2024,3.5,8/12/2024,450,1575
HAM_0553,Hambantota,2024,Yala,Corn,5/25/2024,1,9/14/2024,600,600
HAM_0554,Hambantota,2024,Yala,Corn,4/12/2024,4,8/9/2024,550,2200
HAM_0555,Hambantota,2024,Yala,Corn,5/9/2024,4.5,8/24/2024,600,2700
HAM_0556,Hambantota,2024,Yala,Corn,4/18/2024,0.5,8/11/2024,700,350
HAM_0557,Hambantota,2024,Yala,Corn,4/8/2024,1,8/6/2024,650,650
HAM_0558,Hambantota,2024,Yala,Corn,4/20/2024,3.5,8/3/2024,500,1750
HAM_0559,Hambantota,2024,Yala,Corn,5/25/2024,1,9/10/2024,600,600
HAM_0560,Hambantota,2024,Yala,Corn,4/11/2024,0.5,8/4/2024,550,275
HAM_0561,Hambantota,2024,Yala,Corn,5/24/2024,2,9/16/2024,600,1200
HAM_0562,Hambantota,2024,Yala,Corn,5/18/2024,0.5,9/13/2024,650,325
HAM_0563,Hambantota,2024,Yala,Bandakka,4/7/2024,1,6/11/2024,4600,4600
HAM_0564,Hambantota,2024,Yala,Bandakka,4/11/2024,0.5,6/16/2024,4150,2075
HAM_0565,Hambantota,2024,Yala,Bandakka,4/14/2024,3.5,6/14/2024,3850,13475
HAM_0566,Hambantota,2024,Yala,Bandakka,4/1/2024,2,6/3/2024,4350,8700
HAM_0567,Hambantota,2024,Yala,Bandakka,5/13/2024,1,7/20/2024,4100,4100
HAM_0568,Hambantota,2024,Yala,Bandakka,4/5/2024,0.5,6/4/2024,4000,2000
HAM_0569,Hambantota,2024,Yala,Bandakka,4/29/2024,1.5,7/3/2024,3350,5025
HAM_0570,Hambantota,2024,Yala,Bandakka,4/7/2024,3.5,6/9/2024,4100,14350
HAM_0571,Hambantota,2024,Yala,Bandakka,5/8/2024,1.5,7/13/2024,3600,5400
HAM_0572,Hambantota,2024,Yala,Bandakka,5/31/2024,0.5,8/9/2024,4850,2425
HAM_0573,Hambantota,2024,Yala,Brinjal,5/22/2024,4.5,9/15/2024,3700,16650
HAM_0574,Hambantota,2024,Yala,Brinjal,5/29/2024,1,9/18/2024,4450,4450
HAM_0575,Hambantota,2024,Yala,Brinjal,5/18/2024,1.5,9/11/2024,4250,6375
HAM_0576,Hambantota,2024,Yala,Brinjal,4/15/2024,4.5,7/27/2024,4600,20700
HAM_0577,Hambantota,2024,Yala,Brinjal,4/27/2024,4.5,8/18/2024,4550,20475
HAM_0578,Hambantota,2024,Yala,Brinjal,4/21/2024,0.5,8/17/2024,4550,2275
HAM_0579,Hambantota,2024,Yala,Brinjal,5/16/2024,1.5,9/5/2024,4000,6000
HAM_0580,Hambantota,2024,Yala,Brinjal,5/5/2024,0.5,8/17/2024,5350,2675
HAM_0581,Hambantota,2024,Yala,Brinjal,5/7/2024,2,8/19/2024,4800,9600
HAM_0582,Hambantota,2024,Yala,Brinjal,4/29/2024,4,8/25/2024,5100,20400
HAM_0583,Hambantota,2024,Yala,Pumpkin,5/28/2024,1.5,9/8/2024,6150,9225
HAM_0584,Hambantota,2024,Yala,Pumpkin,4/6/2024,1.5,7/14/2024,7750,11625
HAM_0585,Hambantota,2024,Yala,Pumpkin,5/22/2024,1,9/13/2024,5400,5400
HAM_0586,Hambantota,2024,Yala,Pumpkin,4/20/2024,2,7/28/2024,6700,13400
HAM_0587,Hambantota,2024,Yala,Pumpkin,4/29/2024,4.5,8/27/2024,5750,25875
HAM_0588,Hambantota,2024,Yala,Pumpkin,5/6/2024,0.5,8/21/2024,7350,3675
HAM_0589,Hambantota,2024,Yala,Pumpkin,4/21/2024,0.5,7/29/2024,6950,3475
HAM_0590,Hambantota,2024,Yala,Pumpkin,5/9/2024,4.5,8/31/2024,6550,29475
HAM_0591,Hambantota,2024,Yala,Pumpkin,5/20/2024,4.5,8/22/2024,6550,29475
HAM_0592,Hambantota,2024,Yala,Pumpkin,4/24/2024,4.5,8/22/2024,6450,29025
HAM_0593,Hambantota,2024,Yala,Chillies,5/18/2024,4.5,9/29/2024,1100,4950
HAM_0594,Hambantota,2024,Yala,Chillies,5/23/2024,2,10/16/2024,1100,2200
HAM_0595,Hambantota,2024,Yala,Chillies,4/3/2024,1,8/24/2024,1100,1100
HAM_0596,Hambantota,2024,Yala,Chillies,4/20/2024,4.5,8/29/2024,1250,5625
HAM_0597,Hambantota,2024,Yala,Chillies,5/26/2024,1,10/9/2024,1050,1050
HAM_0598,Hambantota,2024,Yala,Chillies,4/20/2024,2,8/24/2024,1200,2400
HAM_0599,Hambantota,2024,Yala,Chillies,4/2/2024,3.5,8/17/2024,900,3150
HAM_0600,Hambantota,2024,Yala,Chillies,5/20/2024,3.5,9/28/2024,1000,3500
HAM_0601,Hambantota,2024,Yala,Chillies,5/14/2024,2,9/29/2024,950,1900
HAM_0602,Hambantota,2024,Yala,Chillies,4/28/2024,4,8/28/2024,1150,4600
HAM_0603,Hambantota,2025,Maha,Mung Beans,10/16/2025,4,12/26/2025,400,1600
HAM_0604,Hambantota,2025,Maha,Mung Beans,10/16/2025,3.5,1/2/2026,500,1750
HAM_0605,Hambantota,2025,Maha,Mung Beans,10/14/2025,1.5,12/17/2025,450,675
HAM_0606,Hambantota,2025,Maha,Mung Beans,11/15/2025,4,1/28/2026,450,1800
HAM_0607,Hambantota,2025,Maha,Mung Beans,10/10/2025,4,1/7/2026,400,1600
HAM_0608,Hambantota,2025,Maha,Mung Beans,11/12/2025,1.5,1/25/2026,450,675
HAM_0609,Hambantota,2025,Maha,Mung Beans,11/9/2025,1,1/19/2026,450,450
HAM_0610,Hambantota,2025,Maha,Mung Beans,11/26/2025,2,2/22/2026,450,900
HAM_0611,Hambantota,2025,Maha,Mung Beans,11/5/2025,0.5,1/6/2026,350,175
HAM_0612,Hambantota,2025,Maha,Mung Beans,11/7/2025,1.5,1/9/2026,500,750
HAM_0613,Hambantota,2025,Maha,Corn,10/18/2025,2,1/28/2026,700,1400
HAM_0614,Hambantota,2025,Maha,Corn,11/24/2025,0.5,3/22/2026,600,300
HAM_0615,Hambantota,2025,Maha,Corn,10/12/2025,0.5,2/5/2026,700,350
HAM_0616,Hambantota,2025,Maha,Corn,11/3/2025,1.5,2/12/2026,800,1200
HAM_0617,Hambantota,2025,Maha,Corn,10/6/2025,1,2/1/2026,650,650
HAM_0618,Hambantota,2025,Maha,Corn,11/17/2025,4,3/5/2026,700,2800
HAM_0619,Hambantota,2025,Maha,Corn,11/6/2025,1.5,2/22/2026,700,1050
HAM_0620,Hambantota,2025,Maha,Corn,11/20/2025,4,3/19/2026,550,2200
HAM_0621,Hambantota,2025,Maha,Corn,11/14/2025,4.5,3/10/2026,650,2925
HAM_0622,Hambantota,2025,Maha,Corn,10/30/2025,1,2/15/2026,750,750
HAM_0623,Hambantota,2025,Maha,Corn,11/15/2025,3.5,2/27/2026,700,2450
HAM_0624,Hambantota,2025,Maha,Bandakka,10/26/2025,0.5,1/1/2026,3850,1925
HAM_0625,Hambantota,2025,Maha,Bandakka,11/10/2025,4,1/19/2026,3350,13400
HAM_0626,Hambantota,2025,Maha,Bandakka,10/9/2025,2,12/12/2025,4050,8100
HAM_0627,Hambantota,2025,Maha,Bandakka,10/21/2025,3.5,12/26/2025,4350,15225
HAM_0628,Hambantota,2025,Maha,Bandakka,10/12/2025,3.5,12/13/2025,4100,14350
HAM_0629,Hambantota,2025,Maha,Bandakka,11/10/2025,4.5,1/17/2026,4100,18450
HAM_0630,Hambantota,2025,Maha,Bandakka,10/6/2025,3.5,12/14/2025,4200,14700
HAM_0631,Hambantota,2025,Maha,Bandakka,10/10/2025,4,12/10/2025,4850,19400
HAM_0632,Hambantota,2025,Maha,Bandakka,10/3/2025,3.5,12/6/2025,4600,16100
HAM_0633,Hambantota,2025,Maha,Bandakka,10/16/2025,4.5,12/15/2025,3600,16200
HAM_0634,Hambantota,2025,Maha,Brinjal,11/2/2025,2,2/15/2026,5350,10700
HAM_0635,Hambantota,2025,Maha,Brinjal,10/8/2025,0.5,1/23/2026,4750,2375
HAM_0636,Hambantota,2025,Maha,Brinjal,11/7/2025,4,2/28/2026,5050,20200
HAM_0637,Hambantota,2025,Maha,Brinjal,10/2/2025,4.5,1/14/2026,5650,25425
HAM_0638,Hambantota,2025,Maha,Brinjal,11/10/2025,2,2/22/2026,5150,10300
HAM_0639,Hambantota,2025,Maha,Brinjal,10/8/2025,0.5,2/3/2026,4450,2225
HAM_0640,Hambantota,2025,Maha,Brinjal,11/29/2025,4,3/22/2026,4150,16600
HAM_0641,Hambantota,2025,Maha,Brinjal,11/9/2025,1,2/21/2026,5950,5950
HAM_0642,Hambantota,2025,Maha,Brinjal,11/17/2025,4,3/8/2026,5050,20200
HAM_0643,Hambantota,2025,Maha,Brinjal,10/17/2025,4,1/30/2026,4950,19800
HAM_0644,Hambantota,2025,Maha,Pumpkin,10/22/2025,1.5,1/29/2026,7650,11475
HAM_0645,Hambantota,2025,Maha,Pumpkin,11/9/2025,0.5,2/12/2026,6450,3225
HAM_0646,Hambantota,2025,Maha,Pumpkin,11/15/2025,1,2/22/2026,7000,7000
HAM_0647,Hambantota,2025,Maha,Pumpkin,11/4/2025,1.5,2/12/2026,5600,8400
HAM_0648,Hambantota,2025,Maha,Pumpkin,11/6/2025,4.5,2/26/2026,6700,30150
HAM_0649,Hambantota,2025,Maha,Pumpkin,10/3/2025,1.5,1/17/2026,6850,10275
HAM_0650,Hambantota,2025,Maha,Pumpkin,10/29/2025,0.5,1/31/2026,6850,3425
HAM_0651,Hambantota,2025,Maha,Pumpkin,11/27/2025,3.5,3/21/2026,6050,21175
HAM_0652,Hambantota,2025,Maha,Pumpkin,11/8/2025,1,2/22/2026,7250,7250
HAM_0653,Hambantota,2025,Maha,Pumpkin,10/19/2025,4.5,1/17/2026,8100,36450
HAM_0654,Hambantota,2025,Maha,Chillies,10/24/2025,4,3/15/2026,900,3600
HAM_0655,Hambantota,2025,Maha,Chillies,11/5/2025,1,3/16/2026,1100,1100
HAM_0656,Hambantota,2025,Maha,Chillies,10/15/2025,1.5,2/17/2026,1150,1725
HAM_0657,Hambantota,2025,Maha,Chillies,11/7/2025,2,3/18/2026,800,1600
HAM_0658,Hambantota,2025,Maha,Chillies,11/27/2025,4,3/30/2026,950,3800
HAM_0659,Hambantota,2025,Maha,Chillies,10/26/2025,4.5,3/20/2026,950,4275
HAM_0660,Hambantota,2025,Maha,Chillies,10/4/2025,4,2/10/2026,850,3400
HAM_0661,Hambantota,2025,Maha,Chillies,10/16/2025,1.5,2/28/2026,950,1425
HAM_0662,Hambantota,2025,Maha,Chillies,11/16/2025,1,3/21/2026,1000,1000
HAM_0663,Hambantota,2025,Maha,Chillies,11/1/2025,0.5,3/12/2026,1000,500
HAM_0664,Hambantota,2025,Yala,Mung Beans,4/23/2025,4.5,6/26/2025,350,1575
HAM_0665,Hambantota,2025,Yala,Mung Beans,4/13/2025,4,6/15/2025,350,1400
HAM_0666,Hambantota,2025,Yala,Mung Beans,5/30/2025,1.5,8/9/2025,350,525
HAM_0667,Hambantota,2025,Yala,Mung Beans,5/6/2025,3.5,7/14/2025,400,1400
HAM_0668,Hambantota,2025,Yala,Mung Beans,5/23/2025,4,8/12/2025,400,1600
HAM_0669,Hambantota,2025,Yala,Mung Beans,5/21/2025,1.5,7/22/2025,350,525
HAM_0670,Hambantota,2025,Yala,Mung Beans,5/20/2025,0.5,7/25/2025,300,150
HAM_0671,Hambantota,2025,Yala,Mung Beans,4/24/2025,1.5,7/20/2025,300,450
HAM_0672,Hambantota,2025,Yala,Mung Beans,4/26/2025,4,7/20/2025,350,1400
HAM_0673,Hambantota,2025,Yala,Mung Beans,4/28/2025,2,6/28/2025,350,700
HAM_0674,Hambantota,2025,Yala,Corn,4/4/2025,4,7/31/2025,1000,4000
HAM_0675,Hambantota,2025,Yala,Corn,5/21/2025,0.5,9/15/2025,1100,550
HAM_0676,Hambantota,2025,Yala,Corn,4/7/2025,2,8/4/2025,1150,2300
HAM_0677,Hambantota,2025,Yala,Corn,5/24/2025,0.5,9/18/2025,800,400
HAM_0678,Hambantota,2025,Yala,Corn,5/23/2025,4.5,9/16/2025,950,4275
HAM_0679,Hambantota,2025,Yala,Corn,4/29/2025,1.5,8/11/2025,950,1425
HAM_0680,Hambantota,2025,Yala,Corn,5/11/2025,1.5,8/24/2025,900,1350
HAM_0681,Hambantota,2025,Yala,Corn,4/24/2025,0.5,8/9/2025,1000,500
HAM_0682,Hambantota,2025,Yala,Corn,5/20/2025,3.5,9/15/2025,950,3325
HAM_0683,Hambantota,2025,Yala,Corn,4/7/2025,4,8/1/2025,850,3400
HAM_0684,Hambantota,2025,Yala,Corn,5/31/2025,0.5,9/8/2025,950,475
HAM_0685,Hambantota,2025,Yala,Bandakka,5/30/2025,4.5,8/1/2025,4700,21150
HAM_0686,Hambantota,2025,Yala,Bandakka,4/25/2025,1.5,7/3/2025,4250,6375
HAM_0687,Hambantota,2025,Yala,Bandakka,5/24/2025,2,7/30/2025,4500,9000
HAM_0688,Hambantota,2025,Yala,Bandakka,5/7/2025,4,7/16/2025,4100,16400
HAM_0689,Hambantota,2025,Yala,Bandakka,4/23/2025,3.5,6/24/2025,3300,11550
HAM_0690,Hambantota,2025,Yala,Bandakka,4/12/2025,3.5,6/12/2025,3500,12250
HAM_0691,Hambantota,2025,Yala,Bandakka,4/12/2025,3.5,6/20/2025,3900,13650
HAM_0692,Hambantota,2025,Yala,Bandakka,4/17/2025,1.5,6/21/2025,4000,6000
HAM_0693,Hambantota,2025,Yala,Bandakka,5/25/2025,4.5,8/2/2025,4000,18000
HAM_0694,Hambantota,2025,Yala,Bandakka,5/22/2025,1.5,7/22/2025,3750,5625
HAM_0695,Hambantota,2025,Yala,Brinjal,4/12/2025,4.5,8/2/2025,4300,19350
HAM_0696,Hambantota,2025,Yala,Brinjal,4/7/2025,1,7/19/2025,3800,3800
HAM_0697,Hambantota,2025,Yala,Brinjal,4/12/2025,2,8/4/2025,3750,7500
HAM_0698,Hambantota,2025,Yala,Brinjal,5/17/2025,4,9/1/2025,3800,15200
HAM_0699,Hambantota,2025,Yala,Brinjal,5/15/2025,4.5,9/9/2025,3350,15075
HAM_0700,Hambantota,2025,Yala,Brinjal,5/18/2025,0.5,8/28/2025,3600,1800
HAM_0701,Hambantota,2025,Yala,Brinjal,5/3/2025,1.5,8/27/2025,4050,6075
HAM_0702,Hambantota,2025,Yala,Brinjal,4/3/2025,1,7/22/2025,3900,3900
HAM_0703,Hambantota,2025,Yala,Brinjal,5/21/2025,2,9/9/2025,4500,9000
HAM_0704,Hambantota,2025,Yala,Brinjal,4/1/2025,4.5,7/13/2025,3150,14175
HAM_0705,Hambantota,2025,Yala,Brinjal,4/13/2025,2,7/28/2025,3800,7600
HAM_0706,Hambantota,2025,Yala,Pumpkin,5/13/2025,0.5,8/29/2025,4500,2250
HAM_0707,Hambantota,2025,Yala,Pumpkin,5/17/2025,4.5,9/10/2025,5050,22725
HAM_0708,Hambantota,2025,Yala,Pumpkin,5/4/2025,2,8/23/2025,4450,8900
HAM_0709,Hambantota,2025,Yala,Pumpkin,5/4/2025,0.5,8/16/2025,4600,2300
HAM_0710,Hambantota,2025,Yala,Pumpkin,4/25/2025,4.5,8/8/2025,3950,17775
HAM_0711,Hambantota,2025,Yala,Pumpkin,5/26/2025,4,9/9/2025,4250,17000
HAM_0712,Hambantota,2025,Yala,Pumpkin,5/4/2025,1.5,8/27/2025,4500,6750
HAM_0713,Hambantota,2025,Yala,Pumpkin,5/29/2025,3.5,9/2/2025,5350,18725
HAM_0714,Hambantota,2025,Yala,Pumpkin,5/27/2025,2,9/19/2025,4800,9600
HAM_0715,Hambantota,2025,Yala,Pumpkin,5/25/2025,1.5,8/27/2025,3700,5550
HAM_0716,Hambantota,2025,Yala,Chillies,4/19/2025,0.5,8/21/2025,1550,775
HAM_0717,Hambantota,2025,Yala,Chillies,4/13/2025,4,9/2/2025,1150,4600
HAM_0718,Hambantota,2025,Yala,Chillies,5/3/2025,4.5,9/6/2025,1300,5850
HAM_0719,Hambantota,2025,Yala,Chillies,4/30/2025,4,9/5/2025,1450,5800
HAM_0720,Hambantota,2025,Yala,Chillies,5/8/2025,4.5,10/2/2025,1250,5625
HAM_0721,Hambantota,2025,Yala,Chillies,4/1/2025,3.5,8/29/2025,1350,4725
HAM_0722,Hambantota,2025,Yala,Chillies,4/18/2025,4,9/11/2025,1050,4200
HAM_0723,Hambantota,2025,Yala,Chillies,5/13/2025,3.5,9/21/2025,1400,4900
HAM_0724,Hambantota,2025,Yala,Chillies,4/4/2025,3.5,8/21/2025,1300,4550
HAM_0725,Hambantota,2025,Yala,Chillies,5/8/2025,4.5,9/23/2025,1300,5850
