Record_ID,District,Year,Season,Crop,Planting_Date,Land_Size_Acres,Expected_Harvest_Date,Expected_Yield_kg_per_Acre,Expected_Production_kg,Planting_Month,Harvest_Month,Growth_Duration_Days
MAT_0001,Matara,2020,Maha,Mung Beans,2020-11-26,1.5,2021-01-29,400.0,600.0,11,1,64
MAT_0002,Matara,2020,Maha,Mung Beans,2020-10-26,2.0,2021-01-05,400.0,800.0,10,1,71
MAT_0003,Matara,2020,Maha,Mung Beans,2020-10-25,3.5,2021-01-01,350.0,1225.0,10,1,68
MAT_0004,Matara,2020,Maha,Mung Beans,2020-10-10,1.5,2020-12-10,450.0,675.0,10,12,61
MAT_0005,Matara,2020,Maha,Mung Beans,2020-10-14,2.0,2021-01-12,450.0,900.0,10,1,90
MAT_0006,Matara,2020,Maha,Mung Beans,2020-10-11,0.5,2020-12-18,400.0,200.0,10,12,68
MAT_0007,Matara,2020,Maha,Mung Beans,2020-11-09,6.5,2021-01-30,400.0,2600.0,11,1,82
MAT_0008,Matara,2020,Maha,Mung Beans,2020-11-03,7.0,2021-01-24,500.0,3500.0,11,1,82
MAT_0009,Matara,2020,Maha,Mung Beans,2020-11-01,1.0,2021-01-07,400.0,400.0,11,1,67
MAT_0010,Matara,2020,Maha,Mung Beans,2020-11-18,2.0,2021-02-09,350.0,700.0,11,2,83
MAT_0011,Matara,2020,Maha,Corn,2020-10-05,0.5,2021-02-01,1500.0,750.0,10,2,119
MAT_0012,Matara,2020,Maha,Corn,2020-11-10,3.5,2021-02-19,1250.0,4375.0,11,2,101
MAT_0013,Matara,2020,Maha,Corn,2020-10-05,1.0,2021-01-14,1150.0,1150.0,10,1,101
MAT_0014,Matara,2020,Maha,Corn,2020-11-10,2.0,2021-03-03,1450.0,2900.0,11,3,113
MAT_0015,Matara,2020,Maha,Corn,2020-11-27,1.0,2021-03-12,1400.0,1400.0,11,3,105
MAT_0016,Matara,2020,Maha,Corn,2020-11-18,3.5,2021-03-13,1400.0,4900.0,11,3,115
MAT_0017,Matara,2020,Maha,Corn,2020-11-04,0.5,2021-02-14,1350.0,675.0,11,2,102
MAT_0018,Matara,2020,Maha,Corn,2020-11-16,7.0,2021-02-24,1300.0,9100.0,11,2,100
MAT_0019,Matara,2020,Maha,Corn,2020-11-20,2.0,2021-03-18,1550.0,3100.0,11,3,118
MAT_0020,Matara,2020,Maha,Corn,2020-10-21,3.5,2021-02-16,1650.0,5775.0,10,2,118
MAT_0021,Matara,2020,Maha,Bandakka,2020-10-12,0.5,2020-12-16,3950.0,1975.0,10,12,65
MAT_0022,Matara,2020,Maha,Bandakka,2020-10-16,1.5,2020-12-22,3550.0,5325.0,10,12,67
MAT_0023,Matara,2020,Maha,Bandakka,2020-11-26,3.5,2021-01-28,4100.0,14350.0,11,1,63
MAT_0024,Matara,2020,Maha,Bandakka,2020-10-23,1.0,2020-12-26,4750.0,4750.0,10,12,64
MAT_0025,Matara,2020,Maha,Bandakka,2020-11-12,1.5,2021-01-20,4500.0,6750.0,11,1,69
MAT_0026,Matara,2020,Maha,Bandakka,2020-11-27,2.0,2021-01-31,4250.0,8500.0,11,1,65
MAT_0027,Matara,2020,Maha,Bandakka,2020-11-20,2.0,2021-01-28,3300.0,6600.0,11,1,69
MAT_0028,Matara,2020,Maha,Bandakka,2020-11-13,0.5,2021-01-21,3800.0,1900.0,11,1,69
MAT_0029,Matara,2020,Maha,Bandakka,2020-11-09,7.0,2021-01-09,4000.0,28000.0,11,1,61
MAT_0030,Matara,2020,Maha,Bandakka,2020-11-23,2.0,2021-01-28,4000.0,8000.0,11,1,66
MAT_0031,Matara,2020,Maha,Brinjal,2020-11-15,7.0,2021-03-12,3950.0,27650.0,11,3,117
MAT_0032,Matara,2020,Maha,Brinjal,2020-10-01,0.5,2021-01-23,5100.0,2550.0,10,1,114
MAT_0033,Matara,2020,Maha,Brinjal,2020-11-30,1.0,2021-03-19,4500.0,4500.0,11,3,109
MAT_0034,Matara,2020,Maha,Brinjal,2020-10-09,1.5,2021-01-19,4700.0,7050.0,10,1,102
MAT_0035,Matara,2020,Maha,Brinjal,2020-11-06,6.5,2021-02-22,5400.0,35100.0,11,2,108
MAT_0036,Matara,2020,Maha,Brinjal,2020-10-29,0.5,2021-02-18,4250.0,2125.0,10,2,112
MAT_0037,Matara,2020,Maha,Brinjal,2020-11-01,1.0,2021-02-17,5650.0,5650.0,11,2,108
MAT_0038,Matara,2020,Maha,Brinjal,2020-10-05,3.5,2021-01-20,4900.0,17150.0,10,1,107
MAT_0039,Matara,2020,Maha,Brinjal,2020-10-17,0.5,2021-01-29,4800.0,2400.0,10,1,104
MAT_0040,Matara,2020,Maha,Brinjal,2020-10-04,1.0,2021-01-21,4800.0,4800.0,10,1,109
MAT_0041,Matara,2020,Maha,Pumpkin,2020-11-05,0.5,2021-02-17,5750.0,2875.0,11,2,104
MAT_0042,Matara,2020,Maha,Pumpkin,2020-11-03,1.0,2021-02-01,4300.0,4300.0,11,2,90
MAT_0043,Matara,2020,Maha,Pumpkin,2020-11-02,1.5,2021-02-13,5150.0,7725.0,11,2,103
MAT_0044,Matara,2020,Maha,Pumpkin,2020-11-05,6.5,2021-03-03,4850.0,31525.0,11,3,118
MAT_0045,Matara,2020,Maha,Pumpkin,2020-11-01,2.0,2021-03-01,4850.0,9700.0,11,3,120
MAT_0046,Matara,2020,Maha,Pumpkin,2020-11-15,1.0,2021-02-13,4000.0,4000.0,11,2,90
MAT_0047,Matara,2020,Maha,Pumpkin,2020-10-05,7.0,2021-01-28,4550.0,31850.0,10,1,115
MAT_0048,Matara,2020,Maha,Pumpkin,2020-10-24,2.0,2021-02-06,5450.0,10900.0,10,2,105
MAT_0049,Matara,2020,Maha,Pumpkin,2020-10-18,0.5,2021-01-26,4950.0,2475.0,10,1,100
MAT_0050,Matara,2020,Maha,Pumpkin,2020-11-15,6.5,2021-02-15,4750.0,30875.0,11,2,92
MAT_0051,Matara,2020,Maha,Chillies,2020-11-08,6.5,2021-03-31,1700.0,11050.0,11,3,143
MAT_0052,Matara,2020,Maha,Chillies,2020-10-30,7.0,2021-03-12,1600.0,11200.0,10,3,133
MAT_0053,Matara,2020,Maha,Chillies,2020-11-07,1.0,2021-03-17,1850.0,1850.0,11,3,130
MAT_0054,Matara,2020,Maha,Chillies,2020-10-02,3.5,2021-02-01,2000.0,7000.0,10,2,122
MAT_0055,Matara,2020,Maha,Chillies,2020-10-01,2.0,2021-02-16,1950.0,3900.0,10,2,138
MAT_0056,Matara,2020,Maha,Chillies,2020-10-20,6.5,2021-03-12,2200.0,14300.0,10,3,143
MAT_0057,Matara,2020,Maha,Chillies,2020-10-16,1.5,2021-03-04,1950.0,2925.0,10,3,139
MAT_0058,Matara,2020,Maha,Chillies,2020-10-18,7.0,2021-02-27,2050.0,14350.0,10,2,132
MAT_0059,Matara,2020,Maha,Chillies,2020-11-18,7.0,2021-04-17,2300.0,16100.0,11,4,150
MAT_0060,Matara,2020,Maha,Chillies,2020-11-26,6.5,2021-04-16,1900.0,12350.0,11,4,141
MAT_0061,Matara,2020,Maha,Chillies,2020-11-30,6.5,2021-03-30,1950.0,12675.0,11,3,120
MAT_0062,Matara,2020,Yala,Mung Beans,2020-04-26,7.0,2020-07-13,400.0,2800.0,4,7,78
MAT_0063,Matara,2020,Yala,Mung Beans,2020-04-01,6.5,2020-06-20,400.0,2600.0,4,6,80
MAT_0064,Matara,2020,Yala,Mung Beans,2020-05-02,7.0,2020-07-08,450.0,3150.0,5,7,67
MAT_0065,Matara,2020,Yala,Mung Beans,2020-04-18,3.5,2020-06-24,300.0,1050.0,4,6,67
MAT_0066,Matara,2020,Yala,Mung Beans,2020-05-02,1.5,2020-07-18,400.0,600.0,5,7,77
MAT_0067,Matara,2020,Yala,Mung Beans,2020-05-14,1.0,2020-08-12,350.0,350.0,5,8,90
MAT_0068,Matara,2020,Yala,Mung Beans,2020-04-01,3.5,2020-06-16,350.0,1225.0,4,6,76
MAT_0069,Matara,2020,Yala,Mung Beans,2020-04-20,1.0,2020-06-19,350.0,350.0,4,6,60
MAT_0070,Matara,2020,Yala,Mung Beans,2020-05-16,3.5,2020-08-01,400.0,1400.0,5,8,77
MAT_0071,Matara,2020,Yala,Mung Beans,2020-04-03,0.5,2020-06-27,400.0,200.0,4,6,85
MAT_0072,Matara,2020,Yala,Corn,2020-05-26,3.5,2020-09-11,1000.0,3500.0,5,9,108
MAT_0073,Matara,2020,Yala,Corn,2020-05-02,1.5,2020-08-23,1050.0,1575.0,5,8,113
MAT_0074,Matara,2020,Yala,Corn,2020-04-27,0.5,2020-08-11,1150.0,575.0,4,8,106
MAT_0075,Matara,2020,Yala,Corn,2020-05-18,0.5,2020-08-29,1150.0,575.0,5,8,103
MAT_0076,Matara,2020,Yala,Corn,2020-05-08,6.5,2020-08-19,1250.0,8125.0,5,8,103
MAT_0077,Matara,2020,Yala,Corn,2020-05-23,7.0,2020-09-10,1150.0,8050.0,5,9,110
MAT_0078,Matara,2020,Yala,Corn,2020-05-27,1.0,2020-09-05,1200.0,1200.0,5,9,101
MAT_0079,Matara,2020,Yala,Corn,2020-04-22,2.0,2020-08-16,1350.0,2700.0,4,8,116
MAT_0080,Matara,2020,Yala,Corn,2020-05-01,1.0,2020-08-10,950.0,950.0,5,8,101
MAT_0081,Matara,2020,Yala,Corn,2020-05-03,0.5,2020-08-14,1100.0,550.0,5,8,103
MAT_0082,Matara,2020,Yala,Bandakka,2020-05-24,1.5,2020-07-27,3450.0,5175.0,5,7,64
MAT_0083,Matara,2020,Yala,Bandakka,2020-05-20,3.5,2020-07-23,3650.0,12775.0,5,7,64
MAT_0084,Matara,2020,Yala,Bandakka,2020-05-19,1.0,2020-07-21,4050.0,4050.0,5,7,63
MAT_0085,Matara,2020,Yala,Bandakka,2020-04-19,6.5,2020-06-23,2800.0,18200.0,4,6,65
MAT_0086,Matara,2020,Yala,Bandakka,2020-05-20,1.5,2020-07-20,3250.0,4875.0,5,7,61
MAT_0087,Matara,2020,Yala,Bandakka,2020-04-09,7.0,2020-06-11,3450.0,24150.0,4,6,63
MAT_0088,Matara,2020,Yala,Bandakka,2020-04-03,0.5,2020-06-10,3850.0,1925.0,4,6,68
MAT_0089,Matara,2020,Yala,Bandakka,2020-04-18,2.0,2020-06-27,3500.0,7000.0,4,6,70
MAT_0090,Matara,2020,Yala,Bandakka,2020-05-29,6.5,2020-08-04,3050.0,19825.0,5,8,67
MAT_0091,Matara,2020,Yala,Bandakka,2020-05-27,6.5,2020-07-31,3350.0,21775.0,5,7,65
MAT_0092,Matara,2020,Yala,Brinjal,2020-04-30,7.0,2020-08-28,4100.0,28700.0,4,8,120
MAT_0093,Matara,2020,Yala,Brinjal,2020-05-26,2.0,2020-09-05,3600.0,7200.0,5,9,102
MAT_0094,Matara,2020,Yala,Brinjal,2020-05-21,7.0,2020-09-16,4450.0,31150.0,5,9,118
MAT_0095,Matara,2020,Yala,Brinjal,2020-04-29,2.0,2020-08-20,3850.0,7700.0,4,8,113
MAT_0096,Matara,2020,Yala,Brinjal,2020-04-03,6.5,2020-07-26,4300.0,27950.0,4,7,114
MAT_0097,Matara,2020,Yala,Brinjal,2020-05-22,2.0,2020-09-11,4400.0,8800.0,5,9,112
MAT_0098,Matara,2020,Yala,Brinjal,2020-04-26,3.5,2020-08-21,5150.0,18025.0,4,8,117
MAT_0099,Matara,2020,Yala,Brinjal,2020-04-10,6.5,2020-07-23,4400.0,28600.0,4,7,104
MAT_0100,Matara,2020,Yala,Brinjal,2020-05-04,0.5,2020-08-16,4650.0,2325.0,5,8,104
MAT_0101,Matara,2020,Yala,Brinjal,2020-05-25,1.0,2020-09-04,4900.0,4900.0,5,9,102
MAT_0102,Matara,2020,Yala,Pumpkin,2020-05-23,3.5,2020-08-22,3650.0,12775.0,5,8,91
MAT_0103,Matara,2020,Yala,Pumpkin,2020-04-08,3.5,2020-07-09,4550.0,15925.0,4,7,92
MAT_0104,Matara,2020,Yala,Pumpkin,2020-04-26,1.5,2020-08-23,5000.0,7500.0,4,8,119
MAT_0105,Matara,2020,Yala,Pumpkin,2020-05-13,3.5,2020-09-10,4450.0,15575.0,5,9,120
MAT_0106,Matara,2020,Yala,Pumpkin,2020-04-07,6.5,2020-07-09,4350.0,28275.0,4,7,93
MAT_0107,Matara,2020,Yala,Pumpkin,2020-05-18,0.5,2020-09-11,4700.0,2350.0,5,9,116
MAT_0108,Matara,2020,Yala,Pumpkin,2020-05-19,3.5,2020-08-26,5250.0,18375.0,5,8,99
MAT_0109,Matara,2020,Yala,Pumpkin,2020-04-01,6.5,2020-07-27,4450.0,28925.0,4,7,117
MAT_0110,Matara,2020,Yala,Pumpkin,2020-04-22,2.0,2020-07-21,3900.0,7800.0,4,7,90
MAT_0111,Matara,2020,Yala,Pumpkin,2020-05-10,2.0,2020-08-11,4200.0,8400.0,5,8,93
MAT_0112,Matara,2020,Yala,Chillies,2020-04-12,2.0,2020-08-24,1300.0,2600.0,4,8,134
MAT_0113,Matara,2020,Yala,Chillies,2020-05-06,7.0,2020-09-22,1400.0,9800.0,5,9,139
MAT_0114,Matara,2020,Yala,Chillies,2020-04-06,7.0,2020-08-18,1550.0,10850.0,4,8,134
MAT_0115,Matara,2020,Yala,Chillies,2020-05-07,1.5,2020-09-16,1400.0,2100.0,5,9,132
MAT_0116,Matara,2020,Yala,Chillies,2020-04-09,6.5,2020-08-13,1250.0,8125.0,4,8,126
MAT_0117,Matara,2020,Yala,Chillies,2020-04-22,3.5,2020-09-02,1650.0,5775.0,4,9,133
MAT_0118,Matara,2020,Yala,Chillies,2020-05-14,0.5,2020-09-21,1450.0,725.0,5,9,130
MAT_0119,Matara,2020,Yala,Chillies,2020-04-19,1.5,2020-09-14,1500.0,2250.0,4,9,148
MAT_0120,Matara,2020,Yala,Chillies,2020-04-30,3.5,2020-09-02,1150.0,4025.0,4,9,125
MAT_0121,Matara,2020,Yala,Chillies,2020-05-24,2.0,2020-09-22,1350.0,2700.0,5,9,121
MAT_0122,Matara,2021,Maha,Mung Beans,2021-11-02,7.0,2022-01-22,400.0,2800.0,11,1,81
MAT_0123,Matara,2021,Maha,Mung Beans,2021-11-07,1.5,2022-01-31,400.0,600.0,11,1,85
MAT_0124,Matara,2021,Maha,Mung Beans,2021-10-01,7.0,2021-12-20,500.0,3500.0,10,12,80
MAT_0125,Matara,2021,Maha,Mung Beans,2021-10-20,3.5,2022-01-12,350.0,1225.0,10,1,84
MAT_0126,Matara,2021,Maha,Mung Beans,2021-11-18,0.5,2022-01-30,400.0,200.0,11,1,73
MAT_0127,Matara,2021,Maha,Mung Beans,2021-10-18,3.5,2022-01-05,400.0,1400.0,10,1,79
MAT_0128,Matara,2021,Maha,Mung Beans,2021-10-22,2.0,2021-12-27,450.0,900.0,10,12,66
MAT_0129,Matara,2021,Maha,Mung Beans,2021-11-15,6.5,2022-01-19,450.0,2925.0,11,1,65
MAT_0130,Matara,2021,Maha,Mung Beans,2021-10-21,6.5,2022-01-12,350.0,2275.0,10,1,83
MAT_0131,Matara,2021,Maha,Mung Beans,2021-10-14,2.0,2022-01-10,400.0,800.0,10,1,88
MAT_0132,Matara,2021,Maha,Corn,2021-11-11,1.0,2022-03-06,1150.0,1150.0,11,3,115
MAT_0133,Matara,2021,Maha,Corn,2021-11-25,2.0,2022-03-12,1100.0,2200.0,11,3,107
MAT_0134,Matara,2021,Maha,Corn,2021-11-29,3.5,2022-03-12,1350.0,4725.0,11,3,103
MAT_0135,Matara,2021,Maha,Corn,2021-11-04,1.0,2022-02-22,1200.0,1200.0,11,2,110
MAT_0136,Matara,2021,Maha,Corn,2021-11-21,2.0,2022-03-05,950.0,1900.0,11,3,104
MAT_0137,Matara,2021,Maha,Corn,2021-11-16,3.5,2022-02-28,1000.0,3500.0,11,2,104
MAT_0138,Matara,2021,Maha,Corn,2021-11-16,2.0,2022-03-06,1150.0,2300.0,11,3,110
MAT_0139,Matara,2021,Maha,Corn,2021-11-25,1.0,2022-03-16,1300.0,1300.0,11,3,111
MAT_0140,Matara,2021,Maha,Corn,2021-11-09,6.5,2022-02-23,1150.0,7475.0,11,2,106
MAT_0141,Matara,2021,Maha,Corn,2021-10-15,3.5,2022-02-02,1150.0,4025.0,10,2,110
MAT_0142,Matara,2021,Maha,Bandakka,2021-10-04,7.0,2021-12-08,3950.0,27650.0,10,12,65
MAT_0143,Matara,2021,Maha,Bandakka,2021-11-10,2.0,2022-01-10,3450.0,6900.0,11,1,61
MAT_0144,Matara,2021,Maha,Bandakka,2021-11-11,3.5,2022-01-16,3150.0,11025.0,11,1,66
MAT_0145,Matara,2021,Maha,Bandakka,2021-10-31,7.0,2022-01-09,3750.0,26250.0,10,1,70
MAT_0146,Matara,2021,Maha,Bandakka,2021-10-07,3.5,2021-12-11,3300.0,11550.0,10,12,65
MAT_0147,Matara,2021,Maha,Bandakka,2021-10-22,1.0,2021-12-31,3350.0,3350.0,10,12,70
MAT_0148,Matara,2021,Maha,Bandakka,2021-11-23,0.5,2022-02-01,2950.0,1475.0,11,2,70
MAT_0149,Matara,2021,Maha,Bandakka,2021-10-18,0.5,2021-12-17,3550.0,1775.0,10,12,60
MAT_0150,Matara,2021,Maha,Bandakka,2021-10-25,0.5,2021-12-28,2750.0,1375.0,10,12,64
MAT_0151,Matara,2021,Maha,Bandakka,2021-10-15,6.5,2021-12-22,3350.0,21775.0,10,12,68
MAT_0152,Matara,2021,Maha,Brinjal,2021-11-08,1.5,2022-03-06,3500.0,5250.0,11,3,118
MAT_0153,Matara,2021,Maha,Brinjal,2021-11-15,1.5,2022-03-01,3200.0,4800.0,11,3,106
MAT_0154,Matara,2021,Maha,Brinjal,2021-11-25,2.0,2022-03-14,3050.0,6100.0,11,3,109
MAT_0155,Matara,2021,Maha,Brinjal,2021-11-17,7.0,2022-03-08,2750.0,19250.0,11,3,111
MAT_0156,Matara,2021,Maha,Brinjal,2021-11-09,0.5,2022-03-04,2550.0,1275.0,11,3,115
MAT_0157,Matara,2021,Maha,Brinjal,2021-11-02,1.5,2022-02-17,2950.0,4425.0,11,2,107
MAT_0158,Matara,2021,Maha,Brinjal,2021-11-16,3.5,2022-02-25,3300.0,11550.0,11,2,101
MAT_0159,Matara,2021,Maha,Brinjal,2021-11-20,1.0,2022-03-20,3100.0,3100.0,11,3,120
MAT_0160,Matara,2021,Maha,Brinjal,2021-10-14,7.0,2022-02-09,3100.0,21700.0,10,2,118
MAT_0161,Matara,2021,Maha,Brinjal,2021-10-27,1.5,2022-02-18,3700.0,5550.0,10,2,114
MAT_0162,Matara,2021,Maha,Pumpkin,2021-11-29,3.5,2022-03-24,3900.0,13650.0,11,3,115
MAT_0163,Matara,2021,Maha,Pumpkin,2021-10-12,3.5,2022-01-15,3700.0,12950.0,10,1,95
MAT_0164,Matara,2021,Maha,Pumpkin,2021-10-12,0.5,2022-01-19,3300.0,1650.0,10,1,99
MAT_0165,Matara,2021,Maha,Pumpkin,2021-11-11,1.5,2022-02-24,2900.0,4350.0,11,2,105
MAT_0166,Matara,2021,Maha,Pumpkin,2021-11-14,1.5,2022-02-21,3400.0,5100.0,11,2,99
MAT_0167,Matara,2021,Maha,Pumpkin,2021-10-27,7.0,2022-02-02,2700.0,18900.0,10,2,98
MAT_0168,Matara,2021,Maha,Pumpkin,2021-10-18,7.0,2022-02-10,3300.0,23100.0,10,2,115
MAT_0169,Matara,2021,Maha,Pumpkin,2021-11-21,0.5,2022-02-24,3500.0,1750.0,11,2,95
MAT_0170,Matara,2021,Maha,Pumpkin,2021-10-05,3.5,2022-01-10,3100.0,10850.0,10,1,97
MAT_0171,Matara,2021,Maha,Pumpkin,2021-10-09,2.0,2022-02-03,3250.0,6500.0,10,2,117
MAT_0172,Matara,2021,Maha,Chillies,2021-10-09,1.5,2022-02-15,1850.0,2775.0,10,2,129
MAT_0173,Matara,2021,Maha,Chillies,2021-10-14,1.5,2022-02-19,1450.0,2175.0,10,2,128
MAT_0174,Matara,2021,Maha,Chillies,2021-10-29,2.0,2022-03-05,1550.0,3100.0,10,3,127
MAT_0175,Matara,2021,Maha,Chillies,2021-11-16,7.0,2022-03-29,1950.0,13650.0,11,3,133
MAT_0176,Matara,2021,Maha,Chillies,2021-10-04,1.0,2022-03-02,1350.0,1350.0,10,3,149
MAT_0177,Matara,2021,Maha,Chillies,2021-10-26,1.0,2022-03-13,1650.0,1650.0,10,3,138
MAT_0178,Matara,2021,Maha,Chillies,2021-11-15,7.0,2022-04-05,1750.0,12250.0,11,4,141
MAT_0179,Matara,2021,Maha,Chillies,2021-10-29,2.0,2022-02-28,1700.0,3400.0,10,2,122
MAT_0180,Matara,2021,Maha,Chillies,2021-10-02,2.0,2022-02-25,1650.0,3300.0,10,2,146
MAT_0181,Matara,2021,Maha,Chillies,2021-10-07,6.5,2022-03-04,1600.0,10400.0,10,3,148
MAT_0182,Matara,2021,Yala,Mung Beans,2021-04-25,3.5,2021-07-21,350.0,1225.0,4,7,87
MAT_0183,Matara,2021,Yala,Mung Beans,2021-04-18,2.0,2021-07-07,350.0,700.0,4,7,80
MAT_0184,Matara,2021,Yala,Mung Beans,2021-05-28,1.5,2021-08-03,400.0,600.0,5,8,67
MAT_0185,Matara,2021,Yala,Mung Beans,2021-04-24,6.5,2021-07-20,400.0,2600.0,4,7,87
MAT_0186,Matara,2021,Yala,Mung Beans,2021-05-25,3.5,2021-08-20,300.0,1050.0,5,8,87
MAT_0187,Matara,2021,Yala,Mung Beans,2021-05-01,6.5,2021-07-22,400.0,2600.0,5,7,82
MAT_0188,Matara,2021,Yala,Mung Beans,2021-04-11,1.5,2021-06-10,400.0,600.0,4,6,60
MAT_0189,Matara,2021,Yala,Mung Beans,2021-04-13,7.0,2021-06-17,350.0,2450.0,4,6,65
MAT_0190,Matara,2021,Yala,Mung Beans,2021-04-24,3.5,2021-07-21,450.0,1575.0,4,7,88
MAT_0191,Matara,2021,Yala,Mung Beans,2021-04-14,6.5,2021-06-26,400.0,2600.0,4,6,73
MAT_0192,Matara,2021,Yala,Corn,2021-04-27,1.5,2021-08-09,1200.0,1800.0,4,8,104
MAT_0193,Matara,2021,Yala,Corn,2021-05-12,1.5,2021-09-07,1050.0,1575.0,5,9,118
MAT_0194,Matara,2021,Yala,Corn,2021-05-08,2.0,2021-08-17,1100.0,2200.0,5,8,101
MAT_0195,Matara,2021,Yala,Corn,2021-04-24,1.5,2021-08-06,1100.0,1650.0,4,8,104
MAT_0196,Matara,2021,Yala,Corn,2021-04-11,1.0,2021-07-25,1250.0,1250.0,4,7,105
MAT_0197,Matara,2021,Yala,Corn,2021-04-04,1.5,2021-07-15,1150.0,1725.0,4,7,102
MAT_0198,Matara,2021,Yala,Corn,2021-05-30,0.5,2021-09-10,1300.0,650.0,5,9,103
MAT_0199,Matara,2021,Yala,Corn,2021-05-28,1.0,2021-09-19,1100.0,1100.0,5,9,114
MAT_0200,Matara,2021,Yala,Corn,2021-04-17,1.5,2021-07-26,900.0,1350.0,4,7,100
MAT_0201,Matara,2021,Yala,Corn,2021-05-27,1.5,2021-09-08,1000.0,1500.0,5,9,104
MAT_0202,Matara,2021,Yala,Bandakka,2021-04-11,7.0,2021-06-16,3350.0,23450.0,4,6,66
MAT_0203,Matara,2021,Yala,Bandakka,2021-05-11,1.5,2021-07-18,3250.0,4875.0,5,7,68
MAT_0204,Matara,2021,Yala,Bandakka,2021-05-07,7.0,2021-07-15,3850.0,26950.0,5,7,69
MAT_0205,Matara,2021,Yala,Bandakka,2021-04-11,7.0,2021-06-20,3500.0,24500.0,4,6,70
MAT_0206,Matara,2021,Yala,Bandakka,2021-04-25,3.5,2021-07-02,3450.0,12075.0,4,7,68
MAT_0207,Matara,2021,Yala,Bandakka,2021-04-17,3.5,2021-06-17,3050.0,10675.0,4,6,61
MAT_0208,Matara,2021,Yala,Bandakka,2021-04-04,7.0,2021-06-12,3650.0,25550.0,4,6,69
MAT_0209,Matara,2021,Yala,Bandakka,2021-05-17,3.5,2021-07-21,3450.0,12075.0,5,7,65
MAT_0210,Matara,2021,Yala,Bandakka,2021-05-22,7.0,2021-07-24,4050.0,28350.0,5,7,63
MAT_0211,Matara,2021,Yala,Bandakka,2021-04-26,6.5,2021-06-28,2800.0,18200.0,4,6,63
MAT_0212,Matara,2021,Yala,Brinjal,2021-04-28,3.5,2021-08-14,800.0,2800.0,4,8,108
MAT_0213,Matara,2021,Yala,Brinjal,2021-05-01,3.5,2021-08-21,850.0,2975.0,5,8,112
MAT_0214,Matara,2021,Yala,Brinjal,2021-04-30,1.5,2021-08-13,750.0,1125.0,4,8,105
MAT_0215,Matara,2021,Yala,Brinjal,2021-05-22,7.0,2021-09-04,700.0,4900.0,5,9,105
MAT_0216,Matara,2021,Yala,Brinjal,2021-05-29,6.5,2021-09-18,700.0,4550.0,5,9,112
MAT_0217,Matara,2021,Yala,Brinjal,2021-04-11,6.5,2021-07-22,700.0,4550.0,4,7,102
MAT_0218,Matara,2021,Yala,Brinjal,2021-04-13,1.5,2021-07-29,750.0,1125.0,4,7,107
MAT_0219,Matara,2021,Yala,Brinjal,2021-04-12,1.5,2021-08-01,650.0,975.0,4,8,111
MAT_0220,Matara,2021,Yala,Brinjal,2021-04-13,1.5,2021-08-08,600.0,900.0,4,8,117
MAT_0221,Matara,2021,Yala,Brinjal,2021-04-16,1.5,2021-07-28,700.0,1050.0,4,7,103
MAT_0222,Matara,2021,Yala,Pumpkin,2021-04-02,0.5,2021-07-28,4850.0,2425.0,4,7,117
MAT_0223,Matara,2021,Yala,Pumpkin,2021-04-30,0.5,2021-08-21,4350.0,2175.0,4,8,113
MAT_0224,Matara,2021,Yala,Pumpkin,2021-04-29,7.0,2021-08-24,4600.0,32200.0,4,8,117
MAT_0225,Matara,2021,Yala,Pumpkin,2021-04-30,3.5,2021-08-27,3550.0,12425.0,4,8,119
MAT_0226,Matara,2021,Yala,Pumpkin,2021-04-15,7.0,2021-08-02,5150.0,36050.0,4,8,109
MAT_0227,Matara,2021,Yala,Pumpkin,2021-05-29,1.0,2021-09-08,4350.0,4350.0,5,9,102
MAT_0228,Matara,2021,Yala,Pumpkin,2021-05-01,0.5,2021-08-10,4100.0,2050.0,5,8,101
MAT_0229,Matara,2021,Yala,Pumpkin,2021-05-15,1.5,2021-08-13,4250.0,6375.0,5,8,90
MAT_0230,Matara,2021,Yala,Pumpkin,2021-04-25,1.0,2021-08-19,3850.0,3850.0,4,8,116
MAT_0231,Matara,2021,Yala,Pumpkin,2021-05-06,1.5,2021-08-10,4450.0,6675.0,5,8,96
MAT_0232,Matara,2021,Yala,Chillies,2021-05-06,1.5,2021-09-08,1400.0,2100.0,5,9,125
MAT_0233,Matara,2021,Yala,Chillies,2021-05-14,7.0,2021-09-22,1650.0,11550.0,5,9,131
MAT_0234,Matara,2021,Yala,Chillies,2021-05-06,6.5,2021-09-17,1600.0,10400.0,5,9,134
MAT_0235,Matara,2021,Yala,Chillies,2021-05-04,1.5,2021-09-11,1150.0,1725.0,5,9,130
MAT_0236,Matara,2021,Yala,Chillies,2021-05-01,2.0,2021-09-17,1400.0,2800.0,5,9,139
MAT_0237,Matara,2021,Yala,Chillies,2021-05-01,1.5,2021-09-11,1400.0,2100.0,5,9,133
MAT_0238,Matara,2021,Yala,Chillies,2021-04-20,6.5,2021-08-18,1450.0,9425.0,4,8,120
MAT_0239,Matara,2021,Yala,Chillies,2021-05-15,7.0,2021-09-23,1250.0,8750.0,5,9,131
MAT_0240,Matara,2021,Yala,Chillies,2021-05-18,2.0,2021-09-16,1300.0,2600.0,5,9,121
MAT_0241,Matara,2021,Yala,Chillies,2021-04-12,0.5,2021-08-17,1400.0,700.0,4,8,127
MAT_0242,Matara,2021,Yala,Chillies,2021-04-03,1.0,2021-08-27,1500.0,1500.0,4,8,146
MAT_0243,Matara,2022,Maha,Mung Beans,2022-11-20,3.5,2023-01-27,450.0,1575.0,11,1,68
MAT_0244,Matara,2022,Maha,Mung Beans,2022-10-24,1.0,2022-12-31,350.0,350.0,10,12,68
MAT_0245,Matara,2022,Maha,Mung Beans,2022-10-03,7.0,2022-12-07,400.0,2800.0,10,12,65
MAT_0246,Matara,2022,Maha,Mung Beans,2022-10-31,1.5,2023-01-16,350.0,525.0,10,1,77
MAT_0247,Matara,2022,Maha,Mung Beans,2022-10-14,0.5,2022-12-15,400.0,200.0,10,12,62
MAT_0248,Matara,2022,Maha,Mung Beans,2022-11-11,0.5,2023-02-02,450.0,225.0,11,2,83
MAT_0249,Matara,2022,Maha,Mung Beans,2022-10-19,3.5,2022-12-22,400.0,1400.0,10,12,64
MAT_0250,Matara,2022,Maha,Mung Beans,2022-11-13,3.5,2023-01-14,500.0,1750.0,11,1,62
MAT_0251,Matara,2022,Maha,Mung Beans,2022-11-11,1.0,2023-01-26,400.0,400.0,11,1,76
MAT_0252,Matara,2022,Maha,Mung Beans,2022-11-06,1.0,2023-01-12,400.0,400.0,11,1,67
MAT_0253,Matara,2022,Maha,Mung Beans,2022-10-13,3.5,2022-12-26,400.0,1400.0,10,12,74
MAT_0254,Matara,2022,Maha,Corn,2022-11-22,6.5,2023-03-09,1200.0,7800.0,11,3,107
MAT_0255,Matara,2022,Maha,Corn,2022-11-28,7.0,2023-03-13,1200.0,8400.0,11,3,105
MAT_0256,Matara,2022,Maha,Corn,2022-11-27,7.0,2023-03-19,1350.0,9450.0,11,3,112
MAT_0257,Matara,2022,Maha,Corn,2022-10-22,1.0,2023-02-07,1400.0,1400.0,10,2,108
MAT_0258,Matara,2022,Maha,Corn,2022-11-19,6.5,2023-02-28,1150.0,7475.0,11,2,101
MAT_0259,Matara,2022,Maha,Corn,2022-11-22,2.0,2023-03-22,1050.0,2100.0,11,3,120
MAT_0260,Matara,2022,Maha,Corn,2022-10-25,0.5,2023-02-02,1200.0,600.0,10,2,100
MAT_0261,Matara,2022,Maha,Corn,2022-11-25,7.0,2023-03-25,1250.0,8750.0,11,3,120
MAT_0262,Matara,2022,Maha,Corn,2022-11-24,0.5,2023-03-07,1200.0,600.0,11,3,103
MAT_0263,Matara,2022,Maha,Corn,2022-11-22,3.5,2023-03-19,1000.0,3500.0,11,3,117
MAT_0264,Matara,2022,Maha,Bandakka,2022-11-11,3.5,2023-01-16,2900.0,10150.0,11,1,66
MAT_0265,Matara,2022,Maha,Bandakka,2022-10-30,1.0,2023-01-08,3300.0,3300.0,10,1,70
MAT_0266,Matara,2022,Maha,Bandakka,2022-10-09,7.0,2022-12-13,3500.0,24500.0,10,12,65
MAT_0267,Matara,2022,Maha,Bandakka,2022-11-13,1.0,2023-01-20,3350.0,3350.0,11,1,68
MAT_0268,Matara,2022,Maha,Bandakka,2022-11-25,6.5,2023-02-02,3700.0,24050.0,11,2,69
MAT_0269,Matara,2022,Maha,Bandakka,2022-11-17,7.0,2023-01-26,2700.0,18900.0,11,1,70
MAT_0270,Matara,2022,Maha,Bandakka,2022-10-17,0.5,2022-12-16,3250.0,1625.0,10,12,60
MAT_0271,Matara,2022,Maha,Bandakka,2022-11-19,1.0,2023-01-25,3900.0,3900.0,11,1,67
MAT_0272,Matara,2022,Maha,Bandakka,2022-10-27,6.5,2022-12-28,3100.0,20150.0,10,12,62
MAT_0273,Matara,2022,Maha,Bandakka,2022-11-06,2.0,2023-01-12,3300.0,6600.0,11,1,67
MAT_0274,Matara,2022,Maha,Brinjal,2022-11-13,7.0,2023-02-23,3050.0,21350.0,11,2,102
MAT_0275,Matara,2022,Maha,Brinjal,2022-10-17,6.5,2023-02-05,3300.0,21450.0,10,2,111
MAT_0276,Matara,2022,Maha,Brinjal,2022-11-10,0.5,2023-02-25,3100.0,1550.0,11,2,107
MAT_0277,Matara,2022,Maha,Brinjal,2022-10-11,6.5,2023-01-24,3700.0,24050.0,10,1,105
MAT_0278,Matara,2022,Maha,Brinjal,2022-10-14,0.5,2023-02-07,3500.0,1750.0,10,2,116
MAT_0279,Matara,2022,Maha,Brinjal,2022-10-22,2.0,2023-02-04,3100.0,6200.0,10,2,105
MAT_0280,Matara,2022,Maha,Brinjal,2022-11-04,7.0,2023-02-16,2950.0,20650.0,11,2,104
MAT_0281,Matara,2022,Maha,Brinjal,2022-11-04,1.0,2023-02-24,3200.0,3200.0,11,2,112
MAT_0282,Matara,2022,Maha,Brinjal,2022-11-20,3.5,2023-03-15,2750.0,9625.0,11,3,115
MAT_0283,Matara,2022,Maha,Brinjal,2022-10-17,0.5,2023-02-03,2550.0,1275.0,10,2,109
MAT_0284,Matara,2022,Maha,Pumpkin,2022-10-10,3.5,2023-01-16,500.0,1750.0,10,1,98
MAT_0285,Matara,2022,Maha,Pumpkin,2022-10-21,1.0,2023-01-28,550.0,550.0,10,1,99
MAT_0286,Matara,2022,Maha,Pumpkin,2022-10-18,3.5,2023-02-08,550.0,1925.0,10,2,113
MAT_0287,Matara,2022,Maha,Pumpkin,2022-10-31,1.0,2023-02-24,600.0,600.0,10,2,116
MAT_0288,Matara,2022,Maha,Pumpkin,2022-10-19,2.0,2023-02-08,400.0,800.0,10,2,112
MAT_0289,Matara,2022,Maha,Pumpkin,2022-10-13,7.0,2023-01-18,500.0,3500.0,10,1,97
MAT_0290,Matara,2022,Maha,Pumpkin,2022-10-19,7.0,2023-01-22,500.0,3500.0,10,1,95
MAT_0291,Matara,2022,Maha,Pumpkin,2022-11-27,0.5,2023-03-04,600.0,300.0,11,3,97
MAT_0292,Matara,2022,Maha,Pumpkin,2022-11-10,2.0,2023-03-10,500.0,1000.0,11,3,120
MAT_0293,Matara,2022,Maha,Pumpkin,2022-10-29,7.0,2023-01-27,450.0,3150.0,10,1,90
MAT_0294,Matara,2022,Maha,Chillies,2022-11-25,3.5,2023-04-22,1850.0,6475.0,11,4,148
MAT_0295,Matara,2022,Maha,Chillies,2022-10-21,2.0,2023-02-22,1750.0,3500.0,10,2,124
MAT_0296,Matara,2022,Maha,Chillies,2022-11-04,1.5,2023-03-28,1650.0,2475.0,11,3,144
MAT_0297,Matara,2022,Maha,Chillies,2022-11-04,2.0,2023-03-18,1650.0,3300.0,11,3,134
MAT_0298,Matara,2022,Maha,Chillies,2022-11-28,1.0,2023-03-31,1450.0,1450.0,11,3,123
MAT_0299,Matara,2022,Maha,Chillies,2022-10-13,1.5,2023-03-08,1700.0,2550.0,10,3,146
MAT_0300,Matara,2022,Maha,Chillies,2022-10-08,0.5,2023-03-05,1650.0,825.0,10,3,148
MAT_0301,Matara,2022,Maha,Chillies,2022-10-21,2.0,2023-03-20,1950.0,3900.0,10,3,150
MAT_0302,Matara,2022,Maha,Chillies,2022-10-20,3.5,2023-03-15,1550.0,5425.0,10,3,146
MAT_0303,Matara,2022,Maha,Chillies,2022-11-22,7.0,2023-03-24,1350.0,9450.0,11,3,122
MAT_0304,Matara,2022,Yala,Mung Beans,2022-04-04,6.5,2022-06-27,550.0,3575.0,4,6,84
MAT_0305,Matara,2022,Yala,Mung Beans,2022-04-19,1.0,2022-07-09,450.0,450.0,4,7,81
MAT_0306,Matara,2022,Yala,Mung Beans,2022-04-12,7.0,2022-07-01,500.0,3500.0,4,7,80
MAT_0307,Matara,2022,Yala,Mung Beans,2022-04-13,6.5,2022-07-03,450.0,2925.0,4,7,81
MAT_0308,Matara,2022,Yala,Mung Beans,2022-04-09,3.5,2022-06-15,550.0,1925.0,4,6,67
MAT_0309,Matara,2022,Yala,Mung Beans,2022-04-11,6.5,2022-06-24,500.0,3250.0,4,6,74
MAT_0310,Matara,2022,Yala,Mung Beans,2022-04-29,1.5,2022-07-14,500.0,750.0,4,7,76
MAT_0311,Matara,2022,Yala,Mung Beans,2022-04-13,7.0,2022-07-01,450.0,3150.0,4,7,79
MAT_0312,Matara,2022,Yala,Mung Beans,2022-05-21,6.5,2022-08-03,500.0,3250.0,5,8,74
MAT_0313,Matara,2022,Yala,Mung Beans,2022-05-04,2.0,2022-07-25,400.0,800.0,5,7,82
MAT_0314,Matara,2022,Yala,Corn,2022-05-22,2.0,2022-09-05,1000.0,2000.0,5,9,106
MAT_0315,Matara,2022,Yala,Corn,2022-05-30,7.0,2022-09-27,1150.0,8050.0,5,9,120
MAT_0316,Matara,2022,Yala,Corn,2022-04-19,1.0,2022-07-31,1050.0,1050.0,4,7,103
MAT_0317,Matara,2022,Yala,Corn,2022-04-11,2.0,2022-07-26,1350.0,2700.0,4,7,106
MAT_0318,Matara,2022,Yala,Corn,2022-05-07,3.5,2022-08-29,1100.0,3850.0,5,8,114
MAT_0319,Matara,2022,Yala,Corn,2022-05-24,1.5,2022-09-01,1150.0,1725.0,5,9,100
MAT_0320,Matara,2022,Yala,Corn,2022-05-03,3.5,2022-08-21,1200.0,4200.0,5,8,110
MAT_0321,Matara,2022,Yala,Corn,2022-04-09,7.0,2022-07-26,1250.0,8750.0,4,7,108
MAT_0322,Matara,2022,Yala,Corn,2022-05-26,3.5,2022-09-11,950.0,3325.0,5,9,108
MAT_0323,Matara,2022,Yala,Corn,2022-05-05,6.5,2022-08-19,1150.0,7475.0,5,8,106
MAT_0324,Matara,2022,Yala,Bandakka,2022-04-08,0.5,2022-06-14,3500.0,1750.0,4,6,67
MAT_0325,Matara,2022,Yala,Bandakka,2022-05-02,6.5,2022-07-05,4050.0,26325.0,5,7,64
MAT_0326,Matara,2022,Yala,Bandakka,2022-05-27,6.5,2022-07-30,3450.0,22425.0,5,7,64
MAT_0327,Matara,2022,Yala,Bandakka,2022-04-20,2.0,2022-06-19,3350.0,6700.0,4,6,60
MAT_0328,Matara,2022,Yala,Bandakka,2022-05-02,2.0,2022-07-02,3050.0,6100.0,5,7,61
MAT_0329,Matara,2022,Yala,Bandakka,2022-04-08,6.5,2022-06-10,3650.0,23725.0,4,6,63
MAT_0330,Matara,2022,Yala,Bandakka,2022-05-29,6.5,2022-08-07,3850.0,25025.0,5,8,70
MAT_0331,Matara,2022,Yala,Bandakka,2022-05-17,0.5,2022-07-22,2800.0,1400.0,5,7,66
MAT_0332,Matara,2022,Yala,Bandakka,2022-05-31,6.5,2022-08-08,3250.0,21125.0,5,8,69
MAT_0333,Matara,2022,Yala,Bandakka,2022-04-05,2.0,2022-06-13,3450.0,6900.0,4,6,69
MAT_0334,Matara,2022,Yala,Brinjal,2022-04-17,1.0,2022-08-14,3250.0,3250.0,4,8,119
MAT_0335,Matara,2022,Yala,Brinjal,2022-04-13,1.5,2022-07-22,3950.0,5925.0,4,7,100
MAT_0336,Matara,2022,Yala,Brinjal,2022-05-27,2.0,2022-09-14,4200.0,8400.0,5,9,110
MAT_0337,Matara,2022,Yala,Brinjal,2022-04-17,1.5,2022-07-29,4000.0,6000.0,4,7,103
MAT_0338,Matara,2022,Yala,Brinjal,2022-05-30,7.0,2022-09-23,3850.0,26950.0,5,9,116
MAT_0339,Matara,2022,Yala,Brinjal,2022-04-09,3.5,2022-07-29,3450.0,12075.0,4,7,111
MAT_0340,Matara,2022,Yala,Brinjal,2022-04-29,2.0,2022-08-25,3700.0,7400.0,4,8,118
MAT_0341,Matara,2022,Yala,Brinjal,2022-05-28,1.5,2022-09-07,4650.0,6975.0,5,9,102
MAT_0342,Matara,2022,Yala,Brinjal,2022-05-15,1.5,2022-09-12,4400.0,6600.0,5,9,120
MAT_0343,Matara,2022,Yala,Brinjal,2022-04-17,0.5,2022-08-15,3950.0,1975.0,4,8,120
MAT_0344,Matara,2022,Yala,Pumpkin,2022-05-03,6.5,2022-08-14,4400.0,28600.0,5,8,103
MAT_0345,Matara,2022,Yala,Pumpkin,2022-05-24,1.0,2022-09-08,4300.0,4300.0,5,9,107
MAT_0346,Matara,2022,Yala,Pumpkin,2022-04-15,0.5,2022-07-26,4650.0,2325.0,4,7,102
MAT_0347,Matara,2022,Yala,Pumpkin,2022-04-28,2.0,2022-08-25,4100.0,8200.0,4,8,119
MAT_0348,Matara,2022,Yala,Pumpkin,2022-04-26,1.5,2022-08-09,4450.0,6675.0,4,8,105
MAT_0349,Matara,2022,Yala,Pumpkin,2022-04-05,1.5,2022-07-09,5150.0,7725.0,4,7,95
MAT_0350,Matara,2022,Yala,Pumpkin,2022-04-05,0.5,2022-07-25,4400.0,2200.0,4,7,111
MAT_0351,Matara,2022,Yala,Pumpkin,2022-05-22,7.0,2022-08-24,4900.0,34300.0,5,8,94
MAT_0352,Matara,2022,Yala,Pumpkin,2022-04-11,6.5,2022-08-03,3850.0,25025.0,4,8,114
MAT_0353,Matara,2022,Yala,Pumpkin,2022-05-17,3.5,2022-08-25,3600.0,12600.0,5,8,100
MAT_0354,Matara,2022,Yala,Chillies,2022-05-08,1.0,2022-09-22,1500.0,1500.0,5,9,137
MAT_0355,Matara,2022,Yala,Chillies,2022-04-13,6.5,2022-09-02,1650.0,10725.0,4,9,142
MAT_0356,Matara,2022,Yala,Chillies,2022-05-27,7.0,2022-10-10,1400.0,9800.0,5,10,136
MAT_0357,Matara,2022,Yala,Chillies,2022-05-28,6.5,2022-10-17,1450.0,9425.0,5,10,142
MAT_0358,Matara,2022,Yala,Chillies,2022-04-26,2.0,2022-09-06,1350.0,2700.0,4,9,133
MAT_0359,Matara,2022,Yala,Chillies,2022-04-01,1.0,2022-08-08,1150.0,1150.0,4,8,129
MAT_0360,Matara,2022,Yala,Chillies,2022-05-10,2.0,2022-10-01,1400.0,2800.0,5,10,144
MAT_0361,Matara,2022,Yala,Chillies,2022-05-25,0.5,2022-10-07,1550.0,775.0,5,10,135
MAT_0362,Matara,2022,Yala,Chillies,2022-04-13,0.5,2022-08-17,1300.0,650.0,4,8,126
MAT_0363,Matara,2022,Yala,Chillies,2022-05-26,1.0,2022-10-18,1250.0,1250.0,5,10,145
MAT_0364,Matara,2023,Maha,Mung Beans,2023-11-07,0.5,2024-02-05,400.0,200.0,11,2,90
MAT_0365,Matara,2023,Maha,Mung Beans,2023-11-12,1.5,2024-02-07,400.0,600.0,11,2,87
MAT_0366,Matara,2023,Maha,Mung Beans,2023-10-25,7.0,2024-01-23,450.0,3150.0,10,1,90
MAT_0367,Matara,2023,Maha,Mung Beans,2023-10-20,6.5,2023-12-19,350.0,2275.0,10,12,60
MAT_0368,Matara,2023,Maha,Mung Beans,2023-10-21,2.0,2023-12-22,350.0,700.0,10,12,62
MAT_0369,Matara,2023,Maha,Mung Beans,2023-10-30,0.5,2024-01-15,400.0,200.0,10,1,77
MAT_0370,Matara,2023,Maha,Mung Beans,2023-10-19,2.0,2024-01-07,400.0,800.0,10,1,80
MAT_0371,Matara,2023,Maha,Mung Beans,2023-10-05,0.5,2023-12-15,400.0,200.0,10,12,71
MAT_0372,Matara,2023,Maha,Mung Beans,2023-10-24,1.5,2024-01-14,450.0,675.0,10,1,82
MAT_0373,Matara,2023,Maha,Mung Beans,2023-10-03,3.5,2023-12-27,400.0,1400.0,10,12,85
MAT_0374,Matara,2023,Maha,Corn,2023-11-11,3.5,2024-03-09,1200.0,4200.0,11,3,119
MAT_0375,Matara,2023,Maha,Corn,2023-11-28,1.0,2024-03-12,1050.0,1050.0,11,3,105
MAT_0376,Matara,2023,Maha,Corn,2023-11-30,1.5,2024-03-24,1400.0,2100.0,11,3,115
MAT_0377,Matara,2023,Maha,Corn,2023-11-06,0.5,2024-02-17,1150.0,575.0,11,2,103
MAT_0378,Matara,2023,Maha,Corn,2023-11-09,0.5,2024-03-01,1250.0,625.0,11,3,113
MAT_0379,Matara,2023,Maha,Corn,2023-11-10,7.0,2024-02-28,1350.0,9450.0,11,2,110
MAT_0380,Matara,2023,Maha,Corn,2023-11-02,1.0,2024-02-25,1000.0,1000.0,11,2,115
MAT_0381,Matara,2023,Maha,Corn,2023-10-24,1.0,2024-02-14,1200.0,1200.0,10,2,113
MAT_0382,Matara,2023,Maha,Corn,2023-10-20,1.5,2024-02-11,1200.0,1800.0,10,2,114
MAT_0383,Matara,2023,Maha,Corn,2023-10-26,2.0,2024-02-18,1200.0,2400.0,10,2,115
MAT_0384,Matara,2023,Maha,Bandakka,2023-11-15,1.0,2024-01-16,3650.0,3650.0,11,1,62
MAT_0385,Matara,2023,Maha,Bandakka,2023-11-18,2.0,2024-01-20,3200.0,6400.0,11,1,63
MAT_0386,Matara,2023,Maha,Bandakka,2023-11-10,3.5,2024-01-13,3850.0,13475.0,11,1,64
MAT_0387,Matara,2023,Maha,Bandakka,2023-10-03,6.5,2023-12-09,3600.0,23400.0,10,12,67
MAT_0388,Matara,2023,Maha,Bandakka,2023-10-17,6.5,2023-12-24,3450.0,22425.0,10,12,68
MAT_0389,Matara,2023,Maha,Bandakka,2023-11-18,0.5,2024-01-22,4100.0,2050.0,11,1,65
MAT_0390,Matara,2023,Maha,Bandakka,2023-10-16,6.5,2023-12-24,3700.0,24050.0,10,12,69
MAT_0391,Matara,2023,Maha,Bandakka,2023-10-08,7.0,2023-12-16,4300.0,30100.0,10,12,69
MAT_0392,Matara,2023,Maha,Bandakka,2023-10-17,6.5,2023-12-19,3000.0,19500.0,10,12,63
MAT_0393,Matara,2023,Maha,Bandakka,2023-11-28,6.5,2024-02-01,3650.0,23725.0,11,2,65
MAT_0394,Matara,2023,Maha,Brinjal,2023-10-09,6.5,2024-01-31,4150.0,26975.0,10,1,114
MAT_0395,Matara,2023,Maha,Brinjal,2023-11-04,2.0,2024-02-20,3450.0,6900.0,11,2,108
MAT_0396,Matara,2023,Maha,Brinjal,2023-11-29,1.5,2024-03-24,3200.0,4800.0,11,3,116
MAT_0397,Matara,2023,Maha,Brinjal,2023-11-10,3.5,2024-02-28,4000.0,14000.0,11,2,110
MAT_0398,Matara,2023,Maha,Brinjal,2023-11-08,2.0,2024-02-20,3700.0,7400.0,11,2,104
MAT_0399,Matara,2023,Maha,Brinjal,2023-11-29,7.0,2024-03-22,3900.0,27300.0,11,3,114
MAT_0400,Matara,2023,Maha,Brinjal,2023-11-26,1.5,2024-03-16,3850.0,5775.0,11,3,111
MAT_0401,Matara,2023,Maha,Brinjal,2023-10-05,7.0,2024-01-23,4400.0,30800.0,10,1,110
MAT_0402,Matara,2023,Maha,Brinjal,2023-11-09,2.0,2024-03-07,4650.0,9300.0,11,3,119
MAT_0403,Matara,2023,Maha,Brinjal,2023-10-19,7.0,2024-02-04,3900.0,27300.0,10,2,108
MAT_0404,Matara,2023,Maha,Brinjal,2023-11-28,7.0,2024-03-09,3900.0,27300.0,11,3,102
MAT_0405,Matara,2023,Maha,Pumpkin,2023-11-27,6.5,2024-03-03,2400.0,15600.0,11,3,97
MAT_0406,Matara,2023,Maha,Pumpkin,2023-10-16,0.5,2024-01-21,3100.0,1550.0,10,1,97
MAT_0407,Matara,2023,Maha,Pumpkin,2023-11-14,0.5,2024-02-29,3450.0,1725.0,11,2,107
MAT_0408,Matara,2023,Maha,Pumpkin,2023-10-02,1.5,2024-01-05,2950.0,4425.0,10,1,95
MAT_0409,Matara,2023,Maha,Pumpkin,2023-10-13,1.5,2024-01-29,3300.0,4950.0,10,1,108
MAT_0410,Matara,2023,Maha,Pumpkin,2023-11-12,3.5,2024-02-23,2950.0,10325.0,11,2,103
MAT_0411,Matara,2023,Maha,Pumpkin,2023-10-06,1.0,2024-01-28,2600.0,2600.0,10,1,114
MAT_0412,Matara,2023,Maha,Pumpkin,2023-10-14,1.0,2024-01-22,2900.0,2900.0,10,1,100
MAT_0413,Matara,2023,Maha,Pumpkin,2023-11-08,2.0,2024-02-15,3000.0,6000.0,11,2,99
MAT_0414,Matara,2023,Maha,Pumpkin,2023-11-08,6.5,2024-02-10,2750.0,17875.0,11,2,94
MAT_0415,Matara,2023,Maha,Chillies,2023-11-15,0.5,2024-03-15,1600.0,800.0,11,3,121
MAT_0416,Matara,2023,Maha,Chillies,2023-11-16,2.0,2024-03-27,1500.0,3000.0,11,3,132
MAT_0417,Matara,2023,Maha,Chillies,2023-11-03,3.5,2024-03-12,1800.0,6300.0,11,3,130
MAT_0418,Matara,2023,Maha,Chillies,2023-10-14,1.0,2024-02-12,1300.0,1300.0,10,2,121
MAT_0419,Matara,2023,Maha,Chillies,2023-10-06,1.0,2024-02-10,1600.0,1600.0,10,2,127
MAT_0420,Matara,2023,Maha,Chillies,2023-10-14,1.0,2024-02-22,1700.0,1700.0,10,2,131
MAT_0421,Matara,2023,Maha,Chillies,2023-10-21,1.5,2024-02-29,1400.0,2100.0,10,2,131
MAT_0422,Matara,2023,Maha,Chillies,2023-10-22,2.0,2024-03-04,1650.0,3300.0,10,3,134
MAT_0423,Matara,2023,Maha,Chillies,2023-11-03,6.5,2024-03-12,1900.0,12350.0,11,3,130
MAT_0424,Matara,2023,Maha,Chillies,2023-10-13,0.5,2024-03-01,1550.0,775.0,10,3,140
MAT_0425,Matara,2023,Yala,Mung Beans,2023-04-04,1.0,2023-06-18,550.0,550.0,4,6,75
MAT_0426,Matara,2023,Yala,Mung Beans,2023-05-13,6.5,2023-07-22,600.0,3900.0,5,7,70
MAT_0427,Matara,2023,Yala,Mung Beans,2023-05-18,1.5,2023-07-24,550.0,825.0,5,7,67
MAT_0428,Matara,2023,Yala,Mung Beans,2023-05-02,1.0,2023-07-14,550.0,550.0,5,7,73
MAT_0429,Matara,2023,Yala,Mung Beans,2023-05-02,6.5,2023-07-05,450.0,2925.0,5,7,64
MAT_0430,Matara,2023,Yala,Mung Beans,2023-05-12,6.5,2023-07-16,500.0,3250.0,5,7,65
MAT_0431,Matara,2023,Yala,Mung Beans,2023-04-23,3.5,2023-06-23,600.0,2100.0,4,6,61
MAT_0432,Matara,2023,Yala,Mung Beans,2023-05-23,7.0,2023-07-30,550.0,3850.0,5,7,68
MAT_0433,Matara,2023,Yala,Mung Beans,2023-05-31,7.0,2023-08-15,650.0,4550.0,5,8,76
MAT_0434,Matara,2023,Yala,Mung Beans,2023-05-25,1.5,2023-07-24,650.0,975.0,5,7,60
MAT_0435,Matara,2023,Yala,Corn,2023-05-24,1.0,2023-09-16,1450.0,1450.0,5,9,115
MAT_0436,Matara,2023,Yala,Corn,2023-05-20,1.5,2023-09-13,1600.0,2400.0,5,9,116
MAT_0437,Matara,2023,Yala,Corn,2023-05-08,1.5,2023-08-18,1150.0,1725.0,5,8,102
MAT_0438,Matara,2023,Yala,Corn,2023-04-02,7.0,2023-07-25,1400.0,9800.0,4,7,114
MAT_0439,Matara,2023,Yala,Corn,2023-05-26,1.0,2023-09-07,1400.0,1400.0,5,9,104
MAT_0440,Matara,2023,Yala,Corn,2023-04-23,7.0,2023-08-03,1700.0,11900.0,4,8,102
MAT_0441,Matara,2023,Yala,Corn,2023-04-22,3.5,2023-08-11,1250.0,4375.0,4,8,111
MAT_0442,Matara,2023,Yala,Corn,2023-05-27,3.5,2023-09-21,1350.0,4725.0,5,9,117
MAT_0443,Matara,2023,Yala,Corn,2023-05-20,7.0,2023-09-16,1400.0,9800.0,5,9,119
MAT_0444,Matara,2023,Yala,Corn,2023-05-13,7.0,2023-08-30,1500.0,10500.0,5,8,109
MAT_0445,Matara,2023,Yala,Bandakka,2023-05-04,3.5,2023-07-03,3850.0,13475.0,5,7,60
MAT_0446,Matara,2023,Yala,Bandakka,2023-04-21,2.0,2023-06-29,4050.0,8100.0,4,6,69
MAT_0447,Matara,2023,Yala,Bandakka,2023-05-19,3.5,2023-07-22,3950.0,13825.0,5,7,64
MAT_0448,Matara,2023,Yala,Bandakka,2023-04-26,0.5,2023-07-02,4650.0,2325.0,4,7,67
MAT_0449,Matara,2023,Yala,Bandakka,2023-04-12,1.5,2023-06-12,4200.0,6300.0,4,6,61
MAT_0450,Matara,2023,Yala,Bandakka,2023-04-04,6.5,2023-06-09,3250.0,21125.0,4,6,66
MAT_0451,Matara,2023,Yala,Bandakka,2023-04-05,0.5,2023-06-12,4400.0,2200.0,4,6,68
MAT_0452,Matara,2023,Yala,Bandakka,2023-04-08,0.5,2023-06-17,3500.0,1750.0,4,6,70
MAT_0453,Matara,2023,Yala,Bandakka,2023-04-15,6.5,2023-06-15,3950.0,25675.0,4,6,61
MAT_0454,Matara,2023,Yala,Bandakka,2023-04-20,3.5,2023-06-19,3700.0,12950.0,4,6,60
MAT_0455,Matara,2023,Yala,Brinjal,2023-04-13,0.5,2023-08-09,4350.0,2175.0,4,8,118
MAT_0456,Matara,2023,Yala,Brinjal,2023-04-15,3.5,2023-07-29,3750.0,13125.0,4,7,105
MAT_0457,Matara,2023,Yala,Brinjal,2023-04-05,0.5,2023-07-24,4550.0,2275.0,4,7,110
MAT_0458,Matara,2023,Yala,Brinjal,2023-04-23,1.5,2023-08-10,4300.0,6450.0,4,8,109
MAT_0459,Matara,2023,Yala,Brinjal,2023-04-22,1.5,2023-08-15,5050.0,7575.0,4,8,115
MAT_0460,Matara,2023,Yala,Brinjal,2023-04-11,1.0,2023-08-07,3500.0,3500.0,4,8,118
MAT_0461,Matara,2023,Yala,Brinjal,2023-05-25,6.5,2023-09-05,4800.0,31200.0,5,9,103
MAT_0462,Matara,2023,Yala,Brinjal,2023-04-09,1.5,2023-07-22,4200.0,6300.0,4,7,104
MAT_0463,Matara,2023,Yala,Brinjal,2023-05-29,1.5,2023-09-07,4000.0,6000.0,5,9,101
MAT_0464,Matara,2023,Yala,Brinjal,2023-05-01,1.0,2023-08-12,4300.0,4300.0,5,8,103
MAT_0465,Matara,2023,Yala,Pumpkin,2023-04-17,7.0,2023-08-11,2550.0,17850.0,4,8,116
MAT_0466,Matara,2023,Yala,Pumpkin,2023-04-16,2.0,2023-08-03,2800.0,5600.0,4,8,109
MAT_0467,Matara,2023,Yala,Pumpkin,2023-04-14,2.0,2023-07-21,2650.0,5300.0,4,7,98
MAT_0468,Matara,2023,Yala,Pumpkin,2023-04-14,0.5,2023-07-26,2050.0,1025.0,4,7,103
MAT_0469,Matara,2023,Yala,Pumpkin,2023-05-19,0.5,2023-08-26,2200.0,1100.0,5,8,99
MAT_0470,Matara,2023,Yala,Pumpkin,2023-05-07,2.0,2023-08-21,2950.0,5900.0,5,8,106
MAT_0471,Matara,2023,Yala,Pumpkin,2023-04-26,7.0,2023-08-22,2350.0,16450.0,4,8,118
MAT_0472,Matara,2023,Yala,Pumpkin,2023-04-15,3.5,2023-07-25,2450.0,8575.0,4,7,101
MAT_0473,Matara,2023,Yala,Pumpkin,2023-05-08,0.5,2023-08-18,2500.0,1250.0,5,8,102
MAT_0474,Matara,2023,Yala,Pumpkin,2023-05-25,6.5,2023-09-05,2500.0,16250.0,5,9,103
MAT_0475,Matara,2023,Yala,Chillies,2023-04-20,6.5,2023-09-09,1650.0,10725.0,4,9,142
MAT_0476,Matara,2023,Yala,Chillies,2023-04-09,1.0,2023-08-26,1550.0,1550.0,4,8,139
MAT_0477,Matara,2023,Yala,Chillies,2023-05-17,2.0,2023-09-29,1700.0,3400.0,5,9,135
MAT_0478,Matara,2023,Yala,Chillies,2023-04-22,2.0,2023-08-29,1500.0,3000.0,4,8,129
MAT_0479,Matara,2023,Yala,Chillies,2023-04-21,3.5,2023-09-06,1900.0,6650.0,4,9,138
MAT_0480,Matara,2023,Yala,Chillies,2023-05-17,1.5,2023-09-29,1600.0,2400.0,5,9,135
MAT_0481,Matara,2023,Yala,Chillies,2023-05-19,1.5,2023-10-05,1300.0,1950.0,5,10,139
MAT_0482,Matara,2023,Yala,Chillies,2023-05-12,6.5,2023-09-29,1600.0,10400.0,5,9,140
MAT_0483,Matara,2023,Yala,Chillies,2023-05-15,1.5,2023-10-03,1400.0,2100.0,5,10,141
MAT_0484,Matara,2023,Yala,Chillies,2023-05-01,1.5,2023-09-09,1800.0,2700.0,5,9,131
MAT_0485,Matara,2024,Maha,Mung Beans,2024-11-17,1.5,2025-01-22,400.0,600.0,11,1,66
MAT_0486,Matara,2024,Maha,Mung Beans,2024-11-02,0.5,2025-01-02,350.0,175.0,11,1,61
MAT_0487,Matara,2024,Maha,Mung Beans,2024-11-28,1.0,2025-01-28,400.0,400.0,11,1,61
MAT_0488,Matara,2024,Maha,Mung Beans,2024-10-28,0.5,2025-01-13,450.0,225.0,10,1,77
MAT_0489,Matara,2024,Maha,Mung Beans,2024-10-14,6.5,2025-01-02,400.0,2600.0,10,1,80
MAT_0490,Matara,2024,Maha,Mung Beans,2024-10-06,1.5,2024-12-19,400.0,600.0,10,12,74
MAT_0491,Matara,2024,Maha,Mung Beans,2024-11-10,6.5,2025-01-25,400.0,2600.0,11,1,76
MAT_0492,Matara,2024,Maha,Mung Beans,2024-10-03,1.0,2024-12-31,400.0,400.0,10,12,89
MAT_0493,Matara,2024,Maha,Mung Beans,2024-10-08,1.0,2024-12-15,450.0,450.0,10,12,68
MAT_0494,Matara,2024,Maha,Mung Beans,2024-11-27,6.5,2025-02-08,350.0,2275.0,11,2,73
MAT_0495,Matara,2024,Maha,Corn,2024-10-05,1.0,2025-01-31,1900.0,1900.0,10,1,118
MAT_0496,Matara,2024,Maha,Corn,2024-11-23,0.5,2025-03-08,1800.0,900.0,11,3,105
MAT_0497,Matara,2024,Maha,Corn,2024-11-19,1.5,2025-03-04,2100.0,3150.0,11,3,105
MAT_0498,Matara,2024,Maha,Corn,2024-11-12,2.0,2025-03-03,1450.0,2900.0,11,3,111
MAT_0499,Matara,2024,Maha,Corn,2024-11-27,1.5,2025-03-15,1550.0,2325.0,11,3,108
MAT_0500,Matara,2024,Maha,Corn,2024-10-29,0.5,2025-02-20,1800.0,900.0,10,2,114
MAT_0501,Matara,2024,Maha,Corn,2024-11-17,1.5,2025-03-04,1800.0,2700.0,11,3,107
MAT_0502,Matara,2024,Maha,Corn,2024-10-31,7.0,2025-02-09,1650.0,11550.0,10,2,101
MAT_0503,Matara,2024,Maha,Corn,2024-11-15,3.5,2025-02-25,2000.0,7000.0,11,2,102
MAT_0504,Matara,2024,Maha,Corn,2024-11-27,6.5,2025-03-18,1750.0,11375.0,11,3,111
MAT_0505,Matara,2024,Maha,Bandakka,2024-10-12,6.5,2024-12-20,4050.0,26325.0,10,12,69
MAT_0506,Matara,2024,Maha,Bandakka,2024-11-13,7.0,2025-01-15,3700.0,25900.0,11,1,63
MAT_0507,Matara,2024,Maha,Bandakka,2024-11-23,3.5,2025-01-29,4300.0,15050.0,11,1,67
MAT_0508,Matara,2024,Maha,Bandakka,2024-10-08,2.0,2024-12-14,3200.0,6400.0,10,12,67
MAT_0509,Matara,2024,Maha,Bandakka,2024-11-04,1.5,2025-01-09,3650.0,5475.0,11,1,66
MAT_0510,Matara,2024,Maha,Bandakka,2024-10-05,3.5,2024-12-07,3850.0,13475.0,10,12,63
MAT_0511,Matara,2024,Maha,Bandakka,2024-11-14,1.5,2025-01-16,3650.0,5475.0,11,1,63
MAT_0512,Matara,2024,Maha,Bandakka,2024-10-28,1.0,2025-01-03,3400.0,3400.0,10,1,67
MAT_0513,Matara,2024,Maha,Bandakka,2024-10-27,1.0,2024-12-26,3000.0,3000.0,10,12,60
MAT_0514,Matara,2024,Maha,Bandakka,2024-11-03,0.5,2025-01-02,3550.0,1775.0,11,1,60
MAT_0515,Matara,2024,Maha,Brinjal,2024-11-25,3.5,2025-03-06,3500.0,12250.0,11,3,101
MAT_0516,Matara,2024,Maha,Brinjal,2024-10-02,1.0,2025-01-26,4050.0,4050.0,10,1,116
MAT_0517,Matara,2024,Maha,Brinjal,2024-10-25,0.5,2025-02-20,3250.0,1625.0,10,2,118
MAT_0518,Matara,2024,Maha,Brinjal,2024-10-26,1.5,2025-02-10,4450.0,6675.0,10,2,107
MAT_0519,Matara,2024,Maha,Brinjal,2024-11-17,3.5,2025-02-26,4200.0,14700.0,11,2,101
MAT_0520,Matara,2024,Maha,Brinjal,2024-11-23,6.5,2025-03-07,3750.0,24375.0,11,3,104
MAT_0521,Matara,2024,Maha,Brinjal,2024-10-20,2.0,2025-02-07,4700.0,9400.0,10,2,110
MAT_0522,Matara,2024,Maha,Brinjal,2024-10-16,1.0,2025-01-27,4000.0,4000.0,10,1,103
MAT_0523,Matara,2024,Maha,Brinjal,2024-11-24,1.5,2025-03-18,4000.0,6000.0,11,3,114
MAT_0524,Matara,2024,Maha,Brinjal,2024-10-04,1.0,2025-01-15,3900.0,3900.0,10,1,103
MAT_0525,Matara,2024,Maha,Pumpkin,2024-10-05,2.0,2025-01-29,4200.0,8400.0,10,1,116
MAT_0526,Matara,2024,Maha,Pumpkin,2024-10-28,3.5,2025-01-28,3850.0,13475.0,10,1,92
MAT_0527,Matara,2024,Maha,Pumpkin,2024-10-05,6.5,2025-02-01,4450.0,28925.0,10,2,119
MAT_0528,Matara,2024,Maha,Pumpkin,2024-11-24,1.0,2025-03-08,3300.0,3300.0,11,3,104
MAT_0529,Matara,2024,Maha,Pumpkin,2024-11-30,1.0,2025-03-10,3750.0,3750.0,11,3,100
MAT_0530,Matara,2024,Maha,Pumpkin,2024-11-18,1.5,2025-03-01,3700.0,5550.0,11,3,103
MAT_0531,Matara,2024,Maha,Pumpkin,2024-11-12,2.0,2025-02-28,3550.0,7100.0,11,2,108
MAT_0532,Matara,2024,Maha,Pumpkin,2024-10-30,7.0,2025-02-02,3100.0,21700.0,10,2,95
MAT_0533,Matara,2024,Maha,Pumpkin,2024-11-15,1.5,2025-02-26,4000.0,6000.0,11,2,103
MAT_0534,Matara,2024,Maha,Pumpkin,2024-11-20,1.0,2025-02-26,3750.0,3750.0,11,2,98
MAT_0535,Matara,2024,Maha,Chillies,2024-10-21,1.0,2025-02-18,1600.0,1600.0,10,2,120
MAT_0536,Matara,2024,Maha,Chillies,2024-10-18,6.5,2025-03-10,1400.0,9100.0,10,3,143
MAT_0537,Matara,2024,Maha,Chillies,2024-11-24,1.5,2025-03-28,1550.0,2325.0,11,3,124
MAT_0538,Matara,2024,Maha,Chillies,2024-10-21,0.5,2025-02-19,1800.0,900.0,10,2,121
MAT_0539,Matara,2024,Maha,Chillies,2024-10-15,0.5,2025-03-10,1650.0,825.0,10,3,146
MAT_0540,Matara,2024,Maha,Chillies,2024-10-13,6.5,2025-03-11,1600.0,10400.0,10,3,149
MAT_0541,Matara,2024,Maha,Chillies,2024-11-03,2.0,2025-03-06,1700.0,3400.0,11,3,123
MAT_0542,Matara,2024,Maha,Chillies,2024-10-18,3.5,2025-03-01,1500.0,5250.0,10,3,134
MAT_0543,Matara,2024,Maha,Chillies,2024-10-16,2.0,2025-03-05,1300.0,2600.0,10,3,140
MAT_0544,Matara,2024,Maha,Chillies,2024-10-28,2.0,2025-03-08,1900.0,3800.0,10,3,131
MAT_0545,Matara,2024,Yala,Mung Beans,2024-04-16,1.5,2024-07-04,150.0,225.0,4,7,79
MAT_0546,Matara,2024,Yala,Mung Beans,2024-05-25,6.5,2024-08-11,150.0,975.0,5,8,78
MAT_0547,Matara,2024,Yala,Mung Beans,2024-04-18,6.5,2024-06-22,150.0,975.0,4,6,65
MAT_0548,Matara,2024,Yala,Mung Beans,2024-04-13,7.0,2024-07-10,150.0,1050.0,4,7,88
MAT_0549,Matara,2024,Yala,Mung Beans,2024-05-21,6.5,2024-08-02,150.0,975.0,5,8,73
MAT_0550,Matara,2024,Yala,Mung Beans,2024-05-28,2.0,2024-08-06,150.0,300.0,5,8,70
MAT_0551,Matara,2024,Yala,Mung Beans,2024-04-11,0.5,2024-06-19,150.0,75.0,4,6,69
MAT_0552,Matara,2024,Yala,Mung Beans,2024-04-05,0.5,2024-06-23,200.0,100.0,4,6,79
MAT_0553,Matara,2024,Yala,Mung Beans,2024-04-10,1.0,2024-06-22,150.0,150.0,4,6,73
MAT_0554,Matara,2024,Yala,Mung Beans,2024-05-17,7.0,2024-07-28,200.0,1400.0,5,7,72
MAT_0555,Matara,2024,Yala,Corn,2024-05-10,0.5,2024-08-26,500.0,250.0,5,8,108
MAT_0556,Matara,2024,Yala,Corn,2024-05-02,2.0,2024-08-17,450.0,900.0,5,8,107
MAT_0557,Matara,2024,Yala,Corn,2024-04-20,7.0,2024-08-08,550.0,3850.0,4,8,110
MAT_0558,Matara,2024,Yala,Corn,2024-05-03,6.5,2024-08-15,400.0,2600.0,5,8,104
MAT_0559,Matara,2024,Yala,Corn,2024-04-15,1.0,2024-08-04,500.0,500.0,4,8,111
MAT_0560,Matara,2024,Yala,Corn,2024-04-23,1.5,2024-08-19,550.0,825.0,4,8,118
MAT_0561,Matara,2024,Yala,Corn,2024-04-14,7.0,2024-08-04,500.0,3500.0,4,8,112
MAT_0562,Matara,2024,Yala,Corn,2024-05-25,1.5,2024-09-02,450.0,675.0,5,9,100
MAT_0563,Matara,2024,Yala,Corn,2024-04-17,2.0,2024-07-28,450.0,900.0,4,7,102
MAT_0564,Matara,2024,Yala,Corn,2024-05-08,1.0,2024-09-03,500.0,500.0,5,9,118
MAT_0565,Matara,2024,Yala,Bandakka,2024-05-06,2.0,2024-07-14,1500.0,3000.0,5,7,69
MAT_0566,Matara,2024,Yala,Bandakka,2024-05-06,1.0,2024-07-15,1650.0,1650.0,5,7,70
MAT_0567,Matara,2024,Yala,Bandakka,2024-04-15,0.5,2024-06-19,1450.0,725.0,4,6,65
MAT_0568,Matara,2024,Yala,Bandakka,2024-04-21,0.5,2024-06-22,1550.0,775.0,4,6,62
MAT_0569,Matara,2024,Yala,Bandakka,2024-05-01,6.5,2024-07-07,1500.0,9750.0,5,7,67
MAT_0570,Matara,2024,Yala,Bandakka,2024-04-08,1.0,2024-06-15,1400.0,1400.0,4,6,68
MAT_0571,Matara,2024,Yala,Bandakka,2024-04-01,3.5,2024-06-05,1750.0,6125.0,4,6,65
MAT_0572,Matara,2024,Yala,Bandakka,2024-05-02,2.0,2024-07-01,1300.0,2600.0,5,7,60
MAT_0573,Matara,2024,Yala,Bandakka,2024-04-07,1.5,2024-06-16,1200.0,1800.0,4,6,70
MAT_0574,Matara,2024,Yala,Bandakka,2024-04-29,0.5,2024-07-03,1500.0,750.0,4,7,65
MAT_0575,Matara,2024,Yala,Brinjal,2024-05-09,0.5,2024-08-31,1800.0,900.0,5,8,114
MAT_0576,Matara,2024,Yala,Brinjal,2024-05-27,1.5,2024-09-19,1600.0,2400.0,5,9,115
MAT_0577,Matara,2024,Yala,Brinjal,2024-04-12,2.0,2024-07-31,1700.0,3400.0,4,7,110
MAT_0578,Matara,2024,Yala,Brinjal,2024-05-07,1.5,2024-08-16,1600.0,2400.0,5,8,101
MAT_0579,Matara,2024,Yala,Brinjal,2024-04-10,3.5,2024-07-29,1650.0,5775.0,4,7,110
MAT_0580,Matara,2024,Yala,Brinjal,2024-05-07,2.0,2024-08-16,1400.0,2800.0,5,8,101
MAT_0581,Matara,2024,Yala,Brinjal,2024-05-12,3.5,2024-09-05,1600.0,5600.0,5,9,116
MAT_0582,Matara,2024,Yala,Brinjal,2024-05-12,6.5,2024-08-25,1500.0,9750.0,5,8,105
MAT_0583,Matara,2024,Yala,Brinjal,2024-04-13,3.5,2024-07-23,1900.0,6650.0,4,7,101
MAT_0584,Matara,2024,Yala,Brinjal,2024-04-27,6.5,2024-08-19,1350.0,8775.0,4,8,114
MAT_0585,Matara,2024,Yala,Pumpkin,2024-05-05,7.0,2024-08-26,1800.0,12600.0,5,8,113
MAT_0586,Matara,2024,Yala,Pumpkin,2024-05-23,6.5,2024-09-05,1500.0,9750.0,5,9,105
MAT_0587,Matara,2024,Yala,Pumpkin,2024-04-15,3.5,2024-08-10,1250.0,4375.0,4,8,117
MAT_0588,Matara,2024,Yala,Pumpkin,2024-04-15,3.5,2024-07-27,1550.0,5425.0,4,7,103
MAT_0589,Matara,2024,Yala,Pumpkin,2024-05-04,1.5,2024-08-26,1500.0,2250.0,5,8,114
MAT_0590,Matara,2024,Yala,Pumpkin,2024-05-26,2.0,2024-09-08,1700.0,3400.0,5,9,105
MAT_0591,Matara,2024,Yala,Pumpkin,2024-04-27,6.5,2024-07-26,1600.0,10400.0,4,7,90
MAT_0592,Matara,2024,Yala,Pumpkin,2024-04-10,7.0,2024-08-01,1400.0,9800.0,4,8,113
MAT_0593,Matara,2024,Yala,Pumpkin,2024-05-09,1.0,2024-08-14,1350.0,1350.0,5,8,97
MAT_0594,Matara,2024,Yala,Pumpkin,2024-04-04,1.0,2024-07-07,1500.0,1500.0,4,7,94
MAT_0595,Matara,2024,Yala,Chillies,2024-05-07,1.0,2024-09-12,1600.0,1600.0,5,9,128
MAT_0596,Matara,2024,Yala,Chillies,2024-05-31,6.5,2024-10-13,1700.0,11050.0,5,10,135
MAT_0597,Matara,2024,Yala,Chillies,2024-05-30,6.5,2024-09-28,1500.0,9750.0,5,9,121
MAT_0598,Matara,2024,Yala,Chillies,2024-04-04,1.0,2024-08-07,1550.0,1550.0,4,8,125
MAT_0599,Matara,2024,Yala,Chillies,2024-05-23,7.0,2024-09-25,1600.0,11200.0,5,9,125
MAT_0600,Matara,2024,Yala,Chillies,2024-05-30,2.0,2024-10-04,1400.0,2800.0,5,10,127
MAT_0601,Matara,2024,Yala,Chillies,2024-05-20,2.0,2024-10-08,1800.0,3600.0,5,10,141
MAT_0602,Matara,2024,Yala,Chillies,2024-04-28,1.5,2024-09-10,1650.0,2475.0,4,9,135
MAT_0603,Matara,2024,Yala,Chillies,2024-05-11,1.5,2024-09-26,1900.0,2850.0,5,9,138
MAT_0604,Matara,2024,Yala,Chillies,2024-05-24,6.5,2024-10-19,1300.0,8450.0,5,10,148
MAT_0605,Matara,2025,Maha,Mung Beans,2025-10-08,2.0,2025-12-19,600.0,1200.0,10,12,72
MAT_0606,Matara,2025,Maha,Mung Beans,2025-11-20,3.5,2026-01-25,550.0,1925.0,11,1,66
MAT_0607,Matara,2025,Maha,Mung Beans,2025-10-26,3.5,2026-01-06,500.0,1750.0,10,1,72
MAT_0608,Matara,2025,Maha,Mung Beans,2025-11-09,6.5,2026-01-21,600.0,3900.0,11,1,73
MAT_0609,Matara,2025,Maha,Mung Beans,2025-11-15,2.0,2026-01-27,550.0,1100.0,11,1,73
MAT_0610,Matara,2025,Maha,Mung Beans,2025-11-20,6.5,2026-02-06,500.0,3250.0,11,2,78
MAT_0611,Matara,2025,Maha,Mung Beans,2025-11-04,0.5,2026-01-05,450.0,225.0,11,1,62
MAT_0612,Matara,2025,Maha,Mung Beans,2025-10-30,3.5,2025-12-29,650.0,2275.0,10,12,60
MAT_0613,Matara,2025,Maha,Mung Beans,2025-10-04,1.5,2025-12-22,550.0,825.0,10,12,79
MAT_0614,Matara,2025,Maha,Mung Beans,2025-10-25,2.0,2026-01-12,550.0,1100.0,10,1,79
MAT_0615,Matara,2025,Maha,Corn,2025-10-13,2.0,2026-01-31,3450.0,6900.0,10,1,110
MAT_0616,Matara,2025,Maha,Corn,2025-11-12,1.0,2026-02-25,2900.0,2900.0,11,2,105
MAT_0617,Matara,2025,Maha,Corn,2025-10-08,0.5,2026-01-24,3100.0,1550.0,10,1,108
MAT_0618,Matara,2025,Maha,Corn,2025-10-13,7.0,2026-01-31,2550.0,17850.0,10,1,110
MAT_0619,Matara,2025,Maha,Corn,2025-11-13,2.0,2026-02-21,3150.0,6300.0,11,2,100
MAT_0620,Matara,2025,Maha,Corn,2025-11-21,1.5,2026-03-08,3650.0,5475.0,11,3,107
MAT_0621,Matara,2025,Maha,Corn,2025-11-06,3.5,2026-02-28,3100.0,10850.0,11,2,114
MAT_0622,Matara,2025,Maha,Corn,2025-11-26,3.5,2026-03-13,3050.0,10675.0,11,3,107
MAT_0623,Matara,2025,Maha,Corn,2025-11-06,2.0,2026-02-22,2750.0,5500.0,11,2,108
MAT_0624,Matara,2025,Maha,Corn,2025-11-12,1.0,2026-02-25,3300.0,3300.0,11,2,105
MAT_0625,Matara,2025,Maha,Bandakka,2025-11-01,2.0,2026-01-02,2700.0,5400.0,11,1,62
MAT_0626,Matara,2025,Maha,Bandakka,2025-10-14,2.0,2025-12-21,2800.0,5600.0,10,12,68
MAT_0627,Matara,2025,Maha,Bandakka,2025-10-07,2.0,2025-12-07,2500.0,5000.0,10,12,61
MAT_0628,Matara,2025,Maha,Bandakka,2025-10-07,1.0,2025-12-14,3000.0,3000.0,10,12,68
MAT_0629,Matara,2025,Maha,Bandakka,2025-10-21,1.5,2025-12-22,2850.0,4275.0,10,12,62
MAT_0630,Matara,2025,Maha,Bandakka,2025-11-28,2.0,2026-01-31,2900.0,5800.0,11,1,64
MAT_0631,Matara,2025,Maha,Bandakka,2025-11-04,6.5,2026-01-05,2350.0,15275.0,11,1,62
MAT_0632,Matara,2025,Maha,Bandakka,2025-10-15,3.5,2025-12-17,3200.0,11200.0,10,12,63
MAT_0633,Matara,2025,Maha,Bandakka,2025-10-09,6.5,2025-12-15,2850.0,18525.0,10,12,67
MAT_0634,Matara,2025,Maha,Bandakka,2025-11-07,6.5,2026-01-16,3350.0,21775.0,11,1,70
MAT_0635,Matara,2025,Maha,Brinjal,2025-11-14,1.5,2026-03-07,3350.0,5025.0,11,3,113
MAT_0636,Matara,2025,Maha,Brinjal,2025-10-09,3.5,2026-01-31,3250.0,11375.0,10,1,114
MAT_0637,Matara,2025,Maha,Brinjal,2025-11-20,1.5,2026-03-15,3100.0,4650.0,11,3,115
MAT_0638,Matara,2025,Maha,Brinjal,2025-10-02,7.0,2026-01-26,2900.0,20300.0,10,1,116
MAT_0639,Matara,2025,Maha,Brinjal,2025-11-15,3.5,2026-03-11,3900.0,13650.0,11,3,116
MAT_0640,Matara,2025,Maha,Brinjal,2025-11-06,6.5,2026-03-06,2700.0,17550.0,11,3,120
MAT_0641,Matara,2025,Maha,Brinjal,2025-10-17,0.5,2026-02-04,3500.0,1750.0,10,2,110
MAT_0642,Matara,2025,Maha,Brinjal,2025-11-07,1.5,2026-03-01,3700.0,5550.0,11,3,114
MAT_0643,Matara,2025,Maha,Brinjal,2025-11-22,7.0,2026-03-11,3300.0,23100.0,11,3,109
MAT_0644,Matara,2025,Maha,Brinjal,2025-11-23,2.0,2026-03-08,3300.0,6600.0,11,3,105
MAT_0645,Matara,2025,Maha,Pumpkin,2025-10-13,0.5,2026-02-04,3000.0,1500.0,10,2,114
MAT_0646,Matara,2025,Maha,Pumpkin,2025-11-23,3.5,2026-02-22,2750.0,9625.0,11,2,91
MAT_0647,Matara,2025,Maha,Pumpkin,2025-11-05,6.5,2026-02-09,2700.0,17550.0,11,2,96
MAT_0648,Matara,2025,Maha,Pumpkin,2025-11-16,7.0,2026-02-14,2500.0,17500.0,11,2,90
MAT_0649,Matara,2025,Maha,Pumpkin,2025-11-03,1.5,2026-02-28,2850.0,4275.0,11,2,117
MAT_0650,Matara,2025,Maha,Pumpkin,2025-11-26,6.5,2026-03-19,2350.0,15275.0,11,3,113
MAT_0651,Matara,2025,Maha,Pumpkin,2025-10-15,7.0,2026-01-23,2600.0,18200.0,10,1,100
MAT_0652,Matara,2025,Maha,Pumpkin,2025-11-11,3.5,2026-03-05,3150.0,11025.0,11,3,114
MAT_0653,Matara,2025,Maha,Pumpkin,2025-11-03,1.5,2026-02-25,2200.0,3300.0,11,2,114
MAT_0654,Matara,2025,Maha,Pumpkin,2025-11-19,2.0,2026-03-03,2700.0,5400.0,11,3,104
MAT_0655,Matara,2025,Maha,Chillies,2025-10-06,1.0,2026-02-12,1350.0,1350.0,10,2,129
MAT_0656,Matara,2025,Maha,Chillies,2025-11-03,7.0,2026-03-07,1550.0,10850.0,11,3,124
MAT_0657,Matara,2025,Maha,Chillies,2025-10-17,0.5,2026-02-16,1750.0,875.0,10,2,122
MAT_0658,Matara,2025,Maha,Chillies,2025-11-28,2.0,2026-04-01,1650.0,3300.0,11,4,124
MAT_0659,Matara,2025,Maha,Chillies,2025-11-01,7.0,2026-03-20,1450.0,10150.0,11,3,139
MAT_0660,Matara,2025,Maha,Chillies,2025-10-17,3.5,2026-02-27,1850.0,6475.0,10,2,133
MAT_0661,Matara,2025,Maha,Chillies,2025-10-15,1.0,2026-03-08,1650.0,1650.0,10,3,144
MAT_0662,Matara,2025,Maha,Chillies,2025-10-08,7.0,2026-02-14,1650.0,11550.0,10,2,129
MAT_0663,Matara,2025,Maha,Chillies,2025-10-03,7.0,2026-03-02,1700.0,11900.0,10,3,150
MAT_0664,Matara,2025,Maha,Chillies,2025-10-28,1.0,2026-02-25,1950.0,1950.0,10,2,120
MAT_0665,Matara,2025,Yala,Mung Beans,2025-04-23,1.0,2025-07-14,450.0,450.0,4,7,82
MAT_0666,Matara,2025,Yala,Mung Beans,2025-05-29,1.0,2025-08-02,400.0,400.0,5,8,65
MAT_0667,Matara,2025,Yala,Mung Beans,2025-04-25,1.0,2025-06-25,500.0,500.0,4,6,61
MAT_0668,Matara,2025,Yala,Mung Beans,2025-05-14,1.5,2025-07-24,400.0,600.0,5,7,71
MAT_0669,Matara,2025,Yala,Mung Beans,2025-05-03,1.0,2025-07-19,400.0,400.0,5,7,77
MAT_0670,Matara,2025,Yala,Mung Beans,2025-05-20,1.5,2025-07-27,350.0,525.0,5,7,68
MAT_0671,Matara,2025,Yala,Mung Beans,2025-05-12,0.5,2025-08-09,400.0,200.0,5,8,89
MAT_0672,Matara,2025,Yala,Mung Beans,2025-04-21,6.5,2025-07-05,400.0,2600.0,4,7,75
MAT_0673,Matara,2025,Yala,Mung Beans,2025-05-31,0.5,2025-08-23,450.0,225.0,5,8,84
MAT_0674,Matara,2025,Yala,Mung Beans,2025-05-18,6.5,2025-08-07,350.0,2275.0,5,8,81
MAT_0675,Matara,2025,Yala,Corn,2025-04-20,6.5,2025-08-16,1400.0,9100.0,4,8,118
MAT_0676,Matara,2025,Yala,Corn,2025-05-28,7.0,2025-09-12,1600.0,11200.0,5,9,107
MAT_0677,Matara,2025,Yala,Corn,2025-04-02,2.0,2025-07-30,1300.0,2600.0,4,7,119
MAT_0678,Matara,2025,Yala,Corn,2025-04-13,1.5,2025-08-03,1550.0,2325.0,4,8,112
MAT_0679,Matara,2025,Yala,Corn,2025-05-24,1.5,2025-09-13,1350.0,2025.0,5,9,112
MAT_0680,Matara,2025,Yala,Corn,2025-04-17,7.0,2025-08-08,1200.0,8400.0,4,8,113
MAT_0681,Matara,2025,Yala,Corn,2025-04-11,3.5,2025-07-20,1150.0,4025.0,4,7,100
MAT_0682,Matara,2025,Yala,Corn,2025-05-05,1.5,2025-08-27,1400.0,2100.0,5,8,114
MAT_0683,Matara,2025,Yala,Corn,2025-04-10,3.5,2025-07-20,1400.0,4900.0,4,7,101
MAT_0684,Matara,2025,Yala,Corn,2025-05-07,2.0,2025-08-25,1450.0,2900.0,5,8,110
MAT_0685,Matara,2025,Yala,Bandakka,2025-04-19,3.5,2025-06-18,3450.0,12075.0,4,6,60
MAT_0686,Matara,2025,Yala,Bandakka,2025-04-15,7.0,2025-06-15,3700.0,25900.0,4,6,61
MAT_0687,Matara,2025,Yala,Bandakka,2025-05-08,7.0,2025-07-16,4300.0,30100.0,5,7,69
MAT_0688,Matara,2025,Yala,Bandakka,2025-04-21,0.5,2025-06-23,3600.0,1800.0,4,6,63
MAT_0689,Matara,2025,Yala,Bandakka,2025-05-18,1.5,2025-07-26,3200.0,4800.0,5,7,69
MAT_0690,Matara,2025,Yala,Bandakka,2025-04-22,6.5,2025-06-22,4100.0,26650.0,4,6,61
MAT_0691,Matara,2025,Yala,Bandakka,2025-05-25,6.5,2025-07-31,3850.0,25025.0,5,7,67
MAT_0692,Matara,2025,Yala,Bandakka,2025-05-26,1.5,2025-07-28,3650.0,5475.0,5,7,63
MAT_0693,Matara,2025,Yala,Bandakka,2025-05-30,1.5,2025-08-05,3650.0,5475.0,5,8,67
MAT_0694,Matara,2025,Yala,Bandakka,2025-05-15,3.5,2025-07-17,3000.0,10500.0,5,7,63
MAT_0695,Matara,2025,Yala,Brinjal,2025-05-19,3.5,2025-09-01,4500.0,15750.0,5,9,105
MAT_0696,Matara,2025,Yala,Brinjal,2025-04-10,0.5,2025-08-04,6000.0,3000.0,4,8,116
MAT_0697,Matara,2025,Yala,Brinjal,2025-05-02,7.0,2025-08-30,4200.0,29400.0,5,8,120
MAT_0698,Matara,2025,Yala,Brinjal,2025-05-30,2.0,2025-09-09,5100.0,10200.0,5,9,102
MAT_0699,Matara,2025,Yala,Brinjal,2025-05-26,1.0,2025-09-14,4800.0,4800.0,5,9,111
MAT_0700,Matara,2025,Yala,Brinjal,2025-05-24,0.5,2025-09-19,5000.0,2500.0,5,9,118
MAT_0701,Matara,2025,Yala,Brinjal,2025-05-29,3.5,2025-09-24,5200.0,18200.0,5,9,118
MAT_0702,Matara,2025,Yala,Brinjal,2025-04-23,0.5,2025-08-13,5700.0,2850.0,4,8,112
MAT_0703,Matara,2025,Yala,Brinjal,2025-04-29,2.0,2025-08-27,5400.0,10800.0,4,8,120
MAT_0704,Matara,2025,Yala,Brinjal,2025-04-28,1.0,2025-08-14,5100.0,5100.0,4,8,108
MAT_0705,Matara,2025,Yala,Pumpkin,2025-04-16,1.5,2025-08-14,5850.0,8775.0,4,8,120
MAT_0706,Matara,2025,Yala,Pumpkin,2025-04-01,1.5,2025-07-08,6900.0,10350.0,4,7,98
MAT_0707,Matara,2025,Yala,Pumpkin,2025-05-16,1.0,2025-08-30,6200.0,6200.0,5,8,106
MAT_0708,Matara,2025,Yala,Pumpkin,2025-05-14,0.5,2025-09-10,6000.0,3000.0,5,9,119
MAT_0709,Matara,2025,Yala,Pumpkin,2025-05-10,1.0,2025-08-31,5750.0,5750.0,5,8,113
MAT_0710,Matara,2025,Yala,Pumpkin,2025-05-25,1.5,2025-09-12,5150.0,7725.0,5,9,110
MAT_0711,Matara,2025,Yala,Pumpkin,2025-04-18,6.5,2025-07-21,5850.0,38025.0,4,7,94
MAT_0712,Matara,2025,Yala,Pumpkin,2025-04-26,1.5,2025-08-07,5500.0,8250.0,4,8,103
MAT_0713,Matara,2025,Yala,Pumpkin,2025-04-04,0.5,2025-07-07,4800.0,2400.0,4,7,94
MAT_0714,Matara,2025,Yala,Pumpkin,2025-04-16,6.5,2025-08-02,5850.0,38025.0,4,8,108
MAT_0715,Matara,2025,Yala,Pumpkin,2025-04-03,7.0,2025-07-26,6550.0,45850.0,4,7,114
MAT_0716,Matara,2025,Yala,Chillies,2025-05-19,3.5,2025-09-20,1700.0,5950.0,5,9,124
MAT_0717,Matara,2025,Yala,Chillies,2025-05-16,0.5,2025-09-27,1800.0,900.0,5,9,134
MAT_0718,Matara,2025,Yala,Chillies,2025-05-19,1.5,2025-09-20,1400.0,2100.0,5,9,124
MAT_0719,Matara,2025,Yala,Chillies,2025-05-31,1.0,2025-09-28,1600.0,1600.0,5,9,120
MAT_0720,Matara,2025,Yala,Chillies,2025-04-09,2.0,2025-08-13,1500.0,3000.0,4,8,126
MAT_0721,Matara,2025,Yala,Chillies,2025-04-24,6.5,2025-09-18,1350.0,8775.0,4,9,147
MAT_0722,Matara,2025,Yala,Chillies,2025-05-20,3.5,2025-10-07,1600.0,5600.0,5,10,140
MAT_0723,Matara,2025,Yala,Chillies,2025-05-11,0.5,2025-09-16,1600.0,800.0,5,9,128
MAT_0724,Matara,2025,Yala,Chillies,2025-05-02,7.0,2025-09-06,1900.0,13300.0,5,9,127
MAT_0725,Matara,2025,Yala,Chillies,2025-05-25,7.0,2025-10-10,1650.0,11550.0,5,10,138
HAM_0001,Hambantota,2020,Maha,Mung Beans,2020-10-22,3.5,2021-01-18,400.0,1400.0,10,1,88
HAM_0002,Hambantota,2020,Maha,Mung Beans,2020-10-07,6.5,2020-12-21,450.0,2925.0,10,12,75
HAM_0003,Hambantota,2020,Maha,Mung Beans,2020-10-19,6.5,2020-12-24,600.0,3900.0,10,12,66
HAM_0004,Hambantota,2020,Maha,Mung Beans,2020-10-09,3.5,2021-01-05,550.0,1925.0,10,1,88
HAM_0005,Hambantota,2020,Maha,Mung Beans,2020-11-17,1.5,2021-02-14,500.0,750.0,11,2,89
HAM_0006,Hambantota,2020,Maha,Mung Beans,2020-10-30,1.0,2021-01-25,500.0,500.0,10,1,87
HAM_0007,Hambantota,2020,Maha,Mung Beans,2020-10-25,2.0,2021-01-17,550.0,1100.0,10,1,84
HAM_0008,Hambantota,2020,Maha,Mung Beans,2020-10-02,0.5,2020-12-11,500.0,250.0,10,12,70
HAM_0009,Hambantota,2020,Maha,Mung Beans,2020-11-03,1.0,2021-01-28,500.0,500.0,11,1,86
HAM_0010,Hambantota,2020,Maha,Mung Beans,2020-10-24,6.5,2021-01-20,450.0,2925.0,10,1,88
HAM_0011,Hambantota,2020,Maha,Corn,2020-10-12,1.0,2021-01-29,1050.0,1050.0,10,1,109
HAM_0012,Hambantota,2020,Maha,Corn,2020-11-13,2.0,2021-03-12,1000.0,2000.0,11,3,119
HAM_0013,Hambantota,2020,Maha,Corn,2020-11-29,2.0,2021-03-21,1000.0,2000.0,11,3,112
HAM_0014,Hambantota,2020,Maha,Corn,2020-11-15,1.5,2021-03-06,950.0,1425.0,11,3,111
HAM_0015,Hambantota,2020,Maha,Corn,2020-11-20,6.5,2021-03-06,1000.0,6500.0,11,3,106
HAM_0016,Hambantota,2020,Maha,Corn,2020-11-27,2.0,2021-03-24,1150.0,2300.0,11,3,117
HAM_0017,Hambantota,2020,Maha,Corn,2020-11-13,7.0,2021-02-26,850.0,5950.0,11,2,105
HAM_0018,Hambantota,2020,Maha,Corn,2020-11-25,0.5,2021-03-10,800.0,400.0,11,3,105
HAM_0019,Hambantota,2020,Maha,Corn,2020-10-20,6.5,2021-01-29,900.0,5850.0,10,1,101
HAM_0020,Hambantota,2020,Maha,Corn,2020-10-28,7.0,2021-02-21,1100.0,7700.0,10,2,116
HAM_0021,Hambantota,2020,Maha,Bandakka,2020-10-17,3.5,2020-12-21,4950.0,17325.0,10,12,65
HAM_0022,Hambantota,2020,Maha,Bandakka,2020-10-12,7.0,2020-12-12,4550.0,31850.0,10,12,61
HAM_0023,Hambantota,2020,Maha,Bandakka,2020-11-27,2.0,2021-01-29,5150.0,10300.0,11,1,63
HAM_0024,Hambantota,2020,Maha,Bandakka,2020-11-26,2.0,2021-01-29,5750.0,11500.0,11,1,64
HAM_0025,Hambantota,2020,Maha,Bandakka,2020-10-25,0.5,2020-12-25,4300.0,2150.0,10,12,61
HAM_0026,Hambantota,2020,Maha,Bandakka,2020-10-22,7.0,2020-12-30,4750.0,33250.0,10,12,69
HAM_0027,Hambantota,2020,Maha,Bandakka,2020-10-09,1.5,2020-12-11,4000.0,6000.0,10,12,63
HAM_0028,Hambantota,2020,Maha,Bandakka,2020-11-13,6.5,2021-01-14,5450.0,35425.0,11,1,62
HAM_0029,Hambantota,2020,Maha,Bandakka,2020-11-22,2.0,2021-01-21,4850.0,9700.0,11,1,60
HAM_0030,Hambantota,2020,Maha,Bandakka,2020-10-08,6.5,2020-12-17,4850.0,31525.0,10,12,70
HAM_0031,Hambantota,2020,Maha,Brinjal,2020-10-19,6.5,2021-02-08,5700.0,37050.0,10,2,112
HAM_0032,Hambantota,2020,Maha,Brinjal,2020-11-09,3.5,2021-02-17,5050.0,17675.0,11,2,100
HAM_0033,Hambantota,2020,Maha,Brinjal,2020-11-10,6.5,2021-03-09,5600.0,36400.0,11,3,119
HAM_0034,Hambantota,2020,Maha,Brinjal,2020-10-22,6.5,2021-02-09,5700.0,37050.0,10,2,110
HAM_0035,Hambantota,2020,Maha,Brinjal,2020-10-09,0.5,2021-01-24,5400.0,2700.0,10,1,107
HAM_0036,Hambantota,2020,Maha,Brinjal,2020-11-29,7.0,2021-03-15,5850.0,40950.0,11,3,106
HAM_0037,Hambantota,2020,Maha,Brinjal,2020-11-08,6.5,2021-03-06,4700.0,30550.0,11,3,118
HAM_0038,Hambantota,2020,Maha,Brinjal,2020-11-19,1.0,2021-03-13,5700.0,5700.0,11,3,114
HAM_0039,Hambantota,2020,Maha,Brinjal,2020-11-11,0.5,2021-02-22,6750.0,3375.0,11,2,103
HAM_0040,Hambantota,2020,Maha,Brinjal,2020-11-13,0.5,2021-02-27,6400.0,3200.0,11,2,106
HAM_0041,Hambantota,2020,Maha,Brinjal,2020-11-19,3.5,2021-03-06,6050.0,21175.0,11,3,107
HAM_0042,Hambantota,2020,Maha,Pumpkin,2020-10-25,2.0,2021-01-29,6200.0,12400.0,10,1,96
HAM_0043,Hambantota,2020,Maha,Pumpkin,2020-10-12,2.0,2021-02-09,7450.0,14900.0,10,2,120
HAM_0044,Hambantota,2020,Maha,Pumpkin,2020-10-07,2.0,2021-01-16,6650.0,13300.0,10,1,101
HAM_0045,Hambantota,2020,Maha,Pumpkin,2020-10-12,1.0,2021-02-09,7200.0,7200.0,10,2,120
HAM_0046,Hambantota,2020,Maha,Pumpkin,2020-10-24,6.5,2021-02-04,5800.0,37700.0,10,2,103
HAM_0047,Hambantota,2020,Maha,Pumpkin,2020-10-05,1.5,2021-01-04,8300.0,12450.0,10,1,91
HAM_0048,Hambantota,2020,Maha,Pumpkin,2020-11-17,7.0,2021-02-26,7050.0,49350.0,11,2,101
HAM_0049,Hambantota,2020,Maha,Pumpkin,2020-10-06,3.5,2021-01-24,6900.0,24150.0,10,1,110
HAM_0050,Hambantota,2020,Maha,Pumpkin,2020-11-17,1.5,2021-03-07,7900.0,11850.0,11,3,110
HAM_0051,Hambantota,2020,Maha,Pumpkin,2020-11-25,6.5,2021-03-17,7050.0,45825.0,11,3,112
HAM_0052,Hambantota,2020,Maha,Chillies,2020-11-30,7.0,2021-04-26,1750.0,12250.0,11,4,147
HAM_0053,Hambantota,2020,Maha,Chillies,2020-10-11,3.5,2021-03-07,1500.0,5250.0,10,3,147
HAM_0054,Hambantota,2020,Maha,Chillies,2020-11-20,2.0,2021-04-17,1900.0,3800.0,11,4,148
HAM_0055,Hambantota,2020,Maha,Chillies,2020-11-20,7.0,2021-04-16,2050.0,14350.0,11,4,147
HAM_0056,Hambantota,2020,Maha,Chillies,2020-10-16,0.5,2021-02-17,1700.0,850.0,10,2,124
HAM_0057,Hambantota,2020,Maha,Chillies,2020-10-04,2.0,2021-02-10,1700.0,3400.0,10,2,129
HAM_0058,Hambantota,2020,Maha,Chillies,2020-11-19,3.5,2021-03-31,1600.0,5600.0,11,3,132
HAM_0059,Hambantota,2020,Maha,Chillies,2020-11-03,3.5,2021-03-09,1400.0,4900.0,11,3,126
HAM_0060,Hambantota,2020,Maha,Chillies,2020-11-25,0.5,2021-04-11,1800.0,900.0,11,4,137
HAM_0061,Hambantota,2020,Maha,Chillies,2020-10-17,7.0,2021-02-14,1700.0,11900.0,10,2,120
HAM_0062,Hambantota,2020,Yala,Mung Beans,2020-04-09,2.0,2020-06-26,450.0,900.0,4,6,78
HAM_0063,Hambantota,2020,Yala,Mung Beans,2020-05-03,2.0,2020-07-14,500.0,1000.0,5,7,72
HAM_0064,Hambantota,2020,Yala,Mung Beans,2020-05-13,1.0,2020-08-07,400.0,400.0,5,8,86
HAM_0065,Hambantota,2020,Yala,Mung Beans,2020-04-04,7.0,2020-07-03,450.0,3150.0,4,7,90
HAM_0066,Hambantota,2020,Yala,Mung Beans,2020-04-12,6.5,2020-07-05,500.0,3250.0,4,7,84
HAM_0067,Hambantota,2020,Yala,Mung Beans,2020-04-07,1.5,2020-07-04,400.0,600.0,4,7,88
HAM_0068,Hambantota,2020,Yala,Mung Beans,2020-05-26,7.0,2020-08-12,550.0,3850.0,5,8,78
HAM_0069,Hambantota,2020,Yala,Mung Beans,2020-04-07,2.0,2020-07-05,450.0,900.0,4,7,89
HAM_0070,Hambantota,2020,Yala,Mung Beans,2020-05-19,7.0,2020-07-20,500.0,3500.0,5,7,62
HAM_0071,Hambantota,2020,Yala,Mung Beans,2020-04-18,6.5,2020-06-21,450.0,2925.0,4,6,64
HAM_0072,Hambantota,2020,Yala,Corn,2020-04-13,3.5,2020-08-07,1000.0,3500.0,4,8,116
HAM_0073,Hambantota,2020,Yala,Corn,2020-04-29,2.0,2020-08-26,750.0,1500.0,4,8,119
HAM_0074,Hambantota,2020,Yala,Corn,2020-05-27,6.5,2020-09-24,900.0,5850.0,5,9,120
HAM_0075,Hambantota,2020,Yala,Corn,2020-05-03,1.0,2020-08-12,800.0,800.0,5,8,101
HAM_0076,Hambantota,2020,Yala,Corn,2020-04-28,0.5,2020-08-15,1050.0,525.0,4,8,109
HAM_0077,Hambantota,2020,Yala,Corn,2020-05-04,6.5,2020-08-27,900.0,5850.0,5,8,115
HAM_0078,Hambantota,2020,Yala,Corn,2020-04-27,0.5,2020-08-24,950.0,475.0,4,8,119
HAM_0079,Hambantota,2020,Yala,Corn,2020-05-30,7.0,2020-09-09,850.0,5950.0,5,9,102
HAM_0080,Hambantota,2020,Yala,Corn,2020-04-12,1.5,2020-07-26,900.0,1350.0,4,7,105
HAM_0081,Hambantota,2020,Yala,Corn,2020-05-13,1.5,2020-08-29,1100.0,1650.0,5,8,108
HAM_0082,Hambantota,2020,Yala,Bandakka,2020-04-13,1.0,2020-06-14,3600.0,3600.0,4,6,62
HAM_0083,Hambantota,2020,Yala,Bandakka,2020-05-12,1.0,2020-07-20,3450.0,3450.0,5,7,69
HAM_0084,Hambantota,2020,Yala,Bandakka,2020-04-28,1.0,2020-06-29,4100.0,4100.0,4,6,62
HAM_0085,Hambantota,2020,Yala,Bandakka,2020-04-01,1.5,2020-06-03,3750.0,5625.0,4,6,63
HAM_0086,Hambantota,2020,Yala,Bandakka,2020-05-03,2.0,2020-07-09,3900.0,7800.0,5,7,67
HAM_0087,Hambantota,2020,Yala,Bandakka,2020-04-26,3.5,2020-06-29,3650.0,12775.0,4,6,64
HAM_0088,Hambantota,2020,Yala,Bandakka,2020-05-18,7.0,2020-07-21,3000.0,21000.0,5,7,64
HAM_0089,Hambantota,2020,Yala,Bandakka,2020-04-08,6.5,2020-06-17,3650.0,23725.0,4,6,70
HAM_0090,Hambantota,2020,Yala,Bandakka,2020-05-02,3.5,2020-07-01,3200.0,11200.0,5,7,60
HAM_0091,Hambantota,2020,Yala,Bandakka,2020-04-26,1.0,2020-07-05,4300.0,4300.0,4,7,70
HAM_0092,Hambantota,2020,Yala,Brinjal,2020-05-31,7.0,2020-09-15,6250.0,43750.0,5,9,107
HAM_0093,Hambantota,2020,Yala,Brinjal,2020-04-13,3.5,2020-07-22,5500.0,19250.0,4,7,100
HAM_0094,Hambantota,2020,Yala,Brinjal,2020-04-02,6.5,2020-07-27,7000.0,45500.0,4,7,116
HAM_0095,Hambantota,2020,Yala,Brinjal,2020-05-25,6.5,2020-09-17,6600.0,42900.0,5,9,115
HAM_0096,Hambantota,2020,Yala,Brinjal,2020-04-22,7.0,2020-08-04,7350.0,51450.0,4,8,104
HAM_0097,Hambantota,2020,Yala,Brinjal,2020-05-28,6.5,2020-09-15,5100.0,33150.0,5,9,110
HAM_0098,Hambantota,2020,Yala,Brinjal,2020-05-14,1.0,2020-08-25,6250.0,6250.0,5,8,103
HAM_0099,Hambantota,2020,Yala,Brinjal,2020-05-30,3.5,2020-09-12,6350.0,22225.0,5,9,105
HAM_0100,Hambantota,2020,Yala,Brinjal,2020-05-15,7.0,2020-09-05,5850.0,40950.0,5,9,113
HAM_0101,Hambantota,2020,Yala,Brinjal,2020-04-25,7.0,2020-08-23,6100.0,42700.0,4,8,120
HAM_0102,Hambantota,2020,Yala,Pumpkin,2020-04-29,2.0,2020-08-08,6600.0,13200.0,4,8,101
HAM_0103,Hambantota,2020,Yala,Pumpkin,2020-05-21,6.5,2020-08-30,6050.0,39325.0,5,8,101
HAM_0104,Hambantota,2020,Yala,Pumpkin,2020-05-23,1.5,2020-09-10,5550.0,8325.0,5,9,110
HAM_0105,Hambantota,2020,Yala,Pumpkin,2020-04-05,3.5,2020-07-09,5200.0,18200.0,4,7,95
HAM_0106,Hambantota,2020,Yala,Pumpkin,2020-05-01,0.5,2020-08-10,5800.0,2900.0,5,8,101
HAM_0107,Hambantota,2020,Yala,Pumpkin,2020-05-20,7.0,2020-09-11,6950.0,48650.0,5,9,114
HAM_0108,Hambantota,2020,Yala,Pumpkin,2020-04-20,6.5,2020-08-15,6250.0,40625.0,4,8,117
HAM_0109,Hambantota,2020,Yala,Pumpkin,2020-05-06,1.0,2020-08-22,5900.0,5900.0,5,8,108
HAM_0110,Hambantota,2020,Yala,Pumpkin,2020-04-01,3.5,2020-07-19,5900.0,20650.0,4,7,109
HAM_0111,Hambantota,2020,Yala,Pumpkin,2020-04-02,0.5,2020-07-26,4850.0,2425.0,4,7,115
HAM_0112,Hambantota,2020,Yala,Chillies,2020-04-26,6.5,2020-09-02,8100.0,52650.0,4,9,129
HAM_0113,Hambantota,2020,Yala,Chillies,2020-04-01,7.0,2020-08-19,7900.0,55300.0,4,8,140
HAM_0114,Hambantota,2020,Yala,Chillies,2020-04-28,6.5,2020-09-13,8400.0,54600.0,4,9,138
HAM_0115,Hambantota,2020,Yala,Chillies,2020-04-18,6.5,2020-09-07,9350.0,60775.0,4,9,142
HAM_0116,Hambantota,2020,Yala,Chillies,2020-05-09,1.5,2020-09-18,7900.0,11850.0,5,9,132
HAM_0117,Hambantota,2020,Yala,Chillies,2020-04-07,2.0,2020-08-25,7450.0,14900.0,4,8,140
HAM_0118,Hambantota,2020,Yala,Chillies,2020-04-12,2.0,2020-09-04,6500.0,13000.0,4,9,145
HAM_0119,Hambantota,2020,Yala,Chillies,2020-04-09,1.5,2020-08-20,7750.0,11625.0,4,8,133
HAM_0120,Hambantota,2020,Yala,Chillies,2020-04-04,2.0,2020-08-12,8850.0,17700.0,4,8,130
HAM_0121,Hambantota,2020,Yala,Chillies,2020-04-09,6.5,2020-08-15,6950.0,45175.0,4,8,128
HAM_0122,Hambantota,2021,Maha,Mung Beans,2021-10-17,6.5,2021-12-30,450.0,2925.0,10,12,74
HAM_0123,Hambantota,2021,Maha,Mung Beans,2021-10-04,0.5,2022-01-01,500.0,250.0,10,1,89
HAM_0124,Hambantota,2021,Maha,Mung Beans,2021-11-07,1.5,2022-01-09,400.0,600.0,11,1,63
HAM_0125,Hambantota,2021,Maha,Mung Beans,2021-11-12,2.0,2022-01-22,550.0,1100.0,11,1,71
HAM_0126,Hambantota,2021,Maha,Mung Beans,2021-10-05,7.0,2021-12-28,500.0,3500.0,10,12,84
HAM_0127,Hambantota,2021,Maha,Mung Beans,2021-10-13,0.5,2021-12-26,450.0,225.0,10,12,74
HAM_0128,Hambantota,2021,Maha,Mung Beans,2021-11-23,0.5,2022-01-31,400.0,200.0,11,1,69
HAM_0129,Hambantota,2021,Maha,Mung Beans,2021-11-07,2.0,2022-01-27,450.0,900.0,11,1,81
HAM_0130,Hambantota,2021,Maha,Mung Beans,2021-11-10,1.5,2022-02-03,450.0,675.0,11,2,85
HAM_0131,Hambantota,2021,Maha,Mung Beans,2021-11-03,1.0,2022-01-12,500.0,500.0,11,1,70
HAM_0132,Hambantota,2021,Maha,Corn,2021-11-30,2.0,2022-03-14,1100.0,2200.0,11,3,104
HAM_0133,Hambantota,2021,Maha,Corn,2021-10-09,6.5,2022-01-24,1050.0,6825.0,10,1,107
HAM_0134,Hambantota,2021,Maha,Corn,2021-10-08,2.0,2022-01-28,800.0,1600.0,10,1,112
HAM_0135,Hambantota,2021,Maha,Corn,2021-10-15,1.5,2022-01-30,1000.0,1500.0,10,1,107
HAM_0136,Hambantota,2021,Maha,Corn,2021-10-03,7.0,2022-01-11,750.0,5250.0,10,1,100
HAM_0137,Hambantota,2021,Maha,Corn,2021-10-08,1.5,2022-02-04,950.0,1425.0,10,2,119
HAM_0138,Hambantota,2021,Maha,Corn,2021-10-30,3.5,2022-02-26,900.0,3150.0,10,2,119
HAM_0139,Hambantota,2021,Maha,Corn,2021-11-10,6.5,2022-03-02,950.0,6175.0,11,3,112
HAM_0140,Hambantota,2021,Maha,Corn,2021-11-05,3.5,2022-03-03,950.0,3325.0,11,3,118
HAM_0141,Hambantota,2021,Maha,Corn,2021-11-01,2.0,2022-02-22,900.0,1800.0,11,2,113
HAM_0142,Hambantota,2021,Maha,Bandakka,2021-11-26,7.0,2022-01-29,4250.0,29750.0,11,1,64
HAM_0143,Hambantota,2021,Maha,Bandakka,2021-10-17,3.5,2021-12-18,5050.0,17675.0,10,12,62
HAM_0144,Hambantota,2021,Maha,Bandakka,2021-11-20,7.0,2022-01-25,5150.0,36050.0,11,1,66
HAM_0145,Hambantota,2021,Maha,Bandakka,2021-11-30,2.0,2022-01-30,5250.0,10500.0,11,1,61
HAM_0146,Hambantota,2021,Maha,Bandakka,2021-11-05,7.0,2022-01-09,5150.0,36050.0,11,1,65
HAM_0147,Hambantota,2021,Maha,Bandakka,2021-11-15,1.5,2022-01-15,4550.0,6825.0,11,1,61
HAM_0148,Hambantota,2021,Maha,Bandakka,2021-10-04,1.0,2021-12-10,5800.0,5800.0,10,12,67
HAM_0149,Hambantota,2021,Maha,Bandakka,2021-11-10,3.5,2022-01-16,5500.0,19250.0,11,1,67
HAM_0150,Hambantota,2021,Maha,Bandakka,2021-11-14,1.0,2022-01-19,6100.0,6100.0,11,1,66
HAM_0151,Hambantota,2021,Maha,Bandakka,2021-11-24,1.5,2022-01-31,4850.0,7275.0,11,1,68
HAM_0152,Hambantota,2021,Maha,Brinjal,2021-11-17,0.5,2022-02-27,4700.0,2350.0,11,2,102
HAM_0153,Hambantota,2021,Maha,Brinjal,2021-11-21,1.0,2022-03-09,6750.0,6750.0,11,3,108
HAM_0154,Hambantota,2021,Maha,Brinjal,2021-10-26,3.5,2022-02-17,5050.0,17675.0,10,2,114
HAM_0155,Hambantota,2021,Maha,Brinjal,2021-10-11,1.0,2022-01-20,5400.0,5400.0,10,1,101
HAM_0156,Hambantota,2021,Maha,Brinjal,2021-10-17,7.0,2022-02-06,5600.0,39200.0,10,2,112
HAM_0157,Hambantota,2021,Maha,Brinjal,2021-11-20,7.0,2022-03-07,5700.0,39900.0,11,3,107
HAM_0158,Hambantota,2021,Maha,Brinjal,2021-11-28,7.0,2022-03-13,5700.0,39900.0,11,3,105
HAM_0159,Hambantota,2021,Maha,Brinjal,2021-11-02,7.0,2022-02-19,6400.0,44800.0,11,2,109
HAM_0160,Hambantota,2021,Maha,Brinjal,2021-10-28,1.0,2022-02-14,6050.0,6050.0,10,2,109
HAM_0161,Hambantota,2021,Maha,Brinjal,2021-10-28,1.5,2022-02-25,5850.0,8775.0,10,2,120
HAM_0162,Hambantota,2021,Maha,Pumpkin,2021-10-18,2.0,2022-01-16,7250.0,14500.0,10,1,90
HAM_0163,Hambantota,2021,Maha,Pumpkin,2021-11-08,1.0,2022-03-04,6250.0,6250.0,11,3,116
HAM_0164,Hambantota,2021,Maha,Pumpkin,2021-10-23,1.0,2022-02-12,7100.0,7100.0,10,2,112
HAM_0165,Hambantota,2021,Maha,Pumpkin,2021-11-15,1.5,2022-02-23,6700.0,10050.0,11,2,100
HAM_0166,Hambantota,2021,Maha,Pumpkin,2021-11-18,7.0,2022-03-15,8400.0,58800.0,11,3,117
HAM_0167,Hambantota,2021,Maha,Pumpkin,2021-11-01,0.5,2022-01-30,7100.0,3550.0,11,1,90
HAM_0168,Hambantota,2021,Maha,Pumpkin,2021-10-21,2.0,2022-01-25,8000.0,16000.0,10,1,96
HAM_0169,Hambantota,2021,Maha,Pumpkin,2021-10-09,0.5,2022-01-18,5850.0,2925.0,10,1,101
HAM_0170,Hambantota,2021,Maha,Pumpkin,2021-11-09,1.0,2022-02-12,7550.0,7550.0,11,2,95
HAM_0171,Hambantota,2021,Maha,Pumpkin,2021-11-06,2.0,2022-02-11,7000.0,14000.0,11,2,97
HAM_0172,Hambantota,2021,Maha,Chillies,2021-10-22,0.5,2022-03-06,1200.0,600.0,10,3,135
HAM_0173,Hambantota,2021,Maha,Chillies,2021-11-22,0.5,2022-03-31,1150.0,575.0,11,3,129
HAM_0174,Hambantota,2021,Maha,Chillies,2021-11-30,7.0,2022-03-31,1000.0,7000.0,11,3,121
HAM_0175,Hambantota,2021,Maha,Chillies,2021-10-23,6.5,2022-03-02,1100.0,7150.0,10,3,130
HAM_0176,Hambantota,2021,Maha,Chillies,2021-11-06,2.0,2022-03-10,1450.0,2900.0,11,3,124
HAM_0177,Hambantota,2021,Maha,Chillies,2021-10-05,0.5,2022-02-03,1300.0,650.0,10,2,121
HAM_0178,Hambantota,2021,Maha,Chillies,2021-11-04,2.0,2022-03-07,1250.0,2500.0,11,3,123
HAM_0179,Hambantota,2021,Maha,Chillies,2021-11-27,3.5,2022-03-29,1350.0,4725.0,11,3,122
HAM_0180,Hambantota,2021,Maha,Chillies,2021-11-05,7.0,2022-03-20,1200.0,8400.0,11,3,135
HAM_0181,Hambantota,2021,Maha,Chillies,2021-10-07,2.0,2022-02-17,1200.0,2400.0,10,2,133
HAM_0182,Hambantota,2021,Yala,Mung Beans,2021-04-08,1.5,2021-06-21,350.0,525.0,4,6,74
HAM_0183,Hambantota,2021,Yala,Mung Beans,2021-05-30,1.0,2021-08-22,300.0,300.0,5,8,84
HAM_0184,Hambantota,2021,Yala,Mung Beans,2021-05-22,3.5,2021-08-01,350.0,1225.0,5,8,71
HAM_0185,Hambantota,2021,Yala,Mung Beans,2021-04-28,1.5,2021-07-11,300.0,450.0,4,7,74
HAM_0186,Hambantota,2021,Yala,Mung Beans,2021-04-26,7.0,2021-07-08,350.0,2450.0,4,7,73
HAM_0187,Hambantota,2021,Yala,Mung Beans,2021-04-27,6.5,2021-07-01,350.0,2275.0,4,7,65
HAM_0188,Hambantota,2021,Yala,Mung Beans,2021-05-20,3.5,2021-07-30,350.0,1225.0,5,7,71
HAM_0189,Hambantota,2021,Yala,Mung Beans,2021-05-03,1.5,2021-07-21,350.0,525.0,5,7,79
HAM_0190,Hambantota,2021,Yala,Mung Beans,2021-05-01,3.5,2021-07-17,400.0,1400.0,5,7,77
HAM_0191,Hambantota,2021,Yala,Mung Beans,2021-04-05,0.5,2021-06-30,400.0,200.0,4,6,86
HAM_0192,Hambantota,2021,Yala,Corn,2021-05-18,0.5,2021-09-12,750.0,375.0,5,9,117
HAM_0193,Hambantota,2021,Yala,Corn,2021-04-30,1.0,2021-08-10,550.0,550.0,4,8,102
HAM_0194,Hambantota,2021,Yala,Corn,2021-05-23,7.0,2021-09-15,700.0,4900.0,5,9,115
HAM_0195,Hambantota,2021,Yala,Corn,2021-04-01,0.5,2021-07-24,650.0,325.0,4,7,114
HAM_0196,Hambantota,2021,Yala,Corn,2021-04-04,7.0,2021-07-23,600.0,4200.0,4,7,110
HAM_0197,Hambantota,2021,Yala,Corn,2021-04-06,1.0,2021-07-26,650.0,650.0,4,7,111
HAM_0198,Hambantota,2021,Yala,Corn,2021-04-12,0.5,2021-08-07,700.0,350.0,4,8,117
HAM_0199,Hambantota,2021,Yala,Corn,2021-05-29,1.0,2021-09-15,700.0,700.0,5,9,109
HAM_0200,Hambantota,2021,Yala,Corn,2021-04-19,3.5,2021-08-13,700.0,2450.0,4,8,116
HAM_0201,Hambantota,2021,Yala,Corn,2021-04-12,3.5,2021-07-24,800.0,2800.0,4,7,103
HAM_0202,Hambantota,2021,Yala,Bandakka,2021-05-03,3.5,2021-07-12,4900.0,17150.0,5,7,70
HAM_0203,Hambantota,2021,Yala,Bandakka,2021-05-03,6.5,2021-07-12,5450.0,35425.0,5,7,70
HAM_0204,Hambantota,2021,Yala,Bandakka,2021-05-09,7.0,2021-07-10,3800.0,26600.0,5,7,62
HAM_0205,Hambantota,2021,Yala,Bandakka,2021-05-25,0.5,2021-07-31,4350.0,2175.0,5,7,67
HAM_0206,Hambantota,2021,Yala,Bandakka,2021-04-24,1.0,2021-06-26,4050.0,4050.0,4,6,63
HAM_0207,Hambantota,2021,Yala,Bandakka,2021-05-13,0.5,2021-07-20,4550.0,2275.0,5,7,68
HAM_0208,Hambantota,2021,Yala,Bandakka,2021-04-24,6.5,2021-06-28,5200.0,33800.0,4,6,65
HAM_0209,Hambantota,2021,Yala,Bandakka,2021-05-26,2.0,2021-08-04,4700.0,9400.0,5,8,70
HAM_0210,Hambantota,2021,Yala,Bandakka,2021-04-10,3.5,2021-06-10,4600.0,16100.0,4,6,61
HAM_0211,Hambantota,2021,Yala,Bandakka,2021-04-14,3.5,2021-06-17,4600.0,16100.0,4,6,64
HAM_0212,Hambantota,2021,Yala,Brinjal,2021-05-06,2.0,2021-08-14,4900.0,9800.0,5,8,100
HAM_0213,Hambantota,2021,Yala,Brinjal,2021-04-11,1.5,2021-08-02,5450.0,8175.0,4,8,113
HAM_0214,Hambantota,2021,Yala,Brinjal,2021-04-02,0.5,2021-07-29,5900.0,2950.0,4,7,118
HAM_0215,Hambantota,2021,Yala,Brinjal,2021-05-10,0.5,2021-08-29,5200.0,2600.0,5,8,111
HAM_0216,Hambantota,2021,Yala,Brinjal,2021-05-05,7.0,2021-08-15,5550.0,38850.0,5,8,102
HAM_0217,Hambantota,2021,Yala,Brinjal,2021-05-04,7.0,2021-08-15,4550.0,31850.0,5,8,103
HAM_0218,Hambantota,2021,Yala,Brinjal,2021-04-01,2.0,2021-07-21,6200.0,12400.0,4,7,111
HAM_0219,Hambantota,2021,Yala,Brinjal,2021-04-07,6.5,2021-07-16,5650.0,36725.0,4,7,100
HAM_0220,Hambantota,2021,Yala,Brinjal,2021-04-19,3.5,2021-08-17,6550.0,22925.0,4,8,120
HAM_0221,Hambantota,2021,Yala,Brinjal,2021-05-10,2.0,2021-08-20,5550.0,11100.0,5,8,102
HAM_0222,Hambantota,2021,Yala,Pumpkin,2021-05-22,1.5,2021-09-15,7600.0,11400.0,5,9,116
HAM_0223,Hambantota,2021,Yala,Pumpkin,2021-04-09,3.5,2021-07-17,7200.0,25200.0,4,7,99
HAM_0224,Hambantota,2021,Yala,Pumpkin,2021-05-22,2.0,2021-09-12,5550.0,11100.0,5,9,113
HAM_0225,Hambantota,2021,Yala,Pumpkin,2021-05-13,2.0,2021-08-25,5950.0,11900.0,5,8,104
HAM_0226,Hambantota,2021,Yala,Pumpkin,2021-04-10,2.0,2021-07-22,6650.0,13300.0,4,7,103
HAM_0227,Hambantota,2021,Yala,Pumpkin,2021-04-24,7.0,2021-07-24,6900.0,48300.0,4,7,91
HAM_0228,Hambantota,2021,Yala,Pumpkin,2021-05-30,0.5,2021-09-11,6800.0,3400.0,5,9,104
HAM_0229,Hambantota,2021,Yala,Pumpkin,2021-04-04,2.0,2021-07-11,6800.0,13600.0,4,7,98
HAM_0230,Hambantota,2021,Yala,Pumpkin,2021-05-26,6.5,2021-09-09,8000.0,52000.0,5,9,106
HAM_0231,Hambantota,2021,Yala,Pumpkin,2021-05-10,3.5,2021-08-14,6400.0,22400.0,5,8,96
HAM_0232,Hambantota,2021,Yala,Chillies,2021-05-01,3.5,2021-09-20,1200.0,4200.0,5,9,142
HAM_0233,Hambantota,2021,Yala,Chillies,2021-05-17,6.5,2021-09-28,1450.0,9425.0,5,9,134
HAM_0234,Hambantota,2021,Yala,Chillies,2021-05-05,3.5,2021-09-05,1300.0,4550.0,5,9,123
HAM_0235,Hambantota,2021,Yala,Chillies,2021-05-12,1.5,2021-09-19,1350.0,2025.0,5,9,130
HAM_0236,Hambantota,2021,Yala,Chillies,2021-05-12,1.0,2021-09-19,1400.0,1400.0,5,9,130
HAM_0237,Hambantota,2021,Yala,Chillies,2021-05-28,2.0,2021-10-03,1500.0,3000.0,5,10,128
HAM_0238,Hambantota,2021,Yala,Chillies,2021-04-10,2.0,2021-08-18,1100.0,2200.0,4,8,130
HAM_0239,Hambantota,2021,Yala,Chillies,2021-04-01,1.5,2021-08-22,1600.0,2400.0,4,8,143
HAM_0240,Hambantota,2021,Yala,Chillies,2021-05-13,1.5,2021-10-03,1350.0,2025.0,5,10,143
HAM_0241,Hambantota,2021,Yala,Chillies,2021-05-07,3.5,2021-09-20,1250.0,4375.0,5,9,136
HAM_0242,Hambantota,2022,Maha,Mung Beans,2022-10-04,1.0,2022-12-14,400.0,400.0,10,12,71
HAM_0243,Hambantota,2022,Maha,Mung Beans,2022-10-10,7.0,2023-01-08,450.0,3150.0,10,1,90
HAM_0244,Hambantota,2022,Maha,Mung Beans,2022-10-27,7.0,2023-01-03,400.0,2800.0,10,1,68
HAM_0245,Hambantota,2022,Maha,Mung Beans,2022-10-10,1.0,2022-12-24,400.0,400.0,10,12,75
HAM_0246,Hambantota,2022,Maha,Mung Beans,2022-11-24,2.0,2023-02-22,350.0,700.0,11,2,90
HAM_0247,Hambantota,2022,Maha,Mung Beans,2022-10-24,3.5,2023-01-03,350.0,1225.0,10,1,71
HAM_0248,Hambantota,2022,Maha,Mung Beans,2022-10-16,3.5,2022-12-26,450.0,1575.0,10,12,71
HAM_0249,Hambantota,2022,Maha,Mung Beans,2022-10-17,3.5,2023-01-10,400.0,1400.0,10,1,85
HAM_0250,Hambantota,2022,Maha,Mung Beans,2022-10-19,0.5,2023-01-09,400.0,200.0,10,1,82
HAM_0251,Hambantota,2022,Maha,Mung Beans,2022-11-17,1.5,2023-01-29,400.0,600.0,11,1,73
HAM_0252,Hambantota,2022,Maha,Corn,2022-11-23,3.5,2023-03-20,850.0,2975.0,11,3,117
HAM_0253,Hambantota,2022,Maha,Corn,2022-11-09,0.5,2023-02-24,650.0,325.0,11,2,107
HAM_0254,Hambantota,2022,Maha,Corn,2022-10-07,2.0,2023-01-18,900.0,1800.0,10,1,103
HAM_0255,Hambantota,2022,Maha,Corn,2022-11-06,0.5,2023-02-14,750.0,375.0,11,2,100
HAM_0256,Hambantota,2022,Maha,Corn,2022-11-22,7.0,2023-03-16,700.0,4900.0,11,3,114
HAM_0257,Hambantota,2022,Maha,Corn,2022-10-31,3.5,2023-02-11,900.0,3150.0,10,2,103
HAM_0258,Hambantota,2022,Maha,Corn,2022-11-07,6.5,2023-02-23,800.0,5200.0,11,2,108
HAM_0259,Hambantota,2022,Maha,Corn,2022-11-08,1.5,2023-03-08,800.0,1200.0,11,3,120
HAM_0260,Hambantota,2022,Maha,Corn,2022-10-07,1.5,2023-01-30,750.0,1125.0,10,1,115
HAM_0261,Hambantota,2022,Maha,Corn,2022-11-24,2.0,2023-03-14,800.0,1600.0,11,3,110
HAM_0262,Hambantota,2022,Maha,Bandakka,2022-11-08,1.0,2023-01-16,5100.0,5100.0,11,1,69
HAM_0263,Hambantota,2022,Maha,Bandakka,2022-10-16,0.5,2022-12-15,5100.0,2550.0,10,12,60
HAM_0264,Hambantota,2022,Maha,Bandakka,2022-11-26,0.5,2023-01-27,4800.0,2400.0,11,1,62
HAM_0265,Hambantota,2022,Maha,Bandakka,2022-10-15,2.0,2022-12-14,4200.0,8400.0,10,12,60
HAM_0266,Hambantota,2022,Maha,Bandakka,2022-10-05,0.5,2022-12-05,4500.0,2250.0,10,12,61
HAM_0267,Hambantota,2022,Maha,Bandakka,2022-11-04,6.5,2023-01-13,5000.0,32500.0,11,1,70
HAM_0268,Hambantota,2022,Maha,Bandakka,2022-10-10,6.5,2022-12-17,5700.0,37050.0,10,12,68
HAM_0269,Hambantota,2022,Maha,Bandakka,2022-10-05,1.0,2022-12-06,5200.0,5200.0,10,12,62
HAM_0270,Hambantota,2022,Maha,Bandakka,2022-10-14,6.5,2022-12-23,6000.0,39000.0,10,12,70
HAM_0271,Hambantota,2022,Maha,Bandakka,2022-11-29,0.5,2023-02-06,5400.0,2700.0,11,2,69
HAM_0272,Hambantota,2022,Maha,Brinjal,2022-11-29,3.5,2023-03-14,5050.0,17675.0,11,3,105
HAM_0273,Hambantota,2022,Maha,Brinjal,2022-11-17,3.5,2023-03-12,4500.0,15750.0,11,3,115
HAM_0274,Hambantota,2022,Maha,Brinjal,2022-11-30,3.5,2023-03-13,4850.0,16975.0,11,3,103
HAM_0275,Hambantota,2022,Maha,Brinjal,2022-10-31,0.5,2023-02-17,4200.0,2100.0,10,2,109
HAM_0276,Hambantota,2022,Maha,Brinjal,2022-10-28,7.0,2023-02-10,5150.0,36050.0,10,2,105
HAM_0277,Hambantota,2022,Maha,Brinjal,2022-11-09,0.5,2023-03-04,5250.0,2625.0,11,3,115
HAM_0278,Hambantota,2022,Maha,Brinjal,2022-11-05,1.5,2023-02-23,5750.0,8625.0,11,2,110
HAM_0279,Hambantota,2022,Maha,Brinjal,2022-10-07,7.0,2023-01-26,6050.0,42350.0,10,1,111
HAM_0280,Hambantota,2022,Maha,Brinjal,2022-11-09,7.0,2023-03-06,5450.0,38150.0,11,3,117
HAM_0281,Hambantota,2022,Maha,Brinjal,2022-11-29,7.0,2023-03-10,5150.0,36050.0,11,3,101
HAM_0282,Hambantota,2022,Maha,Pumpkin,2022-11-22,1.0,2023-03-05,1400.0,1400.0,11,3,103
HAM_0283,Hambantota,2022,Maha,Pumpkin,2022-11-30,1.5,2023-03-25,1700.0,2550.0,11,3,115
HAM_0284,Hambantota,2022,Maha,Pumpkin,2022-11-02,2.0,2023-02-08,1550.0,3100.0,11,2,98
HAM_0285,Hambantota,2022,Maha,Pumpkin,2022-11-09,1.0,2023-02-10,1800.0,1800.0,11,2,93
HAM_0286,Hambantota,2022,Maha,Pumpkin,2022-11-18,2.0,2023-03-02,1900.0,3800.0,11,3,104
HAM_0287,Hambantota,2022,Maha,Pumpkin,2022-11-04,7.0,2023-02-03,1300.0,9100.0,11,2,91
HAM_0288,Hambantota,2022,Maha,Pumpkin,2022-11-27,2.0,2023-03-07,1650.0,3300.0,11,3,100
HAM_0289,Hambantota,2022,Maha,Pumpkin,2022-11-25,0.5,2023-03-08,1600.0,800.0,11,3,103
HAM_0290,Hambantota,2022,Maha,Pumpkin,2022-10-21,7.0,2023-02-13,1500.0,10500.0,10,2,115
HAM_0291,Hambantota,2022,Maha,Pumpkin,2022-10-21,1.5,2023-02-14,1600.0,2400.0,10,2,116
HAM_0292,Hambantota,2022,Maha,Chillies,2022-11-28,3.5,2023-04-22,1000.0,3500.0,11,4,145
HAM_0293,Hambantota,2022,Maha,Chillies,2022-10-08,2.0,2023-02-17,1050.0,2100.0,10,2,132
HAM_0294,Hambantota,2022,Maha,Chillies,2022-11-23,7.0,2023-04-10,1200.0,8400.0,11,4,138
HAM_0295,Hambantota,2022,Maha,Chillies,2022-10-05,6.5,2023-02-20,1400.0,9100.0,10,2,138
HAM_0296,Hambantota,2022,Maha,Chillies,2022-10-02,6.5,2023-02-22,1200.0,7800.0,10,2,143
HAM_0297,Hambantota,2022,Maha,Chillies,2022-11-24,6.5,2023-04-15,1200.0,7800.0,11,4,142
HAM_0298,Hambantota,2022,Maha,Chillies,2022-10-14,7.0,2023-02-21,1150.0,8050.0,10,2,130
HAM_0299,Hambantota,2022,Maha,Chillies,2022-11-25,1.0,2023-04-01,1100.0,1100.0,11,4,127
HAM_0300,Hambantota,2022,Maha,Chillies,2022-11-11,7.0,2023-03-18,1350.0,9450.0,11,3,127
HAM_0301,Hambantota,2022,Maha,Chillies,2022-10-04,0.5,2023-02-06,1250.0,625.0,10,2,125
HAM_0302,Hambantota,2022,Yala,Mung Beans,2022-04-15,1.0,2022-06-14,300.0,300.0,4,6,60
HAM_0303,Hambantota,2022,Yala,Mung Beans,2022-04-28,2.0,2022-06-30,300.0,600.0,4,6,63
HAM_0304,Hambantota,2022,Yala,Mung Beans,2022-04-15,7.0,2022-07-08,350.0,2450.0,4,7,84
HAM_0305,Hambantota,2022,Yala,Mung Beans,2022-04-26,1.5,2022-07-05,250.0,375.0,4,7,70
HAM_0306,Hambantota,2022,Yala,Mung Beans,2022-04-04,0.5,2022-06-20,300.0,150.0,4,6,77
HAM_0307,Hambantota,2022,Yala,Mung Beans,2022-05-27,0.5,2022-08-16,350.0,175.0,5,8,81
HAM_0308,Hambantota,2022,Yala,Mung Beans,2022-04-12,1.0,2022-07-03,300.0,300.0,4,7,82
HAM_0309,Hambantota,2022,Yala,Mung Beans,2022-05-17,0.5,2022-08-13,350.0,175.0,5,8,88
HAM_0310,Hambantota,2022,Yala,Mung Beans,2022-04-04,6.5,2022-06-26,300.0,1950.0,4,6,83
HAM_0311,Hambantota,2022,Yala,Mung Beans,2022-05-20,0.5,2022-08-18,400.0,200.0,5,8,90
HAM_0312,Hambantota,2022,Yala,Mung Beans,2022-04-02,7.0,2022-06-20,300.0,2100.0,4,6,79
HAM_0313,Hambantota,2022,Yala,Corn,2022-05-24,1.5,2022-09-01,700.0,1050.0,5,9,100
HAM_0314,Hambantota,2022,Yala,Corn,2022-05-02,3.5,2022-08-11,700.0,2450.0,5,8,101
HAM_0315,Hambantota,2022,Yala,Corn,2022-04-16,0.5,2022-08-01,600.0,300.0,4,8,107
HAM_0316,Hambantota,2022,Yala,Corn,2022-05-26,6.5,2022-09-23,700.0,4550.0,5,9,120
HAM_0317,Hambantota,2022,Yala,Corn,2022-04-08,7.0,2022-07-17,750.0,5250.0,4,7,100
HAM_0318,Hambantota,2022,Yala,Corn,2022-04-21,3.5,2022-08-06,700.0,2450.0,4,8,107
HAM_0319,Hambantota,2022,Yala,Corn,2022-04-16,0.5,2022-08-02,850.0,425.0,4,8,108
HAM_0320,Hambantota,2022,Yala,Corn,2022-05-28,1.0,2022-09-16,750.0,750.0,5,9,111
HAM_0321,Hambantota,2022,Yala,Corn,2022-04-17,2.0,2022-08-06,650.0,1300.0,4,8,111
HAM_0322,Hambantota,2022,Yala,Corn,2022-04-20,1.5,2022-08-13,800.0,1200.0,4,8,115
HAM_0323,Hambantota,2022,Yala,Bandakka,2022-05-02,1.0,2022-07-01,4800.0,4800.0,5,7,60
HAM_0324,Hambantota,2022,Yala,Bandakka,2022-05-28,1.5,2022-08-06,4500.0,6750.0,5,8,70
HAM_0325,Hambantota,2022,Yala,Bandakka,2022-04-05,1.0,2022-06-05,4450.0,4450.0,4,6,61
HAM_0326,Hambantota,2022,Yala,Bandakka,2022-04-08,7.0,2022-06-09,3950.0,27650.0,4,6,62
HAM_0327,Hambantota,2022,Yala,Bandakka,2022-05-16,1.0,2022-07-17,5050.0,5050.0,5,7,62
HAM_0328,Hambantota,2022,Yala,Bandakka,2022-04-22,0.5,2022-07-01,4500.0,2250.0,4,7,70
HAM_0329,Hambantota,2022,Yala,Bandakka,2022-05-12,3.5,2022-07-15,4250.0,14875.0,5,7,64
HAM_0330,Hambantota,2022,Yala,Bandakka,2022-04-01,3.5,2022-06-10,4600.0,16100.0,4,6,70
HAM_0331,Hambantota,2022,Yala,Bandakka,2022-05-21,2.0,2022-07-30,5350.0,10700.0,5,7,70
HAM_0332,Hambantota,2022,Yala,Bandakka,2022-05-05,0.5,2022-07-12,3700.0,1850.0,5,7,68
HAM_0333,Hambantota,2022,Yala,Brinjal,2022-04-25,2.0,2022-08-13,5900.0,11800.0,4,8,110
HAM_0334,Hambantota,2022,Yala,Brinjal,2022-05-15,1.5,2022-09-11,5300.0,7950.0,5,9,119
HAM_0335,Hambantota,2022,Yala,Brinjal,2022-05-19,0.5,2022-09-13,5650.0,2825.0,5,9,117
HAM_0336,Hambantota,2022,Yala,Brinjal,2022-04-19,6.5,2022-08-12,6700.0,43550.0,4,8,115
HAM_0337,Hambantota,2022,Yala,Brinjal,2022-05-17,1.0,2022-09-04,6350.0,6350.0,5,9,110
HAM_0338,Hambantota,2022,Yala,Brinjal,2022-04-14,6.5,2022-07-27,7100.0,46150.0,4,7,104
HAM_0339,Hambantota,2022,Yala,Brinjal,2022-05-10,1.0,2022-08-29,6100.0,6100.0,5,8,111
HAM_0340,Hambantota,2022,Yala,Brinjal,2022-04-20,1.0,2022-08-09,4900.0,4900.0,4,8,111
HAM_0341,Hambantota,2022,Yala,Brinjal,2022-04-23,1.5,2022-08-07,6000.0,9000.0,4,8,106
HAM_0342,Hambantota,2022,Yala,Brinjal,2022-04-09,1.0,2022-08-04,6000.0,6000.0,4,8,117
HAM_0343,Hambantota,2022,Yala,Pumpkin,2022-05-06,7.0,2022-08-26,7250.0,50750.0,5,8,112
HAM_0344,Hambantota,2022,Yala,Pumpkin,2022-05-29,7.0,2022-09-23,5600.0,39200.0,5,9,117
HAM_0345,Hambantota,2022,Yala,Pumpkin,2022-04-03,7.0,2022-07-02,6700.0,46900.0,4,7,90
HAM_0346,Hambantota,2022,Yala,Pumpkin,2022-04-14,6.5,2022-08-07,6950.0,45175.0,4,8,115
HAM_0347,Hambantota,2022,Yala,Pumpkin,2022-04-28,2.0,2022-08-24,7650.0,15300.0,4,8,118
HAM_0348,Hambantota,2022,Yala,Pumpkin,2022-04-11,0.5,2022-07-13,8050.0,4025.0,4,7,93
HAM_0349,Hambantota,2022,Yala,Pumpkin,2022-04-24,3.5,2022-08-10,6800.0,23800.0,4,8,108
HAM_0350,Hambantota,2022,Yala,Pumpkin,2022-05-01,1.0,2022-08-04,6800.0,6800.0,5,8,95
HAM_0351,Hambantota,2022,Yala,Pumpkin,2022-04-24,7.0,2022-07-24,6400.0,44800.0,4,7,91
HAM_0352,Hambantota,2022,Yala,Pumpkin,2022-04-23,7.0,2022-07-31,6000.0,42000.0,4,7,99
HAM_0353,Hambantota,2022,Yala,Chillies,2022-05-30,0.5,2022-10-17,950.0,475.0,5,10,140
HAM_0354,Hambantota,2022,Yala,Chillies,2022-04-18,7.0,2022-09-07,1200.0,8400.0,4,9,142
HAM_0355,Hambantota,2022,Yala,Chillies,2022-04-19,1.5,2022-08-19,1100.0,1650.0,4,8,122
HAM_0356,Hambantota,2022,Yala,Chillies,2022-04-16,6.5,2022-08-28,1200.0,7800.0,4,8,134
HAM_0357,Hambantota,2022,Yala,Chillies,2022-05-19,1.5,2022-10-06,1050.0,1575.0,5,10,140
HAM_0358,Hambantota,2022,Yala,Chillies,2022-05-15,6.5,2022-09-13,1300.0,8450.0,5,9,121
HAM_0359,Hambantota,2022,Yala,Chillies,2022-04-06,0.5,2022-08-21,1200.0,600.0,4,8,137
HAM_0360,Hambantota,2022,Yala,Chillies,2022-04-25,3.5,2022-09-19,1150.0,4025.0,4,9,147
HAM_0361,Hambantota,2022,Yala,Chillies,2022-04-18,3.5,2022-08-25,1250.0,4375.0,4,8,129
HAM_0362,Hambantota,2022,Yala,Chillies,2022-04-05,1.5,2022-08-08,1400.0,2100.0,4,8,125
HAM_0363,Hambantota,2023,Maha,Mung Beans,2023-10-27,7.0,2024-01-12,300.0,2100.0,10,1,77
HAM_0364,Hambantota,2023,Maha,Mung Beans,2023-10-20,3.5,2024-01-17,400.0,1400.0,10,1,89
HAM_0365,Hambantota,2023,Maha,Mung Beans,2023-10-11,3.5,2023-12-31,400.0,1400.0,10,12,81
HAM_0366,Hambantota,2023,Maha,Mung Beans,2023-10-19,7.0,2023-12-31,350.0,2450.0,10,12,73
HAM_0367,Hambantota,2023,Maha,Mung Beans,2023-11-27,7.0,2024-02-14,400.0,2800.0,11,2,79
HAM_0368,Hambantota,2023,Maha,Mung Beans,2023-11-20,3.5,2024-01-24,350.0,1225.0,11,1,65
HAM_0369,Hambantota,2023,Maha,Mung Beans,2023-11-17,3.5,2024-01-31,350.0,1225.0,11,1,75
HAM_0370,Hambantota,2023,Maha,Mung Beans,2023-10-05,3.5,2023-12-26,450.0,1575.0,10,12,82
HAM_0371,Hambantota,2023,Maha,Mung Beans,2023-11-13,6.5,2024-01-28,400.0,2600.0,11,1,76
HAM_0372,Hambantota,2023,Maha,Mung Beans,2023-11-10,1.5,2024-01-22,400.0,600.0,11,1,73
HAM_0373,Hambantota,2023,Maha,Corn,2023-11-28,0.5,2024-03-21,600.0,300.0,11,3,114
HAM_0374,Hambantota,2023,Maha,Corn,2023-11-24,0.5,2024-03-12,500.0,250.0,11,3,109
HAM_0375,Hambantota,2023,Maha,Corn,2023-11-06,0.5,2024-02-28,700.0,350.0,11,2,114
HAM_0376,Hambantota,2023,Maha,Corn,2023-10-08,0.5,2024-01-26,550.0,275.0,10,1,110
HAM_0377,Hambantota,2023,Maha,Corn,2023-11-27,6.5,2024-03-21,550.0,3575.0,11,3,115
HAM_0378,Hambantota,2023,Maha,Corn,2023-10-29,2.0,2024-02-08,600.0,1200.0,10,2,102
HAM_0379,Hambantota,2023,Maha,Corn,2023-10-23,0.5,2024-02-02,600.0,300.0,10,2,102
HAM_0380,Hambantota,2023,Maha,Corn,2023-11-17,0.5,2024-02-28,600.0,300.0,11,2,103
HAM_0381,Hambantota,2023,Maha,Corn,2023-10-01,1.5,2024-01-19,650.0,975.0,10,1,110
HAM_0382,Hambantota,2023,Maha,Corn,2023-10-11,0.5,2024-01-26,650.0,325.0,10,1,107
HAM_0383,Hambantota,2023,Maha,Bandakka,2023-11-11,2.0,2024-01-15,4900.0,9800.0,11,1,65
HAM_0384,Hambantota,2023,Maha,Bandakka,2023-10-22,1.5,2023-12-30,4500.0,6750.0,10,12,69
HAM_0385,Hambantota,2023,Maha,Bandakka,2023-10-12,1.5,2023-12-21,5150.0,7725.0,10,12,70
HAM_0386,Hambantota,2023,Maha,Bandakka,2023-11-04,7.0,2024-01-04,4700.0,32900.0,11,1,61
HAM_0387,Hambantota,2023,Maha,Bandakka,2023-10-01,7.0,2023-12-03,3800.0,26600.0,10,12,63
HAM_0388,Hambantota,2023,Maha,Bandakka,2023-10-20,3.5,2023-12-20,4050.0,14175.0,10,12,61
HAM_0389,Hambantota,2023,Maha,Bandakka,2023-11-30,1.0,2024-02-03,4600.0,4600.0,11,2,65
HAM_0390,Hambantota,2023,Maha,Bandakka,2023-11-30,2.0,2024-02-06,4600.0,9200.0,11,2,68
HAM_0391,Hambantota,2023,Maha,Bandakka,2023-10-01,1.0,2023-12-01,4350.0,4350.0,10,12,61
HAM_0392,Hambantota,2023,Maha,Bandakka,2023-11-08,1.5,2024-01-09,5450.0,8175.0,11,1,62
HAM_0393,Hambantota,2023,Maha,Brinjal,2023-11-15,2.0,2024-03-09,4500.0,9000.0,11,3,115
HAM_0394,Hambantota,2023,Maha,Brinjal,2023-10-22,6.5,2024-02-10,5100.0,33150.0,10,2,111
HAM_0395,Hambantota,2023,Maha,Brinjal,2023-10-13,6.5,2024-02-04,4800.0,31200.0,10,2,114
HAM_0396,Hambantota,2023,Maha,Brinjal,2023-11-26,1.0,2024-03-19,6000.0,6000.0,11,3,114
HAM_0397,Hambantota,2023,Maha,Brinjal,2023-10-24,1.5,2024-02-19,5200.0,7800.0,10,2,118
HAM_0398,Hambantota,2023,Maha,Brinjal,2023-11-12,2.0,2024-03-07,5400.0,10800.0,11,3,116
HAM_0399,Hambantota,2023,Maha,Brinjal,2023-10-15,6.5,2024-02-02,5700.0,37050.0,10,2,110
HAM_0400,Hambantota,2023,Maha,Brinjal,2023-11-09,2.0,2024-03-03,4200.0,8400.0,11,3,115
HAM_0401,Hambantota,2023,Maha,Brinjal,2023-10-18,2.0,2024-02-09,5000.0,10000.0,10,2,114
HAM_0402,Hambantota,2023,Maha,Brinjal,2023-11-26,6.5,2024-03-12,5100.0,33150.0,11,3,107
HAM_0403,Hambantota,2023,Maha,Pumpkin,2023-11-28,1.5,2024-03-11,6150.0,9225.0,11,3,104
HAM_0404,Hambantota,2023,Maha,Pumpkin,2023-10-21,3.5,2024-01-20,7400.0,25900.0,10,1,91
HAM_0405,Hambantota,2023,Maha,Pumpkin,2023-10-01,6.5,2024-01-28,7000.0,45500.0,10,1,119
HAM_0406,Hambantota,2023,Maha,Pumpkin,2023-11-02,6.5,2024-03-01,6850.0,44525.0,11,3,120
HAM_0407,Hambantota,2023,Maha,Pumpkin,2023-10-28,7.0,2024-02-24,7150.0,50050.0,10,2,119
HAM_0408,Hambantota,2023,Maha,Pumpkin,2023-11-28,7.0,2024-03-26,6550.0,45850.0,11,3,119
HAM_0409,Hambantota,2023,Maha,Pumpkin,2023-11-02,1.5,2024-02-24,5750.0,8625.0,11,2,114
HAM_0410,Hambantota,2023,Maha,Pumpkin,2023-10-19,0.5,2024-01-30,7850.0,3925.0,10,1,103
HAM_0411,Hambantota,2023,Maha,Pumpkin,2023-11-22,2.0,2024-02-27,7000.0,14000.0,11,2,97
HAM_0412,Hambantota,2023,Maha,Pumpkin,2023-10-14,0.5,2024-01-31,8250.0,4125.0,10,1,109
HAM_0413,Hambantota,2023,Maha,Chillies,2023-11-10,2.0,2024-03-24,850.0,1700.0,11,3,135
HAM_0414,Hambantota,2023,Maha,Chillies,2023-10-26,3.5,2024-03-14,900.0,3150.0,10,3,140
HAM_0415,Hambantota,2023,Maha,Chillies,2023-10-04,2.0,2024-02-27,800.0,1600.0,10,2,146
HAM_0416,Hambantota,2023,Maha,Chillies,2023-10-23,1.5,2024-03-09,950.0,1425.0,10,3,138
HAM_0417,Hambantota,2023,Maha,Chillies,2023-11-20,3.5,2024-03-31,950.0,3325.0,11,3,132
HAM_0418,Hambantota,2023,Maha,Chillies,2023-10-30,0.5,2024-03-05,1100.0,550.0,10,3,127
HAM_0419,Hambantota,2023,Maha,Chillies,2023-11-05,3.5,2024-03-09,1150.0,4025.0,11,3,125
HAM_0420,Hambantota,2023,Maha,Chillies,2023-11-12,2.0,2024-03-19,1000.0,2000.0,11,3,128
HAM_0421,Hambantota,2023,Maha,Chillies,2023-11-11,6.5,2024-04-01,1000.0,6500.0,11,4,142
HAM_0422,Hambantota,2023,Maha,Chillies,2023-10-09,3.5,2024-02-06,950.0,3325.0,10,2,120
HAM_0423,Hambantota,2023,Yala,Mung Beans,2023-05-12,1.0,2023-07-13,250.0,250.0,5,7,62
HAM_0424,Hambantota,2023,Yala,Mung Beans,2023-05-23,1.0,2023-07-27,300.0,300.0,5,7,65
HAM_0425,Hambantota,2023,Yala,Mung Beans,2023-05-18,6.5,2023-08-12,300.0,1950.0,5,8,86
HAM_0426,Hambantota,2023,Yala,Mung Beans,2023-05-26,6.5,2023-07-31,350.0,2275.0,5,7,66
HAM_0427,Hambantota,2023,Yala,Mung Beans,2023-04-24,1.5,2023-06-29,300.0,450.0,4,6,66
HAM_0428,Hambantota,2023,Yala,Mung Beans,2023-05-19,0.5,2023-07-31,300.0,150.0,5,7,73
HAM_0429,Hambantota,2023,Yala,Mung Beans,2023-04-15,3.5,2023-06-19,350.0,1225.0,4,6,65
HAM_0430,Hambantota,2023,Yala,Mung Beans,2023-05-05,0.5,2023-07-05,400.0,200.0,5,7,61
HAM_0431,Hambantota,2023,Yala,Mung Beans,2023-04-13,0.5,2023-06-12,350.0,175.0,4,6,60
HAM_0432,Hambantota,2023,Yala,Mung Beans,2023-05-24,1.0,2023-08-01,300.0,300.0,5,8,69
HAM_0433,Hambantota,2023,Yala,Corn,2023-04-25,3.5,2023-08-19,650.0,2275.0,4,8,116
HAM_0434,Hambantota,2023,Yala,Corn,2023-05-30,0.5,2023-09-17,550.0,275.0,5,9,110
HAM_0435,Hambantota,2023,Yala,Corn,2023-04-24,7.0,2023-08-17,550.0,3850.0,4,8,115
HAM_0436,Hambantota,2023,Yala,Corn,2023-04-21,1.5,2023-08-11,650.0,975.0,4,8,112
HAM_0437,Hambantota,2023,Yala,Corn,2023-05-21,7.0,2023-08-29,450.0,3150.0,5,8,100
HAM_0438,Hambantota,2023,Yala,Corn,2023-04-30,1.0,2023-08-14,600.0,600.0,4,8,106
HAM_0439,Hambantota,2023,Yala,Corn,2023-05-04,0.5,2023-08-30,550.0,275.0,5,8,118
HAM_0440,Hambantota,2023,Yala,Corn,2023-05-03,1.0,2023-08-24,500.0,500.0,5,8,113
HAM_0441,Hambantota,2023,Yala,Corn,2023-05-10,2.0,2023-08-28,550.0,1100.0,5,8,110
HAM_0442,Hambantota,2023,Yala,Corn,2023-04-30,0.5,2023-08-27,500.0,250.0,4,8,119
HAM_0443,Hambantota,2023,Yala,Bandakka,2023-04-14,7.0,2023-06-17,3950.0,27650.0,4,6,64
HAM_0444,Hambantota,2023,Yala,Bandakka,2023-04-29,0.5,2023-06-30,4700.0,2350.0,4,6,62
HAM_0445,Hambantota,2023,Yala,Bandakka,2023-05-10,6.5,2023-07-11,4200.0,27300.0,5,7,62
HAM_0446,Hambantota,2023,Yala,Bandakka,2023-05-01,3.5,2023-07-03,3700.0,12950.0,5,7,63
HAM_0447,Hambantota,2023,Yala,Bandakka,2023-05-30,1.0,2023-08-07,4450.0,4450.0,5,8,69
HAM_0448,Hambantota,2023,Yala,Bandakka,2023-05-08,1.0,2023-07-14,3450.0,3450.0,5,7,67
HAM_0449,Hambantota,2023,Yala,Bandakka,2023-05-03,1.0,2023-07-02,5000.0,5000.0,5,7,60
HAM_0450,Hambantota,2023,Yala,Bandakka,2023-05-06,7.0,2023-07-07,4300.0,30100.0,5,7,62
HAM_0451,Hambantota,2023,Yala,Bandakka,2023-04-27,7.0,2023-07-06,4150.0,29050.0,4,7,70
HAM_0452,Hambantota,2023,Yala,Bandakka,2023-05-10,1.0,2023-07-14,4200.0,4200.0,5,7,65
HAM_0453,Hambantota,2023,Yala,Brinjal,2023-05-01,6.5,2023-08-15,5750.0,37375.0,5,8,106
HAM_0454,Hambantota,2023,Yala,Brinjal,2023-04-01,1.5,2023-07-27,6950.0,10425.0,4,7,117
HAM_0455,Hambantota,2023,Yala,Brinjal,2023-05-25,1.5,2023-09-09,5200.0,7800.0,5,9,107
HAM_0456,Hambantota,2023,Yala,Brinjal,2023-05-16,7.0,2023-08-29,6600.0,46200.0,5,8,105
HAM_0457,Hambantota,2023,Yala,Brinjal,2023-04-01,1.5,2023-07-15,5550.0,8325.0,4,7,105
HAM_0458,Hambantota,2023,Yala,Brinjal,2023-05-18,1.0,2023-09-07,6000.0,6000.0,5,9,112
HAM_0459,Hambantota,2023,Yala,Brinjal,2023-04-01,6.5,2023-07-14,6250.0,40625.0,4,7,104
HAM_0460,Hambantota,2023,Yala,Brinjal,2023-05-13,6.5,2023-09-01,4850.0,31525.0,5,9,111
HAM_0461,Hambantota,2023,Yala,Brinjal,2023-05-16,0.5,2023-09-13,5900.0,2950.0,5,9,120
HAM_0462,Hambantota,2023,Yala,Brinjal,2023-05-04,2.0,2023-08-12,5900.0,11800.0,5,8,100
HAM_0463,Hambantota,2023,Yala,Pumpkin,2023-05-19,7.0,2023-09-09,6700.0,46900.0,5,9,113
HAM_0464,Hambantota,2023,Yala,Pumpkin,2023-05-04,0.5,2023-08-02,6850.0,3425.0,5,8,90
HAM_0465,Hambantota,2023,Yala,Pumpkin,2023-04-07,1.5,2023-07-25,5900.0,8850.0,4,7,109
HAM_0466,Hambantota,2023,Yala,Pumpkin,2023-04-02,1.5,2023-07-19,7100.0,10650.0,4,7,108
HAM_0467,Hambantota,2023,Yala,Pumpkin,2023-04-15,3.5,2023-07-27,7900.0,27650.0,4,7,103
HAM_0468,Hambantota,2023,Yala,Pumpkin,2023-04-30,7.0,2023-08-23,5500.0,38500.0,4,8,115
HAM_0469,Hambantota,2023,Yala,Pumpkin,2023-05-22,1.5,2023-09-13,6550.0,9825.0,5,9,114
HAM_0470,Hambantota,2023,Yala,Pumpkin,2023-05-17,7.0,2023-09-09,6300.0,44100.0,5,9,115
HAM_0471,Hambantota,2023,Yala,Pumpkin,2023-04-10,6.5,2023-08-06,6700.0,43550.0,4,8,118
HAM_0472,Hambantota,2023,Yala,Pumpkin,2023-04-24,3.5,2023-08-18,7500.0,26250.0,4,8,116
HAM_0473,Hambantota,2023,Yala,Chillies,2023-04-12,0.5,2023-08-24,900.0,450.0,4,8,134
HAM_0474,Hambantota,2023,Yala,Chillies,2023-05-10,7.0,2023-10-04,1300.0,9100.0,5,10,147
HAM_0475,Hambantota,2023,Yala,Chillies,2023-04-24,6.5,2023-09-16,1150.0,7475.0,4,9,145
HAM_0476,Hambantota,2023,Yala,Chillies,2023-05-22,0.5,2023-10-07,1200.0,600.0,5,10,138
HAM_0477,Hambantota,2023,Yala,Chillies,2023-05-27,1.0,2023-10-09,1000.0,1000.0,5,10,135
HAM_0478,Hambantota,2023,Yala,Chillies,2023-05-11,0.5,2023-09-26,1250.0,625.0,5,9,138
HAM_0479,Hambantota,2023,Yala,Chillies,2023-04-16,0.5,2023-08-29,1100.0,550.0,4,8,135
HAM_0480,Hambantota,2023,Yala,Chillies,2023-05-15,1.0,2023-10-06,1100.0,1100.0,5,10,144
HAM_0481,Hambantota,2023,Yala,Chillies,2023-04-01,1.5,2023-08-16,1100.0,1650.0,4,8,137
HAM_0482,Hambantota,2023,Yala,Chillies,2023-04-10,6.5,2023-08-28,1050.0,6825.0,4,8,140
HAM_0483,Hambantota,2024,Maha,Mung Beans,2024-10-18,1.5,2024-12-23,350.0,525.0,10,12,66
HAM_0484,Hambantota,2024,Maha,Mung Beans,2024-11-03,7.0,2025-01-13,450.0,3150.0,11,1,71
HAM_0485,Hambantota,2024,Maha,Mung Beans,2024-11-10,0.5,2025-01-23,400.0,200.0,11,1,74
HAM_0486,Hambantota,2024,Maha,Mung Beans,2024-11-08,2.0,2025-01-27,350.0,700.0,11,1,80
HAM_0487,Hambantota,2024,Maha,Mung Beans,2024-10-08,3.5,2024-12-20,400.0,1400.0,10,12,73
HAM_0488,Hambantota,2024,Maha,Mung Beans,2024-11-26,1.5,2025-02-21,400.0,600.0,11,2,87
HAM_0489,Hambantota,2024,Maha,Mung Beans,2024-10-13,2.0,2025-01-02,300.0,600.0,10,1,81
HAM_0490,Hambantota,2024,Maha,Mung Beans,2024-10-01,6.5,2024-12-03,400.0,2600.0,10,12,63
HAM_0491,Hambantota,2024,Maha,Mung Beans,2024-11-12,7.0,2025-02-02,350.0,2450.0,11,2,82
HAM_0492,Hambantota,2024,Maha,Mung Beans,2024-11-15,2.0,2025-01-16,400.0,800.0,11,1,62
HAM_0493,Hambantota,2024,Maha,Corn,2024-10-07,2.0,2025-01-23,550.0,1100.0,10,1,108
HAM_0494,Hambantota,2024,Maha,Corn,2024-11-07,6.5,2025-03-01,600.0,3900.0,11,3,114
HAM_0495,Hambantota,2024,Maha,Corn,2024-11-01,0.5,2025-02-27,650.0,325.0,11,2,118
HAM_0496,Hambantota,2024,Maha,Corn,2024-10-31,1.0,2025-02-13,750.0,750.0,10,2,105
HAM_0497,Hambantota,2024,Maha,Corn,2024-11-15,2.0,2025-03-06,600.0,1200.0,11,3,111
HAM_0498,Hambantota,2024,Maha,Corn,2024-11-07,2.0,2025-02-27,500.0,1000.0,11,2,112
HAM_0499,Hambantota,2024,Maha,Corn,2024-10-03,2.0,2025-01-31,600.0,1200.0,10,1,120
HAM_0500,Hambantota,2024,Maha,Corn,2024-10-21,7.0,2025-02-11,700.0,4900.0,10,2,113
HAM_0501,Hambantota,2024,Maha,Corn,2024-10-17,7.0,2025-01-31,650.0,4550.0,10,1,106
HAM_0502,Hambantota,2024,Maha,Corn,2024-11-28,6.5,2025-03-08,600.0,3900.0,11,3,100
HAM_0503,Hambantota,2024,Maha,Bandakka,2024-10-13,2.0,2024-12-22,3850.0,7700.0,10,12,70
HAM_0504,Hambantota,2024,Maha,Bandakka,2024-10-02,7.0,2024-12-09,4850.0,33950.0,10,12,68
HAM_0505,Hambantota,2024,Maha,Bandakka,2024-11-21,0.5,2025-01-29,4100.0,2050.0,11,1,69
HAM_0506,Hambantota,2024,Maha,Bandakka,2024-11-17,7.0,2025-01-16,4600.0,32200.0,11,1,60
HAM_0507,Hambantota,2024,Maha,Bandakka,2024-11-22,1.0,2025-01-31,4350.0,4350.0,11,1,70
HAM_0508,Hambantota,2024,Maha,Bandakka,2024-10-15,7.0,2024-12-14,3550.0,24850.0,10,12,60
HAM_0509,Hambantota,2024,Maha,Bandakka,2024-11-12,1.5,2025-01-20,4350.0,6525.0,11,1,69
HAM_0510,Hambantota,2024,Maha,Bandakka,2024-10-29,1.5,2025-01-03,5150.0,7725.0,10,1,66
HAM_0511,Hambantota,2024,Maha,Bandakka,2024-11-06,6.5,2025-01-07,4450.0,28925.0,11,1,62
HAM_0512,Hambantota,2024,Maha,Bandakka,2024-10-01,1.0,2024-12-09,4250.0,4250.0,10,12,69
HAM_0513,Hambantota,2024,Maha,Brinjal,2024-11-20,6.5,2025-03-03,5450.0,35425.0,11,3,103
HAM_0514,Hambantota,2024,Maha,Brinjal,2024-10-02,6.5,2025-01-21,5150.0,33475.0,10,1,111
HAM_0515,Hambantota,2024,Maha,Brinjal,2024-11-07,2.0,2025-03-05,4200.0,8400.0,11,3,118
HAM_0516,Hambantota,2024,Maha,Brinjal,2024-11-05,2.0,2025-02-22,5750.0,11500.0,11,2,109
HAM_0517,Hambantota,2024,Maha,Brinjal,2024-11-17,6.5,2025-03-02,6050.0,39325.0,11,3,105
HAM_0518,Hambantota,2024,Maha,Brinjal,2024-11-08,3.5,2025-02-18,5250.0,18375.0,11,2,102
HAM_0519,Hambantota,2024,Maha,Brinjal,2024-11-27,2.0,2025-03-12,5050.0,10100.0,11,3,105
HAM_0520,Hambantota,2024,Maha,Brinjal,2024-10-11,3.5,2025-01-31,4500.0,15750.0,10,1,112
HAM_0521,Hambantota,2024,Maha,Brinjal,2024-10-12,6.5,2025-01-26,5150.0,33475.0,10,1,106
HAM_0522,Hambantota,2024,Maha,Brinjal,2024-11-21,0.5,2025-03-14,4850.0,2425.0,11,3,113
HAM_0523,Hambantota,2024,Maha,Pumpkin,2024-11-13,1.5,2025-03-07,7150.0,10725.0,11,3,114
HAM_0524,Hambantota,2024,Maha,Pumpkin,2024-10-09,2.0,2025-01-20,6150.0,12300.0,10,1,103
HAM_0525,Hambantota,2024,Maha,Pumpkin,2024-10-22,1.5,2025-02-14,7850.0,11775.0,10,2,115
HAM_0526,Hambantota,2024,Maha,Pumpkin,2024-10-07,2.0,2025-02-04,7000.0,14000.0,10,2,120
HAM_0527,Hambantota,2024,Maha,Pumpkin,2024-10-20,3.5,2025-01-30,8250.0,28875.0,10,1,102
HAM_0528,Hambantota,2024,Maha,Pumpkin,2024-11-10,1.5,2025-02-23,6850.0,10275.0,11,2,105
HAM_0529,Hambantota,2024,Maha,Pumpkin,2024-10-08,0.5,2025-01-11,5750.0,2875.0,10,1,95
HAM_0530,Hambantota,2024,Maha,Pumpkin,2024-11-27,3.5,2025-02-28,7400.0,25900.0,11,2,93
HAM_0531,Hambantota,2024,Maha,Pumpkin,2024-11-12,3.5,2025-02-16,7000.0,24500.0,11,2,96
HAM_0532,Hambantota,2024,Maha,Pumpkin,2024-11-03,1.0,2025-02-01,6600.0,6600.0,11,2,90
HAM_0533,Hambantota,2024,Maha,Chillies,2024-11-10,6.5,2025-03-30,850.0,5525.0,11,3,140
HAM_0534,Hambantota,2024,Maha,Chillies,2024-11-24,1.0,2025-04-17,900.0,900.0,11,4,144
HAM_0535,Hambantota,2024,Maha,Chillies,2024-10-22,6.5,2025-03-16,900.0,5850.0,10,3,145
HAM_0536,Hambantota,2024,Maha,Chillies,2024-11-10,1.5,2025-04-02,750.0,1125.0,11,4,143
HAM_0537,Hambantota,2024,Maha,Chillies,2024-10-24,0.5,2025-03-10,950.0,475.0,10,3,137
HAM_0538,Hambantota,2024,Maha,Chillies,2024-11-07,7.0,2025-03-12,800.0,5600.0,11,3,125
HAM_0539,Hambantota,2024,Maha,Chillies,2024-10-01,1.0,2025-02-03,1000.0,1000.0,10,2,125
HAM_0540,Hambantota,2024,Maha,Chillies,2024-11-14,0.5,2025-03-17,1050.0,525.0,11,3,123
HAM_0541,Hambantota,2024,Maha,Chillies,2024-10-17,3.5,2025-03-10,1100.0,3850.0,10,3,144
HAM_0542,Hambantota,2024,Maha,Chillies,2024-10-28,1.0,2025-03-14,900.0,900.0,10,3,137
HAM_0543,Hambantota,2024,Yala,Mung Beans,2024-05-16,3.5,2024-07-18,350.0,1225.0,5,7,63
HAM_0544,Hambantota,2024,Yala,Mung Beans,2024-04-09,0.5,2024-07-03,400.0,200.0,4,7,85
HAM_0545,Hambantota,2024,Yala,Mung Beans,2024-04-25,1.0,2024-07-01,450.0,450.0,4,7,67
HAM_0546,Hambantota,2024,Yala,Mung Beans,2024-05-11,2.0,2024-07-11,350.0,700.0,5,7,61
HAM_0547,Hambantota,2024,Yala,Mung Beans,2024-04-18,7.0,2024-07-16,400.0,2800.0,4,7,89
HAM_0548,Hambantota,2024,Yala,Mung Beans,2024-05-08,1.0,2024-07-14,500.0,500.0,5,7,67
HAM_0549,Hambantota,2024,Yala,Mung Beans,2024-04-22,1.0,2024-07-15,400.0,400.0,4,7,84
HAM_0550,Hambantota,2024,Yala,Mung Beans,2024-04-28,1.5,2024-07-27,400.0,600.0,4,7,90
HAM_0551,Hambantota,2024,Yala,Mung Beans,2024-04-18,1.0,2024-07-11,500.0,500.0,4,7,84
HAM_0552,Hambantota,2024,Yala,Mung Beans,2024-05-25,3.5,2024-08-12,450.0,1575.0,5,8,79
HAM_0553,Hambantota,2024,Yala,Corn,2024-05-25,1.0,2024-09-14,600.0,600.0,5,9,112
HAM_0554,Hambantota,2024,Yala,Corn,2024-04-12,6.5,2024-08-09,550.0,3575.0,4,8,119
HAM_0555,Hambantota,2024,Yala,Corn,2024-05-09,7.0,2024-08-24,600.0,4200.0,5,8,107
HAM_0556,Hambantota,2024,Yala,Corn,2024-04-18,0.5,2024-08-11,700.0,350.0,4,8,115
HAM_0557,Hambantota,2024,Yala,Corn,2024-04-08,1.0,2024-08-06,650.0,650.0,4,8,120
HAM_0558,Hambantota,2024,Yala,Corn,2024-04-20,3.5,2024-08-03,500.0,1750.0,4,8,105
HAM_0559,Hambantota,2024,Yala,Corn,2024-05-25,1.0,2024-09-10,600.0,600.0,5,9,108
HAM_0560,Hambantota,2024,Yala,Corn,2024-04-11,0.5,2024-08-04,550.0,275.0,4,8,115
HAM_0561,Hambantota,2024,Yala,Corn,2024-05-24,2.0,2024-09-16,600.0,1200.0,5,9,115
HAM_0562,Hambantota,2024,Yala,Corn,2024-05-18,0.5,2024-09-13,650.0,325.0,5,9,118
HAM_0563,Hambantota,2024,Yala,Bandakka,2024-04-07,1.0,2024-06-11,4600.0,4600.0,4,6,65
HAM_0564,Hambantota,2024,Yala,Bandakka,2024-04-11,0.5,2024-06-16,4150.0,2075.0,4,6,66
HAM_0565,Hambantota,2024,Yala,Bandakka,2024-04-14,3.5,2024-06-14,3850.0,13475.0,4,6,61
HAM_0566,Hambantota,2024,Yala,Bandakka,2024-04-01,2.0,2024-06-03,4350.0,8700.0,4,6,63
HAM_0567,Hambantota,2024,Yala,Bandakka,2024-05-13,1.0,2024-07-20,4100.0,4100.0,5,7,68
HAM_0568,Hambantota,2024,Yala,Bandakka,2024-04-05,0.5,2024-06-04,4000.0,2000.0,4,6,60
HAM_0569,Hambantota,2024,Yala,Bandakka,2024-04-29,1.5,2024-07-03,3350.0,5025.0,4,7,65
HAM_0570,Hambantota,2024,Yala,Bandakka,2024-04-07,3.5,2024-06-09,4100.0,14350.0,4,6,63
HAM_0571,Hambantota,2024,Yala,Bandakka,2024-05-08,1.5,2024-07-13,3600.0,5400.0,5,7,66
HAM_0572,Hambantota,2024,Yala,Bandakka,2024-05-31,0.5,2024-08-09,4850.0,2425.0,5,8,70
HAM_0573,Hambantota,2024,Yala,Brinjal,2024-05-22,7.0,2024-09-15,3700.0,25900.0,5,9,116
HAM_0574,Hambantota,2024,Yala,Brinjal,2024-05-29,1.0,2024-09-18,4450.0,4450.0,5,9,112
HAM_0575,Hambantota,2024,Yala,Brinjal,2024-05-18,1.5,2024-09-11,4250.0,6375.0,5,9,116
HAM_0576,Hambantota,2024,Yala,Brinjal,2024-04-15,7.0,2024-07-27,4600.0,32200.0,4,7,103
HAM_0577,Hambantota,2024,Yala,Brinjal,2024-04-27,7.0,2024-08-18,4550.0,31850.0,4,8,113
HAM_0578,Hambantota,2024,Yala,Brinjal,2024-04-21,0.5,2024-08-17,4550.0,2275.0,4,8,118
HAM_0579,Hambantota,2024,Yala,Brinjal,2024-05-16,1.5,2024-09-05,4000.0,6000.0,5,9,112
HAM_0580,Hambantota,2024,Yala,Brinjal,2024-05-05,0.5,2024-08-17,5350.0,2675.0,5,8,104
HAM_0581,Hambantota,2024,Yala,Brinjal,2024-05-07,2.0,2024-08-19,4800.0,9600.0,5,8,104
HAM_0582,Hambantota,2024,Yala,Brinjal,2024-04-29,6.5,2024-08-25,5100.0,33150.0,4,8,118
HAM_0583,Hambantota,2024,Yala,Pumpkin,2024-05-28,1.5,2024-09-08,6150.0,9225.0,5,9,103
HAM_0584,Hambantota,2024,Yala,Pumpkin,2024-04-06,1.5,2024-07-14,7750.0,11625.0,4,7,99
HAM_0585,Hambantota,2024,Yala,Pumpkin,2024-05-22,1.0,2024-09-13,5400.0,5400.0,5,9,114
HAM_0586,Hambantota,2024,Yala,Pumpkin,2024-04-20,2.0,2024-07-28,6700.0,13400.0,4,7,99
HAM_0587,Hambantota,2024,Yala,Pumpkin,2024-04-29,7.0,2024-08-27,5750.0,40250.0,4,8,120
HAM_0588,Hambantota,2024,Yala,Pumpkin,2024-05-06,0.5,2024-08-21,7350.0,3675.0,5,8,107
HAM_0589,Hambantota,2024,Yala,Pumpkin,2024-04-21,0.5,2024-07-29,6950.0,3475.0,4,7,99
HAM_0590,Hambantota,2024,Yala,Pumpkin,2024-05-09,7.0,2024-08-31,6550.0,45850.0,5,8,114
HAM_0591,Hambantota,2024,Yala,Pumpkin,2024-05-20,7.0,2024-08-22,6550.0,45850.0,5,8,94
HAM_0592,Hambantota,2024,Yala,Pumpkin,2024-04-24,7.0,2024-08-22,6450.0,45150.0,4,8,120
HAM_0593,Hambantota,2024,Yala,Chillies,2024-05-18,7.0,2024-09-29,1100.0,7700.0,5,9,134
HAM_0594,Hambantota,2024,Yala,Chillies,2024-05-23,2.0,2024-10-16,1100.0,2200.0,5,10,146
HAM_0595,Hambantota,2024,Yala,Chillies,2024-04-03,1.0,2024-08-24,1100.0,1100.0,4,8,143
HAM_0596,Hambantota,2024,Yala,Chillies,2024-04-20,7.0,2024-08-29,1250.0,8750.0,4,8,131
HAM_0597,Hambantota,2024,Yala,Chillies,2024-05-26,1.0,2024-10-09,1050.0,1050.0,5,10,136
HAM_0598,Hambantota,2024,Yala,Chillies,2024-04-20,2.0,2024-08-24,1200.0,2400.0,4,8,126
HAM_0599,Hambantota,2024,Yala,Chillies,2024-04-02,3.5,2024-08-17,900.0,3150.0,4,8,137
HAM_0600,Hambantota,2024,Yala,Chillies,2024-05-20,3.5,2024-09-28,1000.0,3500.0,5,9,131
HAM_0601,Hambantota,2024,Yala,Chillies,2024-05-14,2.0,2024-09-29,950.0,1900.0,5,9,138
HAM_0602,Hambantota,2024,Yala,Chillies,2024-04-28,6.5,2024-08-28,1150.0,7475.0,4,8,122
HAM_0603,Hambantota,2025,Maha,Mung Beans,2025-10-16,6.5,2025-12-26,400.0,2600.0,10,12,71
HAM_0604,Hambantota,2025,Maha,Mung Beans,2025-10-16,3.5,2026-01-02,500.0,1750.0,10,1,78
HAM_0605,Hambantota,2025,Maha,Mung Beans,2025-10-14,1.5,2025-12-17,450.0,675.0,10,12,64
HAM_0606,Hambantota,2025,Maha,Mung Beans,2025-11-15,6.5,2026-01-28,450.0,2925.0,11,1,74
HAM_0607,Hambantota,2025,Maha,Mung Beans,2025-10-10,6.5,2026-01-07,400.0,2600.0,10,1,89
HAM_0608,Hambantota,2025,Maha,Mung Beans,2025-11-12,1.5,2026-01-25,450.0,675.0,11,1,74
HAM_0609,Hambantota,2025,Maha,Mung Beans,2025-11-09,1.0,2026-01-19,450.0,450.0,11,1,71
HAM_0610,Hambantota,2025,Maha,Mung Beans,2025-11-26,2.0,2026-02-22,450.0,900.0,11,2,88
HAM_0611,Hambantota,2025,Maha,Mung Beans,2025-11-05,0.5,2026-01-06,350.0,175.0,11,1,62
HAM_0612,Hambantota,2025,Maha,Mung Beans,2025-11-07,1.5,2026-01-09,500.0,750.0,11,1,63
HAM_0613,Hambantota,2025,Maha,Corn,2025-10-18,2.0,2026-01-28,700.0,1400.0,10,1,102
HAM_0614,Hambantota,2025,Maha,Corn,2025-11-24,0.5,2026-03-22,600.0,300.0,11,3,118
HAM_0615,Hambantota,2025,Maha,Corn,2025-10-12,0.5,2026-02-05,700.0,350.0,10,2,116
HAM_0616,Hambantota,2025,Maha,Corn,2025-11-03,1.5,2026-02-12,800.0,1200.0,11,2,101
HAM_0617,Hambantota,2025,Maha,Corn,2025-10-06,1.0,2026-02-01,650.0,650.0,10,2,118
HAM_0618,Hambantota,2025,Maha,Corn,2025-11-17,6.5,2026-03-05,700.0,4550.0,11,3,108
HAM_0619,Hambantota,2025,Maha,Corn,2025-11-06,1.5,2026-02-22,700.0,1050.0,11,2,108
HAM_0620,Hambantota,2025,Maha,Corn,2025-11-20,6.5,2026-03-19,550.0,3575.0,11,3,119
HAM_0621,Hambantota,2025,Maha,Corn,2025-11-14,7.0,2026-03-10,650.0,4550.0,11,3,116
HAM_0622,Hambantota,2025,Maha,Corn,2025-10-30,1.0,2026-02-15,750.0,750.0,10,2,108
HAM_0623,Hambantota,2025,Maha,Corn,2025-11-15,3.5,2026-02-27,700.0,2450.0,11,2,104
HAM_0624,Hambantota,2025,Maha,Bandakka,2025-10-26,0.5,2026-01-01,3850.0,1925.0,10,1,67
HAM_0625,Hambantota,2025,Maha,Bandakka,2025-11-10,6.5,2026-01-19,3350.0,21775.0,11,1,70
HAM_0626,Hambantota,2025,Maha,Bandakka,2025-10-09,2.0,2025-12-12,4050.0,8100.0,10,12,64
HAM_0627,Hambantota,2025,Maha,Bandakka,2025-10-21,3.5,2025-12-26,4350.0,15225.0,10,12,66
HAM_0628,Hambantota,2025,Maha,Bandakka,2025-10-12,3.5,2025-12-13,4100.0,14350.0,10,12,62
HAM_0629,Hambantota,2025,Maha,Bandakka,2025-11-10,7.0,2026-01-17,4100.0,28700.0,11,1,68
HAM_0630,Hambantota,2025,Maha,Bandakka,2025-10-06,3.5,2025-12-14,4200.0,14700.0,10,12,69
HAM_0631,Hambantota,2025,Maha,Bandakka,2025-10-10,6.5,2025-12-10,4850.0,31525.0,10,12,61
HAM_0632,Hambantota,2025,Maha,Bandakka,2025-10-03,3.5,2025-12-06,4600.0,16100.0,10,12,64
HAM_0633,Hambantota,2025,Maha,Bandakka,2025-10-16,7.0,2025-12-15,3600.0,25200.0,10,12,60
HAM_0634,Hambantota,2025,Maha,Brinjal,2025-11-02,2.0,2026-02-15,5350.0,10700.0,11,2,105
HAM_0635,Hambantota,2025,Maha,Brinjal,2025-10-08,0.5,2026-01-23,4750.0,2375.0,10,1,107
HAM_0636,Hambantota,2025,Maha,Brinjal,2025-11-07,6.5,2026-02-28,5050.0,32825.0,11,2,113
HAM_0637,Hambantota,2025,Maha,Brinjal,2025-10-02,7.0,2026-01-14,5650.0,39550.0,10,1,104
HAM_0638,Hambantota,2025,Maha,Brinjal,2025-11-10,2.0,2026-02-22,5150.0,10300.0,11,2,104
HAM_0639,Hambantota,2025,Maha,Brinjal,2025-10-08,0.5,2026-02-03,4450.0,2225.0,10,2,118
HAM_0640,Hambantota,2025,Maha,Brinjal,2025-11-29,6.5,2026-03-22,4150.0,26975.0,11,3,113
HAM_0641,Hambantota,2025,Maha,Brinjal,2025-11-09,1.0,2026-02-21,5950.0,5950.0,11,2,104
HAM_0642,Hambantota,2025,Maha,Brinjal,2025-11-17,6.5,2026-03-08,5050.0,32825.0,11,3,111
HAM_0643,Hambantota,2025,Maha,Brinjal,2025-10-17,6.5,2026-01-30,4950.0,32175.0,10,1,105
HAM_0644,Hambantota,2025,Maha,Pumpkin,2025-10-22,1.5,2026-01-29,7650.0,11475.0,10,1,99
HAM_0645,Hambantota,2025,Maha,Pumpkin,2025-11-09,0.5,2026-02-12,6450.0,3225.0,11,2,95
HAM_0646,Hambantota,2025,Maha,Pumpkin,2025-11-15,1.0,2026-02-22,7000.0,7000.0,11,2,99
HAM_0647,Hambantota,2025,Maha,Pumpkin,2025-11-04,1.5,2026-02-12,5600.0,8400.0,11,2,100
HAM_0648,Hambantota,2025,Maha,Pumpkin,2025-11-06,7.0,2026-02-26,6700.0,46900.0,11,2,112
HAM_0649,Hambantota,2025,Maha,Pumpkin,2025-10-03,1.5,2026-01-17,6850.0,10275.0,10,1,106
HAM_0650,Hambantota,2025,Maha,Pumpkin,2025-10-29,0.5,2026-01-31,6850.0,3425.0,10,1,94
HAM_0651,Hambantota,2025,Maha,Pumpkin,2025-11-27,3.5,2026-03-21,6050.0,21175.0,11,3,114
HAM_0652,Hambantota,2025,Maha,Pumpkin,2025-11-08,1.0,2026-02-22,7250.0,7250.0,11,2,106
HAM_0653,Hambantota,2025,Maha,Pumpkin,2025-10-19,7.0,2026-01-17,8100.0,56700.0,10,1,90
HAM_0654,Hambantota,2025,Maha,Chillies,2025-10-24,6.5,2026-03-15,900.0,5850.0,10,3,142
HAM_0655,Hambantota,2025,Maha,Chillies,2025-11-05,1.0,2026-03-16,1100.0,1100.0,11,3,131
HAM_0656,Hambantota,2025,Maha,Chillies,2025-10-15,1.5,2026-02-17,1150.0,1725.0,10,2,125
HAM_0657,Hambantota,2025,Maha,Chillies,2025-11-07,2.0,2026-03-18,800.0,1600.0,11,3,131
HAM_0658,Hambantota,2025,Maha,Chillies,2025-11-27,6.5,2026-03-30,950.0,6175.0,11,3,123
HAM_0659,Hambantota,2025,Maha,Chillies,2025-10-26,7.0,2026-03-20,950.0,6650.0,10,3,145
HAM_0660,Hambantota,2025,Maha,Chillies,2025-10-04,6.5,2026-02-10,850.0,5525.0,10,2,129
HAM_0661,Hambantota,2025,Maha,Chillies,2025-10-16,1.5,2026-02-28,950.0,1425.0,10,2,135
HAM_0662,Hambantota,2025,Maha,Chillies,2025-11-16,1.0,2026-03-21,1000.0,1000.0,11,3,125
HAM_0663,Hambantota,2025,Maha,Chillies,2025-11-01,0.5,2026-03-12,1000.0,500.0,11,3,131
HAM_0664,Hambantota,2025,Yala,Mung Beans,2025-04-23,7.0,2025-06-26,350.0,2450.0,4,6,64
HAM_0665,Hambantota,2025,Yala,Mung Beans,2025-04-13,6.5,2025-06-15,350.0,2275.0,4,6,63
HAM_0666,Hambantota,2025,Yala,Mung Beans,2025-05-30,1.5,2025-08-09,350.0,525.0,5,8,71
HAM_0667,Hambantota,2025,Yala,Mung Beans,2025-05-06,3.5,2025-07-14,400.0,1400.0,5,7,69
HAM_0668,Hambantota,2025,Yala,Mung Beans,2025-05-23,6.5,2025-08-12,400.0,2600.0,5,8,81
HAM_0669,Hambantota,2025,Yala,Mung Beans,2025-05-21,1.5,2025-07-22,350.0,525.0,5,7,62
HAM_0670,Hambantota,2025,Yala,Mung Beans,2025-05-20,0.5,2025-07-25,300.0,150.0,5,7,66
HAM_0671,Hambantota,2025,Yala,Mung Beans,2025-04-24,1.5,2025-07-20,300.0,450.0,4,7,87
HAM_0672,Hambantota,2025,Yala,Mung Beans,2025-04-26,6.5,2025-07-20,350.0,2275.0,4,7,85
HAM_0673,Hambantota,2025,Yala,Mung Beans,2025-04-28,2.0,2025-06-28,350.0,700.0,4,6,61
HAM_0674,Hambantota,2025,Yala,Corn,2025-04-04,6.5,2025-07-31,1000.0,6500.0,4,7,118
HAM_0675,Hambantota,2025,Yala,Corn,2025-05-21,0.5,2025-09-15,1100.0,550.0,5,9,117
HAM_0676,Hambantota,2025,Yala,Corn,2025-04-07,2.0,2025-08-04,1150.0,2300.0,4,8,119
HAM_0677,Hambantota,2025,Yala,Corn,2025-05-24,0.5,2025-09-18,800.0,400.0,5,9,117
HAM_0678,Hambantota,2025,Yala,Corn,2025-05-23,7.0,2025-09-16,950.0,6650.0,5,9,116
HAM_0679,Hambantota,2025,Yala,Corn,2025-04-29,1.5,2025-08-11,950.0,1425.0,4,8,104
HAM_0680,Hambantota,2025,Yala,Corn,2025-05-11,1.5,2025-08-24,900.0,1350.0,5,8,105
HAM_0681,Hambantota,2025,Yala,Corn,2025-04-24,0.5,2025-08-09,1000.0,500.0,4,8,107
HAM_0682,Hambantota,2025,Yala,Corn,2025-05-20,3.5,2025-09-15,950.0,3325.0,5,9,118
HAM_0683,Hambantota,2025,Yala,Corn,2025-04-07,6.5,2025-08-01,850.0,5525.0,4,8,116
HAM_0684,Hambantota,2025,Yala,Corn,2025-05-31,0.5,2025-09-08,950.0,475.0,5,9,100
HAM_0685,Hambantota,2025,Yala,Bandakka,2025-05-30,7.0,2025-08-01,4700.0,32900.0,5,8,63
HAM_0686,Hambantota,2025,Yala,Bandakka,2025-04-25,1.5,2025-07-03,4250.0,6375.0,4,7,69
HAM_0687,Hambantota,2025,Yala,Bandakka,2025-05-24,2.0,2025-07-30,4500.0,9000.0,5,7,67
HAM_0688,Hambantota,2025,Yala,Bandakka,2025-05-07,6.5,2025-07-16,4100.0,26650.0,5,7,70
HAM_0689,Hambantota,2025,Yala,Bandakka,2025-04-23,3.5,2025-06-24,3300.0,11550.0,4,6,62
HAM_0690,Hambantota,2025,Yala,Bandakka,2025-04-12,3.5,2025-06-12,3500.0,12250.0,4,6,61
HAM_0691,Hambantota,2025,Yala,Bandakka,2025-04-12,3.5,2025-06-20,3900.0,13650.0,4,6,69
HAM_0692,Hambantota,2025,Yala,Bandakka,2025-04-17,1.5,2025-06-21,4000.0,6000.0,4,6,65
HAM_0693,Hambantota,2025,Yala,Bandakka,2025-05-25,7.0,2025-08-02,4000.0,28000.0,5,8,69
HAM_0694,Hambantota,2025,Yala,Bandakka,2025-05-22,1.5,2025-07-22,3750.0,5625.0,5,7,61
HAM_0695,Hambantota,2025,Yala,Brinjal,2025-04-12,7.0,2025-08-02,4300.0,30100.0,4,8,112
HAM_0696,Hambantota,2025,Yala,Brinjal,2025-04-07,1.0,2025-07-19,3800.0,3800.0,4,7,103
HAM_0697,Hambantota,2025,Yala,Brinjal,2025-04-12,2.0,2025-08-04,3750.0,7500.0,4,8,114
HAM_0698,Hambantota,2025,Yala,Brinjal,2025-05-17,6.5,2025-09-01,3800.0,24700.0,5,9,107
HAM_0699,Hambantota,2025,Yala,Brinjal,2025-05-15,7.0,2025-09-09,3350.0,23450.0,5,9,117
HAM_0700,Hambantota,2025,Yala,Brinjal,2025-05-18,0.5,2025-08-28,3600.0,1800.0,5,8,102
HAM_0701,Hambantota,2025,Yala,Brinjal,2025-05-03,1.5,2025-08-27,4050.0,6075.0,5,8,116
HAM_0702,Hambantota,2025,Yala,Brinjal,2025-04-03,1.0,2025-07-22,3900.0,3900.0,4,7,110
HAM_0703,Hambantota,2025,Yala,Brinjal,2025-05-21,2.0,2025-09-09,4500.0,9000.0,5,9,111
HAM_0704,Hambantota,2025,Yala,Brinjal,2025-04-01,7.0,2025-07-13,3150.0,22050.0,4,7,103
HAM_0705,Hambantota,2025,Yala,Brinjal,2025-04-13,2.0,2025-07-28,3800.0,7600.0,4,7,106
HAM_0706,Hambantota,2025,Yala,Pumpkin,2025-05-13,0.5,2025-08-29,4500.0,2250.0,5,8,108
HAM_0707,Hambantota,2025,Yala,Pumpkin,2025-05-17,7.0,2025-09-10,5050.0,35350.0,5,9,116
HAM_0708,Hambantota,2025,Yala,Pumpkin,2025-05-04,2.0,2025-08-23,4450.0,8900.0,5,8,111
HAM_0709,Hambantota,2025,Yala,Pumpkin,2025-05-04,0.5,2025-08-16,4600.0,2300.0,5,8,104
HAM_0710,Hambantota,2025,Yala,Pumpkin,2025-04-25,7.0,2025-08-08,3950.0,27650.0,4,8,105
HAM_0711,Hambantota,2025,Yala,Pumpkin,2025-05-26,6.5,2025-09-09,4250.0,27625.0,5,9,106
HAM_0712,Hambantota,2025,Yala,Pumpkin,2025-05-04,1.5,2025-08-27,4500.0,6750.0,5,8,115
HAM_0713,Hambantota,2025,Yala,Pumpkin,2025-05-29,3.5,2025-09-02,5350.0,18725.0,5,9,96
HAM_0714,Hambantota,2025,Yala,Pumpkin,2025-05-27,2.0,2025-09-19,4800.0,9600.0,5,9,115
HAM_0715,Hambantota,2025,Yala,Pumpkin,2025-05-25,1.5,2025-08-27,3700.0,5550.0,5,8,94
HAM_0716,Hambantota,2025,Yala,Chillies,2025-04-19,0.5,2025-08-21,1550.0,775.0,4,8,124
HAM_0717,Hambantota,2025,Yala,Chillies,2025-04-13,6.5,2025-09-02,1150.0,7475.0,4,9,142
HAM_0718,Hambantota,2025,Yala,Chillies,2025-05-03,7.0,2025-09-06,1300.0,9100.0,5,9,126
HAM_0719,Hambantota,2025,Yala,Chillies,2025-04-30,6.5,2025-09-05,1450.0,9425.0,4,9,128
HAM_0720,Hambantota,2025,Yala,Chillies,2025-05-08,7.0,2025-10-02,1250.0,8750.0,5,10,147
HAM_0721,Hambantota,2025,Yala,Chillies,2025-04-01,3.5,2025-08-29,1350.0,4725.0,4,8,150
HAM_0722,Hambantota,2025,Yala,Chillies,2025-04-18,6.5,2025-09-11,1050.0,6825.0,4,9,146
HAM_0723,Hambantota,2025,Yala,Chillies,2025-05-13,3.5,2025-09-21,1400.0,4900.0,5,9,131
HAM_0724,Hambantota,2025,Yala,Chillies,2025-04-04,3.5,2025-08-21,1300.0,4550.0,4,8,139
HAM_0725,Hambantota,2025,Yala,Chillies,2025-05-08,7.0,2025-09-23,1300.0,9100.0,5,9,138
