district_name,crop_name,year,season,cultivated_extent_hectares,production_metric_tons,land_acres,production_kg,yield_kg_per_acre,prior_history_count,historical_mean_land_acres,historical_mean_production_kg,historical_mean_yield_kg_per_acre,land_concentration_ratio,production_concentration_ratio,has_prior_historical_baseline,both_concentration_ratios_valid
Hambantota,Bandakka,2001,Maha,366.0,2405.0,904.4056961801999,2405000.0,2659.2048349072,0,,,,,,False,False
Hambantota,Bandakka,2002,Maha,326.0,2170.0,805.5635435922,2170000.0,2693.766391566645,1,904.4056961801999,2405000.0,2659.2048349072,0.8907103825136612,0.9022869022869023,True,True
Hambantota,Bandakka,2003,Maha,265.0,1740.0,654.8292608954999,1740000.0,2657.1811980736693,2,854.9846198861999,2287500.0,2676.4856132369223,0.7658959537572255,0.760655737704918,True,True
Hambantota,Bandakka,2004,Maha,224.0,1845.0,553.5160544928,1845000.0,3333.2366514474775,3,788.2661668893,2105000.0,2670.0508081825046,0.702194357366771,0.8764845605700713,True,True
Hambantota,Bandakka,2005,Maha,181.0,1449.0,447.2607404607,1449000.0,3239.7209701604047,4,729.578638790175,2040000.0,2835.847268998748,0.6130397967823878,0.7102941176470589,True,True
Hambantota,Bandakka,2006,Maha,186.0,1489.0,459.6160095342,1489000.0,3239.6608671421914,5,673.1150591242799,1921800.0,2916.622009231079,0.682819383259912,0.7747944635237798,True,True
Hambantota,Bandakka,2007,Maha,181.0,1939.0,447.2607404607,1939000.0,4335.278786156677,6,637.5318841925999,1849666.6666666667,2970.4618188829313,0.7015503875968992,1.0482969904487294,True,True
Hambantota,Bandakka,2008,Maha,299.0,2092.0,738.8450905953,2092000.0,2831.4460319610976,7,610.3502922309,1862428.5714285714,3165.435671350609,1.2105263157894737,1.1232645547288487,True,True
Hambantota,Bandakka,2009,Maha,265.0,3205.0,654.8292608954999,3205000.0,4894.405597601213,8,626.4121420264499,1891125.0,3123.68696642692,1.0453648915187377,1.6947584109987441,True,True
Hambantota,Bandakka,2010,Maha,315.0,3217.0,778.3819516305,3217000.0,4132.932416098875,9,629.5695996785666,2037111.111111111,3320.4334810018418,1.23637156563454,1.5791971201047235,True,True
Hambantota,Bandakka,2011,Maha,305.0,3164.0,753.6714134834999,3164000.0,4198.115973877612,10,644.45083487376,2155100.0,3401.683374511545,1.1694785276073618,1.4681453296830773,True,True
Hambantota,Bandakka,2012,Maha,366.0,3533.0,904.4056961801999,3533000.0,3906.43271589486,11,654.3799783837363,2246818.1818181816,3474.0863380902783,1.3820803295571575,1.5724458830669634,True,True
Hambantota,Bandakka,2013,Maha,384.0,3710.0,948.8846648448,3710000.0,3909.8534705551483,12,675.215454866775,2354000.0,3510.115202907327,1.4053064958828911,1.5760407816482582,True,True
Hambantota,Bandakka,2014,Maha,313.0,2774.0,773.4398440010999,2774000.0,3586.5749890124034,13,696.2669325573922,2458307.6923076925,3540.864300418698,1.110838110838111,1.1284185493460166,True,True
Hambantota,Bandakka,2015,Maha,305.0,2884.0,753.6714134834999,2884000.0,3826.6012859238413,14,701.7792833748,2480857.1428571427,3544.1293496039625,1.0739436619718308,1.1625014395946103,True,True
Hambantota,Bandakka,2016,Maha,373.0,3942.0,921.7030728830999,3942000.0,4276.865420085202,15,705.23875871538,2507733.3333333335,3562.960812025288,1.306937631394534,1.5719374734155678,True,True
Hambantota,Bandakka,2017,Maha,231.0,2480.0,570.8134311957,2480000.0,4344.677024864446,16,718.7677783508625,2597375.0,3607.5798500290325,0.7941555651052857,0.9548101448577891,True,True
Hambantota,Bandakka,2018,Maha,313.0,2774.0,773.4398440010999,2774000.0,3586.5749890124034,17,710.0645814593823,2590470.588235294,3650.938507372292,1.0892528147389968,1.0708479040828376,True,True
Hambantota,Bandakka,2019,Maha,259.0,3132.0,640.0029380072999,3132000.0,4893.727534676218,18,713.5854293783666,2600666.6666666665,3647.3627563522987,0.8968834166987303,1.204306588054345,True,True
Hambantota,Bandakka,2020,Maha,262.0,3143.0,647.4160994514,3143000.0,4854.683105136371,19,709.7126666746262,2628631.5789473685,3712.960902579873,0.9122228330584571,1.195679160659939,True,True
Hambantota,Bandakka,2021,Maha,282.7,3605.8,698.5669134156899,3605800.0,5161.710253881333,20,706.597838313465,2654350.0,3770.047012707698,0.9886343766392724,1.35844933787933,True,True
Hambantota,Bandakka,2022,Maha,281.9,3543.5,696.59007036393,3543500.0,5086.9229274955305,21,706.2154133183328,2699657.1428571427,3836.3166908588237,0.9863705283503007,1.3125740834815003,True,True
Hambantota,Bandakka,2023,Maha,351.7,4005.5,869.0696266299899,4005500.0,4608.951777008034,22,705.7778977294963,2738013.6363636362,3893.1624288877647,1.2313641861353364,1.4629218594103557,True,True
Hambantota,Bandakka,2024,Maha,324.4,3487.9,801.60985748868,3487900.0,4351.11914781968,23,712.8775381164743,2793121.7391304346,3924.2837048929937,1.124470634334544,1.2487461434766773,True,True
Hambantota,Bandakka,2025,Maha,329.9,3345.4,815.2006534695299,3345400.0,4103.774924323024,24,716.5747180903162,2822070.8333333335,3942.068515014939,1.1376352428984007,1.1854415418937334,True,True
Hambantota,Bandakka,2001,Yala,102.0,622.0,252.0474890994,622000.0,2467.7889163763966,0,,,,,,False,False
Hambantota,Bandakka,2002,Yala,178.0,1199.0,439.8475790166,1199000.0,2725.944297978617,1,252.0474890994,622000.0,2467.7889163763966,1.7450980392156863,1.927652733118971,True,True
Hambantota,Bandakka,2003,Yala,148.0,1013.0,365.71596457559997,1013000.0,2769.909159354171,2,345.947534058,910500.0,2596.866607177507,1.0571428571428572,1.1125755079626578,True,True
Hambantota,Bandakka,2004,Yala,154.0,1163.0,380.5422874638,1163000.0,3056.164947530656,3,352.5370108972,944666.6666666666,2654.5474579030615,1.0794392523364487,1.231122088920254,True,True
Hambantota,Bandakka,2005,Yala,152.0,1126.0,375.60017983439997,1126000.0,2997.8686391908736,4,359.53833003885,999250.0,2754.9518303099603,1.0446735395189002,1.1268451338503878,True,True
Hambantota,Bandakka,2006,Yala,182.0,1349.0,449.7317942754,1349000.0,2999.565557008228,5,362.75069999795994,1024600.0,2803.535192086143,1.239782016348774,1.3166113605309389,True,True
Hambantota,Bandakka,2007,Yala,182.0,1415.0,449.7317942754,1415000.0,3146.3196910056654,6,377.2475490442,1078666.6666666667,2836.206919573157,1.1921397379912664,1.311804697156984,True,True
Hambantota,Bandakka,2008,Yala,176.0,2344.0,434.90547138719995,2344000.0,5389.676962498173,7,387.6024412200857,1126714.2857142857,2880.508744063515,1.1220400728597448,2.080385444402181,True,True
Hambantota,Bandakka,2010,Yala,205.0,3002.0,506.5660320135,3002000.0,5926.177063368506,8,393.515319990975,1278875.0,3194.154771367848,1.2872841444270016,2.3473756231062457,True,True
Hambantota,Bandakka,2011,Yala,224.0,3297.0,553.5160544928,3297000.0,5956.466796651671,9,406.07651021569995,1470333.3333333333,3497.712803812365,1.363083164300203,2.2423486737701204,True,True
Hambantota,Bandakka,2012,Yala,213.0,1895.0,526.3344625310999,1895000.0,3600.3722630798256,10,420.82046464341,1653000.0,3743.5882030962957,1.2507339988256017,1.146400483968542,True,True
Hambantota,Bandakka,2013,Yala,296.0,3123.0,731.4319291511999,3123000.0,4269.706961827777,11,430.4126462695636,1675000.0,3730.5685721857076,1.6993736951983298,1.8644776119402986,True,True
Hambantota,Bandakka,2014,Yala,177.0,1652.0,437.3765252019,1652000.0,3777.0659941966715,12,455.49758650969994,1795666.6666666667,3775.496771322547,0.9602169981916818,0.9199925747169111,True,True
Hambantota,Bandakka,2015,Yala,193.0,2296.0,476.9133862371,2296000.0,4814.2913708413535,13,454.10365871679227,1784615.3846153845,3775.617480774403,1.0502302218501465,1.2865517241379312,True,True
Hambantota,Bandakka,2016,Yala,229.0,2306.0,565.8713235663,2306000.0,4075.1314017237323,14,455.73292496824286,1821142.857142857,3849.808472922042,1.2416731216111543,1.2662378412299968,True,True
Hambantota,Bandakka,2017,Yala,157.0,1654.0,387.95544890789995,1654000.0,4263.376129027271,15,463.07548487478,1853466.6666666667,3864.8300015088216,0.8377801494130201,0.8923818430328753,True,True
Hambantota,Bandakka,2018,Yala,202.0,2052.0,499.15287056939997,2052000.0,4110.965038945316,16,458.38048262685,1841000.0,3889.7391344787243,1.0889487870619945,1.1146116241173276,True,True
Hambantota,Bandakka,2019,Yala,200.0,2171.0,494.21076294,2171000.0,4392.862646464808,17,460.77885838817645,1853411.7647058824,3902.7524229767596,1.0725552050473186,1.1713533070966105,True,True
Hambantota,Bandakka,2020,Yala,239.4,2168.0,591.57028323918,2168000.0,3664.8223574196136,18,462.63618641883335,1871055.5555555555,3929.980768726095,1.278694362017804,1.1587042370616705,True,True
Hambantota,Bandakka,2021,Yala,254.5,2911.7,628.8831958411499,2911700.0,4629.953573660869,19,469.42219151464104,1886684.2105263157,3916.025062867859,1.3396963484235607,1.5432895360839123,True,True
Hambantota,Bandakka,2022,Yala,227.7,2540.1,562.6589536071899,2540100.0,4514.457618981257,20,477.3952417309664,1937935.0,3951.7214884075097,1.178601930691788,1.310725075918439,True,True
Hambantota,Bandakka,2023,Yala,221.7,2305.8,547.8326307189899,2305800.0,4208.949724250284,21,481.4554184869771,1966609.5238095238,3978.51844700626,1.1378678267670348,1.1724747450289112,True,True
Hambantota,Bandakka,2024,Yala,271.5,2745.7,670.8911106910499,2745700.0,4092.6164563006323,22,484.47256449752314,1982027.2727272727,3988.992595971897,1.384786590313681,1.3852987987505905,True,True
Hambantota,Bandakka,2025,Yala,264.0,2610.1,652.3582070808,2610100.0,4001.0227075701027,23,492.57771867985036,2015230.4347826086,3993.4979812035813,1.324376199616123,1.2951868704193932,True,True
Hambantota,Brinjal,2001,Maha,475.0,4503.0,1173.7505619825,4503000.0,3836.419888391191,0,,,,,,False,False
Hambantota,Brinjal,2002,Maha,513.0,4908.0,1267.6506069411,4908000.0,3871.7293023219013,1,1173.7505619825,4503000.0,3836.419888391191,1.08,1.0899400399733512,True,True
Hambantota,Brinjal,2003,Maha,463.0,4512.0,1144.0979162060999,4512000.0,3943.7183969026655,2,1220.7005844618,4705500.0,3854.074595356546,0.9372469635627529,0.9588779088300925,True,True
Hambantota,Brinjal,2004,Maha,380.0,4225.0,939.000449586,4225000.0,4499.465364327332,3,1195.1663617099,4641000.0,3883.9558625385857,0.7856650585802895,0.9103641456582633,True,True
Hambantota,Brinjal,2005,Maha,292.0,3142.0,721.5477138924,3142000.0,4354.528383231143,4,1131.124883678925,4537000.0,4037.8332379857725,0.6379027853631895,0.6925281022702227,True,True
Hambantota,Brinjal,2006,Maha,271.0,2915.0,669.6555837837,2915000.0,4352.983937697667,5,1049.2094497216199,4258000.0,4101.172267034846,0.6382477626000943,0.6845937059652419,True,True
Hambantota,Brinjal,2007,Maha,351.0,4460.0,867.3398889596999,4460000.0,5142.1594426487045,6,985.9504720652999,4034166.6666666665,4143.140878811983,0.8796992481203008,1.105556703160504,True,True
Hambantota,Brinjal,2008,Maha,513.0,5730.0,1267.6506069411,5730000.0,4520.1729629797255,7,969.0061030502142,4095000.0,4285.857816502944,1.3081967213114756,1.3992673992673992,True,True
Hambantota,Brinjal,2009,Maha,465.0,6256.0,1149.0400238354998,6256000.0,5444.544898547092,8,1006.3366660365749,4299375.0,4315.147209812541,1.141804788213628,1.4550952173281,True,True
Hambantota,Brinjal,2010,Maha,514.0,6583.0,1270.1216607558,6583000.0,5182.9680599909725,9,1022.1925946809,4516777.777777778,4440.635841894158,1.2425463336019338,1.4574549211581511,True,True
Hambantota,Brinjal,2011,Maha,504.0,6841.0,1245.4111226087998,6841000.0,5492.965235182703,10,1046.98550128839,4723400.0,4514.86906370384,1.1895208874203445,1.4483211246136258,True,True
Hambantota,Brinjal,2012,Maha,591.0,7735.0,1460.3928044877,7735000.0,5296.520207598124,11,1065.0241941356999,4915909.090909091,4603.786897474645,1.3712296983758703,1.573462783171521,True,True
Hambantota,Brinjal,2013,Maha,681.0,8768.0,1682.7876478106998,8768000.0,5210.401925285781,12,1097.9715783317,5150833.333333333,4661.514673318268,1.5326331582895723,1.702248827050639,True,True
Hambantota,Brinjal,2014,Maha,714.0,9542.0,1764.3324236958,9542000.0,5408.277868641153,13,1142.9574298300845,5429076.923076923,4703.736769623461,1.5436554132712457,1.757573181444643,True,True
Hambantota,Brinjal,2015,Maha,592.0,8136.0,1462.8638583023999,8136000.0,5561.693218288632,14,1187.34135796335,5722857.142857143,4754.061133839011,1.2320499479708635,1.4216674987518723,True,True
Hambantota,Brinjal,2016,Maha,687.0,9805.0,1697.6139706989,9805000.0,5775.753598424573,15,1205.7095246526198,5883733.333333333,4807.9032728023185,1.4079792321355378,1.6664589376359682,True,True
Hambantota,Brinjal,2017,Maha,443.0,6250.0,1094.6768399121,6250000.0,5709.447548467236,16,1236.4535525305125,6128812.5,4868.39391815371,0.8853359980014988,1.0197734063491093,True,True
Hambantota,Brinjal,2018,Maha,714.0,9542.0,1764.3324236958,9542000.0,5408.277868641153,17,1228.1137459059,6135941.176470588,4917.86766111333,1.436619718309859,1.5550996539195292,True,True
Hambantota,Brinjal,2019,Maha,626.0,9596.0,1546.8796880021998,9596000.0,6203.4559471094135,18,1257.9036724497832,6325166.666666667,4945.112672642653,1.2297282549383388,1.5171141735395641,True,True
Hambantota,Brinjal,2020,Maha,617.0,8739.0,1524.6402036698998,8739000.0,5731.8441288408285,19,1273.1129364262263,6497315.7894736845,5011.34126603564,1.1975686995607313,1.345016970570843,True,True
Hambantota,Brinjal,2021,Maha,552.4,7818.8,1365.0101272402799,7818800.0,5728.016110626022,20,1285.68929978841,6609400.0,5047.3664091759,1.0616951758600808,1.1829818137803734,True,True
Hambantota,Brinjal,2022,Maha,589.3,7479.8,1456.1920130027097,7479800.0,5136.547881880246,21,1289.4664820480227,6666990.476190476,5079.778299721143,1.1292980727113446,1.1219155069610904,True,True
Hambantota,Brinjal,2023,Maha,644.7,8109.200000000001,1593.08839433709,8109200.000000001,5090.238576105107,22,1297.0449152732358,6703936.363636363,5082.3587352738305,1.2282445855018749,1.209617687301762,True,True
Hambantota,Brinjal,2024,Maha,629.0,7984.4,1554.2928494463,7984400.0,5136.9984767313035,23,1309.9163708847077,6765034.782608695,5082.701337049103,1.186558839933073,1.1802452251281847,True,True
Hambantota,Brinjal,2025,Maha,622.5,7784.5,1538.23099965075,7784500.0,5060.683344548019,24,1320.0987241581074,6815841.666666667,5084.963717869195,1.165239365435912,1.1421186671736554,True,True
Hambantota,Brinjal,2001,Yala,100.0,903.0,247.10538147,903000.0,3654.3113493852798,0,,,,,,False,False
Hambantota,Brinjal,2002,Yala,153.0,1479.0,378.07123364909995,1479000.0,3911.9612082751246,1,247.10538147,903000.0,3654.3113493852798,1.5299999999999998,1.6378737541528239,True,True
Hambantota,Brinjal,2003,Yala,244.0,2409.0,602.9371307867999,2409000.0,3995.441443217118,2,312.58830755955,1191000.0,3783.136278830202,1.9288537549407112,2.022670025188917,True,True
Hambantota,Brinjal,2004,Yala,256.0,2560.0,632.5897765632,2560000.0,4046.856422353577,3,409.37124863529993,1597000.0,3853.904666959174,1.5452716297786722,1.6030056355666875,True,True
Hambantota,Brinjal,2005,Yala,200.0,2004.0,494.21076294,2004000.0,4054.950135198284,4,465.17588061727497,1837750.0,3902.142605807775,1.062416998671979,1.0904638824649708,True,True
Hambantota,Brinjal,2006,Yala,247.0,2476.0,610.3502922309,2476000.0,4056.6868428127354,5,470.98285708181993,1871000.0,3932.704111685877,1.2959076600209865,1.3233564938535542,True,True
Hambantota,Brinjal,2007,Yala,247.0,3264.0,610.3502922309,3264000.0,5347.748729782216,6,494.21076294,1971833.3333333333,3953.36790020702,1.2349999999999999,1.655312315104387,True,True
Hambantota,Brinjal,2008,Yala,311.0,4375.0,768.4977363717,4375000.0,5692.925031445949,7,510.8021242672714,2156428.5714285714,4152.565161574905,1.5044920525224603,2.028817489234846,True,True
Hambantota,Brinjal,2010,Yala,318.0,4754.0,785.7951130746,4754000.0,6049.923091782674,8,543.014075780325,2433750.0,4345.110145308786,1.4470989761092148,1.9533641499743195,True,True
Hambantota,Brinjal,2011,Yala,379.0,5662.0,936.5293957713,5662000.0,6045.725874239038,9,569.9897465908,2691555.5555555555,4534.5338060281065,1.643063583815029,2.1036162483487453,True,True
Hambantota,Brinjal,2012,Yala,337.0,4916.0,832.7451355538999,4916000.0,5903.366816703319,10,606.64371150885,2988600.0,4685.6530128491995,1.3727087576374746,1.6449173526065717,True,True
Hambantota,Brinjal,2013,Yala,400.0,4558.0,988.42152588,4558000.0,4611.392893271901,11,627.1983864220364,3163818.1818181816,4796.354267745029,1.5759312320916905,1.4406643296362278,True,True
Hambantota,Brinjal,2014,Yala,382.0,4162.0,943.9425572153999,4162000.0,4409.166604669002,12,657.3003147101999,3280000.0,4780.940819872268,1.4360902255639099,1.2689024390243901,True,True
Hambantota,Brinjal,2015,Yala,366.0,5593.0,904.4056961801999,5593000.0,6184.171576563813,13,679.3497179798306,3347846.153846154,4752.342803318171,1.331281477336318,1.6706263498920086,True,True
Hambantota,Brinjal,2016,Yala,372.0,4742.0,919.2320190684,4742000.0,5158.654073871146,14,695.4251449941428,3508214.285714286,4854.616287121431,1.3218274111675128,1.3516848213376769,True,True
Hambantota,Brinjal,2017,Yala,270.0,3508.0,667.184529969,3508000.0,5257.915677635684,15,710.3456032657599,3590466.6666666665,4874.885472904745,0.939239332096475,0.977031769315038,True,True
Hambantota,Brinjal,2018,Yala,359.0,5648.0,887.1083194772999,5648000.0,6366.753502354597,16,707.6480361847125,3585312.5,4898.824860700429,1.253601047577477,1.5753159592085766,True,True
Hambantota,Brinjal,2019,Yala,470.0,7078.0,1161.3952929089999,7078000.0,6094.393565408217,17,718.2045234372175,3706647.0588235296,4985.173604327145,1.6170815624367538,1.9095424753622268,True,True
Hambantota,Brinjal,2020,Yala,522.4,8055.9,1290.8785127992799,8055900.0,6240.633739057845,18,742.8262328523166,3893944.4444444445,5046.796935498315,1.7377933838477175,2.0688276668901855,True,True
Hambantota,Brinjal,2021,Yala,566.1,7774.4,1398.86356450167,7774400.0,5557.654225392271,19,771.6710896916305,4112994.736842105,5109.630451475132,1.812771766609364,1.8902042179536234,True,True
Hambantota,Brinjal,2022,Yala,516.4000000000001,7659.3,1276.0521899110802,7659300.0,6002.340704053591,20,803.0307134321324,4296065.0,5132.03164017099,1.5890453111777834,1.7828640860880829,True,True
Hambantota,Brinjal,2023,Yala,482.0,7013.9,1191.0479386854,7013900.0,5888.847771938953,21,825.5555456454157,4456219.047619048,5173.474928927304,1.442722957852877,1.5739576365186803,True,True
Hambantota,Brinjal,2024,Yala,516.2,5782.5,1275.55797914814,5782500.0,4533.310201910026,22,842.1688362381421,4572477.2727272725,5205.991876336924,1.514610757678817,1.2646317641620566,True,True
Hambantota,Brinjal,2025,Yala,524.4000000000001,4969.0,1295.82062042868,4969000.0,3834.6356908228304,23,861.0118424516203,4625086.956521739,5176.744847014015,1.5049974420084604,1.074358178929656,True,True
Hambantota,Chillies,2001,Maha,834.0,1979.0,2060.8588814597997,1979000.0,960.2792397886966,0,,,,,,False,False
Hambantota,Chillies,2002,Maha,546.0,1273.0,1349.1953828261999,1273000.0,943.5253160542314,1,2060.8588814597997,1979000.0,960.2792397886966,0.6546762589928058,0.6432541687721072,True,True
Hambantota,Chillies,2003,Maha,590.0,1252.0,1457.921750673,1252000.0,858.756650980793,2,1705.0271321429998,1626000.0,951.902277921464,0.855072463768116,0.7699876998769988,True,True
Hambantota,Chillies,2004,Maha,544.0,1818.0,1344.2532751968,1818000.0,1352.4237087938975,3,1622.6586716529998,1501333.3333333333,920.853735607907,0.8284263959390863,1.210923623445826,True,True
Hambantota,Chillies,2005,Maha,414.0,1209.0,1023.0162792857999,1209000.0,1181.7993755133996,4,1553.0573225389498,1580500.0,1028.7462289044047,0.6587112171837709,0.7649478013286934,True,True
Hambantota,Chillies,2006,Maha,515.0,2006.0,1272.5927145705,2006000.0,1576.3095113089855,5,1447.0491138883199,1506200.0,1059.3568582262037,0.8794398907103825,1.3318284424379232,True,True
Hambantota,Chillies,2007,Maha,678.0,1941.0,1675.3744863666,1941000.0,1158.5469492313116,6,1417.97304733535,1589500.0,1145.5156337400006,1.1815277374382807,1.2211387228688266,True,True
Hambantota,Chillies,2008,Maha,711.0,2185.0,1756.9192622516998,2185000.0,1243.6541888667462,7,1454.7446814826712,1639714.2857142857,1147.3772502387594,1.207716573647173,1.3325492246035895,True,True
Hambantota,Chillies,2009,Maha,613.0,2098.0,1514.7559884111,2098000.0,1385.041561843035,8,1492.5165040788,1707875.0,1159.4118675672576,1.0149006622516556,1.228427138988509,True,True
Hambantota,Chillies,2010,Maha,683.0,2281.0,1687.7297554401,2281000.0,1351.5196924434126,9,1494.9875578934998,1751222.2222222222,1184.4818335978996,1.1289256198347108,1.3025188757058561,True,True
Hambantota,Chillies,2011,Maha,615.0,2220.0,1519.6980960404999,2220000.0,1460.816464654462,10,1514.2617776481598,1804200.0,1201.1856194824509,1.0035900783289817,1.2304622547389426,True,True
Hambantota,Chillies,2012,Maha,554.0,1993.0,1368.9638133438,1993000.0,1455.84564074922,11,1514.7559884111,1842000.0,1224.7884235889974,0.903752039151713,1.0819761129207384,True,True
Hambantota,Chillies,2013,Maha,582.0,2092.0,1438.1533201554,2092000.0,1454.643236351148,12,1502.606640488825,1854583.3333333333,1244.0431916856826,0.9571056598602166,1.1280161761401932,True,True
Hambantota,Chillies,2014,Maha,742.0,2343.0,1833.5219305074,2343000.0,1277.8685441474975,13,1497.6486927708693,1872846.1538461538,1260.2431951214876,1.2242670389643355,1.2510370887583686,True,True
Hambantota,Chillies,2015,Maha,604.0,2156.0,1492.5165040788,2156000.0,1444.540140164621,14,1521.6396383234785,1906428.5714285714,1261.5021486233454,0.9808606890151954,1.1309104533533159,True,True
Hambantota,Chillies,2016,Maha,592.0,2031.0,1462.8638583023999,2031000.0,1388.372532736506,15,1519.6980960405,1923066.6666666667,1273.7046813927639,0.96260162601626,1.0561256326700408,True,True
Hambantota,Chillies,2017,Maha,286.0,1418.0,706.7213910042,1418000.0,2006.44839402006,16,1516.1459561818688,1929812.5,1280.8714221017476,0.46613018233676273,0.7347864105968844,True,True
Hambantota,Chillies,2018,Maha,742.0,2343.0,1833.5219305074,2343000.0,1277.8685441474975,17,1468.5327464655352,1899705.8823529412,1323.5524204498838,1.2485400376125904,1.233348815606131,True,True
Hambantota,Chillies,2019,Maha,373.0,1603.0,921.7030728830999,1603000.0,1739.1718083197811,18,1488.80992335675,1924333.3333333333,1321.0144273219732,0.6190871369294605,0.8330157630348173,True,True
Hambantota,Chillies,2020,Maha,385.0,1634.0,951.3557186595,1634000.0,1717.5489335391544,19,1458.9621943844525,1907421.0526315789,1343.0227105323843,0.6520770190764843,0.8566540658370354,True,True
Hambantota,Chillies,2021,Maha,407.0,1222.2,1005.7189025828999,1222200.0,1215.2501030468163,20,1433.581870598205,1893750.0,1361.7490216827227,0.7015427044729811,0.6453861386138614,True,True
Hambantota,Chillies,2022,Maha,374.9,1105.1,926.3980751310299,1105100.0,1192.8997152155075,21,1413.207443549857,1861771.4285714286,1354.7728827000606,0.6555287260616153,0.5935744759215493,True,True
Hambantota,Chillies,2023,Maha,397.6,940.5,982.49099672472,940500.0,957.2606803882139,22,1391.079744985365,1827377.2727272727,1347.4150114507627,0.7062794209077182,0.5146720461267141,True,True
Hambantota,Chillies,2024,Maha,367.3,843.3,907.6180661393099,843300.0,929.1353174437168,23,1373.3150168001196,1788817.391304348,1330.4517796654345,0.6608957559162918,0.4714287797621941,True,True
Hambantota,Chillies,2025,Maha,362.3,859.6,895.26279706581,859600.0,960.1649960406113,24,1353.9109771892524,1749420.8333333333,1313.7302604061963,0.661241996075986,0.4913626176282151,True,True
Hambantota,Chillies,2001,Yala,119.0,199.0,294.0554039493,199000.0,676.7432168473629,0,,,,,,False,False
Hambantota,Chillies,2002,Yala,227.0,493.0,560.9292159368999,493000.0,878.8987736653363,1,294.0554039493,199000.0,676.7432168473629,1.907563025210084,2.477386934673367,True,True
Hambantota,Chillies,2003,Yala,260.0,549.0,642.473991822,549000.0,854.5092984123513,2,427.49230994309994,346000.0,777.8209952563495,1.502890173410405,1.5867052023121386,True,True
Hambantota,Chillies,2004,Yala,284.0,594.0,701.7792833748,594000.0,846.4199700274735,3,499.15287056939997,413666.6666666667,803.3837629750169,1.405940594059406,1.43593875906527,True,True
Hambantota,Chillies,2005,Yala,230.0,474.0,568.342377381,474000.0,834.0043235633024,4,549.80947377075,458750.0,814.1428147381309,1.0337078651685394,1.033242506811989,True,True
Hambantota,Chillies,2006,Yala,344.0,709.0,850.0425122567999,709000.0,834.0759312350832,5,553.5160544928,461800.0,818.1151165031653,1.5357142857142856,1.5352966652230402,True,True
Hambantota,Chillies,2007,Yala,344.0,753.0,850.0425122567999,753000.0,885.8380482651871,6,602.9371307867999,503000.0,820.7752522918182,1.4098360655737705,1.497017892644135,True,True
Hambantota,Chillies,2008,Yala,275.0,857.0,679.5397990424999,857000.0,1261.147619620733,7,638.2378995682285,538714.2857142857,830.0699374308709,1.064712389380531,1.590824714929727,True,True
Hambantota,Chillies,2010,Yala,314.0,1738.0,775.9108978157999,1738000.0,2239.947917850483,8,643.4006370025124,578500.0,883.9546477046038,1.2059529524723955,3.004321521175454,True,True
Hambantota,Chillies,2011,Yala,327.0,1303.0,808.0345974068999,1303000.0,1612.554715084621,9,658.1239993150999,707333.3333333334,1034.6205666097014,1.227784730913642,1.8421300659754947,True,True
Hambantota,Chillies,2012,Yala,303.0,1012.0,748.7293058541,1012000.0,1351.6233331425149,10,673.1150591242799,766900.0,1092.4139814571934,1.1123348017621146,1.3195983831007954,True,True
Hambantota,Chillies,2013,Yala,384.0,1374.0,948.8846648448,1374000.0,1448.0158136233892,11,679.9890815542635,789181.8181818182,1115.9784679740408,1.3954410307234888,1.7410436585646814,True,True
Hambantota,Chillies,2014,Yala,300.0,1140.0,741.31614441,1140000.0,1537.8054404943591,12,702.397046828475,837916.6666666666,1143.6482467781532,1.0554089709762533,1.3605171556439584,True,True
Hambantota,Chillies,2015,Yala,250.0,1328.0,617.7634536749999,1328000.0,2149.69013155422,13,705.3908235655152,861153.8461538461,1173.968030910169,0.8757747237941257,1.5421170165252345,True,True
Hambantota,Chillies,2016,Yala,248.0,996.0,612.8213460456,996000.0,1625.2697567194205,14,699.1317257161928,894500.0,1243.6624666704581,0.8765463266851805,1.1134712129681386,True,True
Hambantota,Chillies,2017,Yala,191.0,815.0,471.97127860769996,815000.0,1726.7999917372592,15,693.37770040482,901266.6666666666,1269.1029526737225,0.6806842480399145,0.9042828611583698,True,True
Hambantota,Chillies,2018,Yala,261.0,7089.0,644.9450456367,7089000.0,10991.634167840806,16,679.5397990424999,895875.0,1297.7090176151935,0.9490909090909092,7.912934282126413,True,True
Hambantota,Chillies,2019,Yala,278.0,5665.0,686.9529604866,5665000.0,8246.561738357199,17,677.5048135480412,1260176.4705882352,1867.9399088049354,1.0139455052563828,4.495402137889185,True,True
Hambantota,Chillies,2020,Yala,359.5,7031.7,888.34384638465,7031700.0,7915.516079294477,18,678.0297106001833,1504888.888888889,2222.3077882245057,1.310184247823446,4.672570880094506,True,True
Hambantota,Chillies,2021,Yala,325.7,1090.1,804.8222274477899,1090100.0,1354.46060362531,19,689.098875641471,1795773.6842105263,2521.9503298597674,1.167934321034255,0.6070364041887825,True,True
Hambantota,Chillies,2022,Yala,302.8,884.2,748.23509509116,884200.0,1181.7141508074744,20,694.885043231787,1760490.0,2463.5758435480448,1.0767753636072686,0.502246533635522,True,True
Hambantota,Chillies,2023,Yala,289.4,798.3,715.1229739741799,798300.0,1116.3115003334003,21,697.4255218917572,1718761.9047619049,2402.534810560398,1.0253754007086213,0.4644622374909957,True,True
Hambantota,Chillies,2024,Yala,364.2,962.2,899.9577993137399,962200.0,1069.1612437091192,22,698.2299515318672,1676922.7272727273,2344.0701146409892,1.2889131973489478,0.5737891104647853,True,True
Hambantota,Chillies,2025,Yala,353.2,1141.3,872.7762073520399,1141300.0,1307.6662612775021,23,707.0007275223835,1645847.8260869565,2288.6392941656904,1.2344770993526424,0.6934419950071986,True,True
Hambantota,Corn,2001,Maha,597.0,475.0,1475.2191273759,475000.0,321.98606375510036,0,,,,,,False,False
Hambantota,Corn,2002,Maha,673.0,550.0,1663.0192172931,550000.0,330.7237789442002,1,1475.2191273759,475000.0,321.98606375510036,1.1273031825795645,1.1578947368421053,True,True
Hambantota,Corn,2003,Maha,942.0,734.0,2327.7326934474,734000.0,315.32830297319805,2,1569.1191723345,512500.0,326.3549213496503,1.4834645669291338,1.4321951219512195,True,True
Hambantota,Corn,2004,Maha,609.0,523.0,1504.8717731523,523000.0,347.5379160740428,3,1821.9903460387998,586333.3333333334,322.6793818908329,0.8259493670886077,0.8919840818646958,True,True
Hambantota,Corn,2005,Maha,549.0,463.0,1356.6085442703,463000.0,341.2922629416587,4,1742.710702817175,570500.0,328.89401543663536,0.7784473590925204,0.8115687992988606,True,True
Hambantota,Corn,2006,Maha,459.0,386.0,1134.2137009473,386000.0,340.32387342668426,5,1665.4902711078,549000.0,331.37366493764,0.6810089020771513,0.7030965391621129,True,True
Hambantota,Corn,2007,Maha,507.0,618.0,1252.8242840528999,618000.0,493.2854573993118,6,1576.9441760810498,521833.3333333333,332.86536635248075,0.7944633063463046,1.1842861705525392,True,True
Hambantota,Corn,2008,Maha,787.0,1122.0,1944.7193521688998,1122000.0,576.9470020178798,7,1530.6413343627428,535571.4285714285,355.78252221631374,1.2705258302583025,2.0949586556415047,True,True
Hambantota,Corn,2009,Maha,692.0,1065.0,1709.9692397724,1065000.0,622.818221070312,8,1582.4010865885125,608875.0,383.4280821915095,1.0806168260784696,1.7491274892219257,True,True
Hambantota,Corn,2010,Maha,553.0,912.0,1366.4927595290999,912000.0,667.4019994912228,9,1596.5753258311665,659555.5555555555,410.02698651137644,0.855889939810834,1.3827493261455526,True,True
Hambantota,Corn,2011,Maha,598.0,1046.0,1477.6901811906,1046000.0,707.8615079902744,10,1573.5670692009598,684800.0,435.76448780936107,0.939070351758794,1.5274532710280373,True,True
Hambantota,Corn,2012,Maha,522.0,867.0,1289.8900912734,867000.0,672.150290839186,11,1564.8509884727455,717636.3636363636,460.5005805530805,0.8242894056847545,1.208132759057512,True,True
Hambantota,Corn,2013,Maha,548.0,911.0,1354.1374904555998,911000.0,672.7529563438154,12,1541.9375803727999,730083.3333333334,478.13805641025596,0.8782051282051282,1.2478027622417531,True,True
Hambantota,Corn,2014,Maha,636.0,1025.0,1571.5902261492,1025000.0,652.2056341057258,13,1527.4914196099382,744000.0,493.1084333282221,1.0288700846192136,1.3776881720430108,True,True
Hambantota,Corn,2015,Maha,588.0,674.0,1452.9796430436,674000.0,463.8743586167195,14,1530.6413343627428,764071.4285714285,504.47251909804373,0.9492619926199262,0.882116481256427,True,True
Hambantota,Corn,2016,Maha,581.0,1536.0,1435.6822663407,1536000.0,1069.8746066669696,15,1525.4638882748,758066.6666666666,501.7659750659555,0.9411447084233261,2.026207017852432,True,True
Hambantota,Corn,2017,Maha,477.0,856.0,1178.6926696118999,856000.0,726.2283223343107,16,1519.8525369039187,806687.5,537.2727645410189,0.7755309419774412,1.061129619586271,True,True
Hambantota,Corn,2018,Maha,636.0,1025.0,1571.5902261492,1025000.0,652.2056341057258,17,1499.7843094161528,809588.2352941176,548.3877973523889,1.0478774956386896,1.2660757102375937,True,True
Hambantota,Corn,2019,Maha,518.0,1411.0,1280.0058760145998,1411000.0,1102.3386895638798,18,1503.773527012433,821555.5555555555,554.1554549497965,0.851195910169801,1.7174736272653504,True,True
Hambantota,Corn,2020,Maha,441.0,1073.0,1089.7347322827,1073000.0,984.6432973209496,19,1491.9962822230736,852578.947368421,583.0072041400115,0.7303870292887029,1.258534477436879,True,True
Hambantota,Corn,2021,Maha,448.3,1046.1,1107.7734251300099,1046099.9999999999,944.3266793272534,20,1471.8832047260548,863600.0,603.0890087990584,0.7526231847561488,1.211324687355257,True,True
Hambantota,Corn,2022,Maha,408.2,791.9,1008.6841671605399,791900.0,785.0822148118074,21,1454.54464379291,872290.4761904762,619.3384216813533,0.6934707514581799,0.90783978687746,True,True
Hambantota,Corn,2023,Maha,552.4,812.0,1365.0101272402799,812000.0,594.8673814176511,22,1434.2782584914387,868636.3636363636,626.8722304600104,0.9517052351305845,0.9347985347985348,True,True
Hambantota,Corn,2024,Maha,500.3,773.3,1236.26822349441,773300.0,625.5115073767781,23,1431.2666006109534,866173.9130434783,625.4807152842557,0.8637581726330329,0.8927768296355787,True,True
Hambantota,Corn,2025,Maha,493.3,814.2,1218.97084679151,814200.0,667.9405025502296,24,1423.1416682310974,862304.1666666666,625.4819982881107,0.8565351391240179,0.9442143868414568,True,True
Hambantota,Corn,2001,Yala,17.0,13.0,42.0079148499,13000.0,309.4654911211559,0,,,,,,False,False
Hambantota,Corn,2002,Yala,68.0,57.0,168.0316593996,57000.0,339.22178834434396,1,42.0079148499,13000.0,309.4654911211559,4.0,4.384615384615385,True,True
Hambantota,Corn,2003,Yala,74.0,61.0,182.85798228779998,61000.0,333.59221859941647,2,105.01978712475,35000.0,324.3436397327499,1.741176470588235,1.7428571428571429,True,True
Hambantota,Corn,2004,Yala,128.0,132.0,316.2948882816,132000.0,417.33206855521263,3,130.96585217909998,43666.666666666664,327.4264993549721,2.415094339622642,3.0229007633587788,True,True
Hambantota,Corn,2005,Yala,43.0,35.0,106.25531403209999,35000.0,329.3952901915702,4,177.298111204725,65750.0,349.90289165503225,0.5993031358885017,0.532319391634981,True,True
Hambantota,Corn,2006,Yala,95.0,78.0,234.7501123965,78000.0,332.2682115195568,5,163.0895517702,59600.0,345.80137136233986,1.4393939393939394,1.308724832214765,True,True
Hambantota,Corn,2007,Yala,95.0,91.0,234.7501123965,91000.0,387.6462467728163,6,175.03297854125,62666.666666666664,343.545844721876,1.3411764705882352,1.452127659574468,True,True
Hambantota,Corn,2008,Yala,111.0,163.0,274.2869734317,163000.0,594.2681052645343,7,183.56399766342855,66714.28571428571,349.8459021577246,1.4942307692307695,2.4432548179871523,True,True
Hambantota,Corn,2010,Yala,109.0,175.0,269.3448658023,175000.0,649.7246549650239,8,194.90436963446248,78750.0,380.3986775460758,1.381933438985737,2.2222222222222223,True,True
Hambantota,Corn,2011,Yala,124.0,194.0,306.4106730228,194000.0,633.137214464995,9,203.17553587533334,89444.44444444444,410.32378614818117,1.508108108108108,2.168944099378882,True,True
Hambantota,Corn,2012,Yala,140.0,210.0,345.947534058,210000.0,607.0284633530365,10,213.49904959008,99900.0,432.60512897986257,1.6203703703703702,2.1021021021021022,True,True
Hambantota,Corn,2013,Yala,125.0,320.0,308.88172683749997,320000.0,1035.9952441225157,11,225.53982090534544,109909.09090909091,448.46179574106014,1.3695219123505975,2.911497105045492,True,True
Hambantota,Corn,2014,Yala,98.0,302.0,242.1632738406,302000.0,1247.0924893375309,12,232.48497973302497,127416.66666666667,497.42291643951484,1.0416297608503102,2.370176586003924,True,True
Hambantota,Corn,2015,Yala,126.0,378.0,311.35278065219995,378000.0,1214.0569267060732,13,233.22946389514615,140846.15384615384,555.0898066624391,1.334963325183374,2.683779355543419,True,True
Hambantota,Corn,2016,Yala,105.0,176.0,259.4606505435,176000.0,678.3302193659329,14,238.80970080636425,157785.7142857143,602.1588866655558,1.0864745011086476,1.1154368492530558,True,True
Hambantota,Corn,2017,Yala,101.0,203.0,249.57643528469998,203000.0,813.3780730076992,15,240.18643078883997,159000.0,607.2369755122476,1.0390946502057614,1.2767295597484276,True,True
Hambantota,Corn,2018,Yala,129.0,286.0,318.76594209629997,286000.0,897.2100285218008,16,240.77330606983122,161750.0,620.1207941057133,1.323925593329057,1.768160741885626,True,True
Hambantota,Corn,2019,Yala,114.0,254.0,281.70013487579996,254000.0,901.6680098928146,17,245.36110818903526,169058.82352941178,636.4201608360715,1.1481042654028435,1.5024356297842727,True,True
Hambantota,Corn,2020,Yala,268.8,614.9,664.21926539136,614900.0,925.7485171522376,18,247.37994300496666,173777.77777777778,651.156152450335,2.6850166481687014,3.5384271099744247,True,True
Hambantota,Corn,2021,Yala,331.3,540.7,818.66012881011,540700.0,660.4694438776272,19,269.3188547095137,196994.73684210525,665.6083821714877,3.0397430944562487,2.7447433808009833,True,True
Hambantota,Corn,2022,Yala,268.4,470.8,663.2308438654799,470800.0,709.8584216259554,20,296.7859184145435,214180.0,665.3514352567947,2.2347112942841676,2.198151087870016,True,True
Hambantota,Corn,2023,Yala,305.0,424.4,753.6714134834999,424400.0,563.1101198842158,21,314.23567676935,226400.0,667.470815560088,2.3984272608125816,1.8745583038869258,True,True
Hambantota,Corn,2024,Yala,310.9,465.9,768.2506309902299,465900.0,606.4427170069256,22,334.21002843817496,235400.0,662.7271475748212,2.298706099815157,1.9791843670348344,True,True
Hambantota,Corn,2025,Yala,234.6,559.9,579.70922492862,559900.0,965.8290327688694,23,353.08135898391646,245421.73913043478,660.2799984196953,1.6418573515092505,2.2813789926834023,True,True
Hambantota,Mung Beans,2001,Maha,1663.0,1711.0,4109.3624938461,1711000.0,416.36628614834456,0,,,,,,False,False
Hambantota,Mung Beans,2002,Maha,2201.0,2285.0,5438.789446154699,2285000.0,420.13025556919234,1,4109.3624938461,1711000.0,416.36628614834456,1.3235117257967528,1.3354763296317942,True,True
Hambantota,Mung Beans,2003,Maha,2570.0,2342.0,6350.6083037789995,2342000.0,368.78356969463334,2,4774.0759700004,1998000.0,418.2482708587685,1.3302277432712215,1.172172172172172,True,True
Hambantota,Mung Beans,2004,Maha,1633.0,1566.0,4035.2308794050996,1566000.0,388.0818834908574,3,5299.586747926599,2112666.6666666665,401.7600371373901,0.7614236866645944,0.7412432944146419,True,True
Hambantota,Mung Beans,2005,Maha,1219.0,1172.0,3012.2146001193,1172000.0,389.0825042656597,4,4983.497780796224,1976000.0,398.3404987257569,0.6044378331473907,0.5931174089068826,True,True
Hambantota,Mung Beans,2006,Maha,894.0,855.0,2209.1221103417997,855000.0,387.03157059421795,5,4589.24114466084,1815200.0,396.4888998337375,0.48136980400603047,0.4710224768620538,True,True
Hambantota,Mung Beans,2007,Maha,1266.0,1757.0,3128.3541294101997,1757000.0,561.6371827863535,6,4192.554638941,1655166.6666666667,394.9126782938176,0.7461689587426326,1.0615245191823581,True,True
Hambantota,Mung Beans,2008,Maha,1221.0,1524.0,3017.1567077487,1524000.0,505.1113175812327,7,4040.525994722314,1669714.2857142857,418.73046464989415,0.7467237462869125,0.9127310061601643,True,True
Hambantota,Mung Beans,2009,Maha,1103.0,1361.0,2725.5723576141,1361000.0,499.3446591861485,8,3912.604833850612,1651500.0,429.52807126631143,0.6966132470198153,0.8240993036633364,True,True
Hambantota,Mung Beans,2010,Maha,1077.0,1460.0,2661.3249584318996,1460000.0,548.5989207647375,9,3780.7123364909994,1619222.2222222222,437.2854699240711,0.703921568627451,0.9016674672339258,True,True
Hambantota,Mung Beans,2011,Maha,1585.0,1016.0,3916.6202962995,1016000.0,259.4073265054406,10,3668.7735986850894,1603300.0,448.41681500813775,1.0675557351653535,0.633693008170648,True,True
Hambantota,Mung Beans,2012,Maha,1172.0,1860.0,2896.0750708284,1860000.0,642.2485448445096,11,3691.305116650036,1549909.0909090908,431.23413423516524,0.7845666991236613,1.2000703853598451,True,True
Hambantota,Mung Beans,2013,Maha,1231.0,1953.0,3041.8672458957,1953000.0,642.0398531971191,12,3625.0359461649,1575750.0,448.8186684526106,0.8391274710293115,1.239409804854831,True,True
Hambantota,Mung Beans,2014,Maha,1181.0,1632.0,2918.3145551607,1632000.0,559.2268993464045,13,3580.1768153749613,1604769.2307692308,463.68183650988055,0.8151314043005045,1.0169686511360367,True,True
Hambantota,Mung Beans,2015,Maha,978.0,1513.0,2416.6906307766,1513000.0,626.0627573641066,14,3532.9009396453716,1606714.2857142857,470.5064838553465,0.684052757793765,0.9416733351115854,True,True
Hambantota,Mung Beans,2016,Maha,1400.0,2047.0,3459.4753405799997,2047000.0,591.708221182698,15,3458.48691905412,1600466.6666666667,480.87690208926387,1.0002857959416975,1.2790019577623193,True,True
Hambantota,Mung Beans,2017,Maha,605.0,1024.0,1494.9875578934998,1024000.0,684.9555333041427,16,3458.5486953994873,1628375.0,487.8038595326035,0.4322586407073323,0.6288477776924848,True,True
Hambantota,Mung Beans,2018,Maha,1181.0,1632.0,2918.3145551607,1632000.0,559.2268993464045,17,3343.0450990756053,1592823.5294117648,499.40101681328224,0.8729509978694727,1.0245956126744957,True,True
Hambantota,Mung Beans,2019,Maha,580.0,802.0,1433.2112125259998,802000.0,559.5825604702706,18,3319.4489577469994,1595000.0,502.7246769540113,0.4317617866004963,0.5028213166144201,True,True
Hambantota,Mung Beans,2020,Maha,462.0,578.0,1141.6268623914,578000.0,506.2950242684778,19,3220.1732869458947,1553263.1578947369,505.7171971390776,0.3545234248788368,0.37211981566820274,True,True
Hambantota,Mung Beans,2021,Maha,1274.8,1483.4,3150.0994029795597,1483400.0,470.90577478187134,20,3116.24596571817,1504500.0,505.7460884955476,1.010863531837285,0.9859754071119974,True,True
Hambantota,Mung Beans,2022,Maha,1072.1,1052.8,2649.21679473987,1052800.0,397.4004702410079,21,3117.8580341591887,1503495.238095238,504.0870259377534,0.8496912834757404,0.7002350079497298,True,True
Hambantota,Mung Beans,2023,Maha,1940.5,1837.1,4795.0799274253495,1837100.0,383.12187237854965,22,3096.5561596401285,1483009.0909090908,499.23763704244686,1.548520252893659,1.2387651641931945,True,True
Hambantota,Mung Beans,2024,Maha,1225.2,1109.8,3027.53513377044,1109800.0,366.56882611230816,23,3170.4050191090514,1498404.347826087,494.1891255353209,0.9549363931493016,0.7406545513633344,True,True
Hambantota,Mung Beans,2025,Maha,1332.9,1446.8,3293.66762961363,1446800.0,439.2671522140561,24,3164.4521072199423,1482212.5,488.871613059362,1.0408334580570433,0.9761083515352893,True,True
Hambantota,Mung Beans,2001,Yala,239.0,198.0,590.5818617133,198000.0,335.2625822702963,0,,,,,,False,False
Hambantota,Mung Beans,2002,Yala,723.0,768.0,1786.5719080280999,768000.0,429.87354527905217,1,590.5818617133,198000.0,335.2625822702963,3.02510460251046,3.878787878787879,True,True
Hambantota,Mung Beans,2003,Yala,70.0,75.0,172.973767029,75000.0,433.59175953788326,2,1188.5768848706998,483000.0,382.5680637746742,0.14553014553014554,0.15527950310559005,True,True
Hambantota,Mung Beans,2004,Yala,285.0,280.0,704.2503371895,280000.0,397.5858941259654,3,850.0425122567999,347000.0,399.57596236241056,0.8284883720930233,0.8069164265129684,True,True
Hambantota,Mung Beans,2005,Yala,70.0,72.0,172.973767029,72000.0,416.24808915636794,4,813.5944684899749,330250.0,399.0784453032993,0.2126044039483675,0.21801665404996215,True,True
Hambantota,Mung Beans,2006,Yala,241.0,248.0,595.5239693427,248000.0,416.4399969890818,5,685.47032819778,278600.0,402.512374073913,0.8687815428983418,0.8901651112706389,True,True
Hambantota,Mung Beans,2007,Yala,241.0,291.0,595.5239693427,291000.0,488.64531904767256,6,670.4792683886,273500.0,404.8336445597745,0.8882063882063882,1.0639853747714807,True,True
Hambantota,Mung Beans,2008,Yala,148.0,176.0,365.71596457559997,176000.0,481.24779076637134,7,659.7713685249,276000.0,416.8067409151885,0.5543071161048688,0.6376811594202898,True,True
Hambantota,Mung Beans,2010,Yala,1238.0,1662.0,3059.1646225985996,1662000.0,543.2855714015868,8,623.0144430312374,263500.0,424.86187214658634,4.910262766484879,6.307400379506642,True,True
Hambantota,Mung Beans,2011,Yala,1552.0,2356.0,3835.0755204143998,2356000.0,614.329492980994,9,893.6977963164999,418888.8888888889,438.0200609526975,4.291244239631337,5.6244031830238725,True,True
Hambantota,Mung Beans,2012,Yala,1158.0,1752.0,2861.4803174226,1752000.0,612.2705053509038,10,1187.83556872629,612600.0,455.6510041555272,2.4089868941127524,2.859941234084231,True,True
Hambantota,Mung Beans,2013,Yala,1513.0,2318.0,3738.7044216411,2318000.0,620.0008715806736,11,1339.9850913350454,716181.8181818182,469.8891406278341,2.7901089689857503,3.2366082762122366,True,True
Hambantota,Mung Beans,2014,Yala,2463.0,3773.0,6086.2055456061,3773000.0,619.9264832131565,12,1539.87836886055,849666.6666666666,482.39845154057076,3.952393688151912,4.4405649274225185,True,True
Hambantota,Mung Beans,2015,Yala,1725.0,3795.0,4262.5678303575,3795000.0,890.308412917787,13,1889.5958439948229,1074538.4615384615,492.9775309000004,2.255809274720853,3.5317488725034005,True,True
Hambantota,Mung Beans,2016,Yala,1870.0,1783.0,4620.870633488999,1783000.0,385.85802144686784,14,2059.0938430207284,1268857.142857143,521.3583081869853,2.2441282358991943,1.4052015311866695,True,True
Hambantota,Mung Beans,2017,Yala,798.0,1094.0,1971.9009441305998,1094000.0,554.794602262508,15,2229.87896238528,1303133.3333333333,512.324955737644,0.8843085106382979,0.83951501509183,True,True
Hambantota,Mung Beans,2018,Yala,377.0,569.0,931.5872881419,569000.0,610.7854918618528,16,2213.7553362443623,1290062.5,514.979308645448,0.4208176363890052,0.4410639019427353,True,True
Hambantota,Mung Beans,2019,Yala,337.0,482.0,832.7451355538999,482000.0,578.808544680838,17,2138.333686355982,1247647.0588235294,520.6149664817071,0.389436476106315,0.38632720414898636,True,True
Hambantota,Mung Beans,2020,Yala,1156.8,1319.6,2858.51505284496,1319600.0,461.6382896730446,18,2065.8009890892,1205111.111111111,523.8479430483255,1.383732057416268,1.095002765996681,True,True
Hambantota,Mung Beans,2021,Yala,6769.8,5903.7,16728.54011475606,5903700.0,352.91184762694337,19,2107.52278191845,1211136.8421052631,520.573750765416,7.937537026066352,4.874511116132733,True,True
Hambantota,Mung Beans,2022,Yala,1421.5,1135.3,3512.6029975960496,1135300.0,323.2076043825548,20,2838.573648560331,1445765.0,512.1906556084924,1.2374535356437106,0.7852590151234813,True,True
Hambantota,Mung Beans,2023,Yala,841.6,680.8,2079.6388904515197,680800.0,327.3645261808835,21,2870.6702842286986,1430980.9523809524,503.1914626929715,0.7244436610769753,0.4757575555895722,True,True
Hambantota,Mung Beans,2024,Yala,2698.7,2785.8,6668.632929730889,2785800.0,417.7467899874975,22,2834.714311784281,1396881.8181818181,495.19932921514936,2.352488538971459,1.9942989906089539,True,True
Hambantota,Mung Beans,2025,Yala,4565.1,4034.8,11280.607769486971,4034800.0,357.6757637929555,23,3001.406425608047,1457269.5652173914,491.8318275095993,3.7584406007932305,2.7687396321888462,True,True
Hambantota,Pumpkin,2001,Maha,303.0,3386.0,748.7293058541,3386000.0,4522.328662075647,0,,,,,,False,False
Hambantota,Pumpkin,2002,Maha,337.0,3837.0,832.7451355538999,3837000.0,4607.652252988331,1,748.7293058541,3386000.0,4522.328662075647,1.1122112211221122,1.133195510927348,True,True
Hambantota,Pumpkin,2003,Maha,479.0,5586.0,1183.6347772412998,5586000.0,4719.361163938848,2,790.7372207039999,3611500.0,4564.990457531989,1.496875,1.5467257372282985,True,True
Hambantota,Pumpkin,2004,Maha,359.0,4461.0,887.1083194772999,4461000.0,5028.698189448275,3,921.7030728830999,4269666.666666667,4616.447359667609,0.9624664879356568,1.0448122413927707,True,True
Hambantota,Pumpkin,2005,Maha,350.0,4900.0,864.8688351449999,4900000.0,5665.598991295008,4,913.0543845316499,4317500.0,4719.510067112776,0.9472259810554804,1.134916039374638,True,True
Hambantota,Pumpkin,2006,Maha,290.0,4056.0,716.6056062629999,4056000.0,5660.017120367624,5,903.41727465432,4434000.0,4908.727851949222,0.7932166301969364,0.9147496617050067,True,True
Hambantota,Pumpkin,2007,Maha,375.0,5033.0,926.6451805124999,5033000.0,5431.420899654814,6,872.2819965890999,4371000.0,5033.942730018955,1.0623229461756374,1.1514527568062227,True,True
Hambantota,Pumpkin,2008,Maha,467.0,6091.0,1153.9821314649,6091000.0,5278.244639947673,7,880.0481657210141,4465571.428571428,5090.725325681221,1.3112715603690335,1.3639911705428838,True,True
Hambantota,Pumpkin,2009,Maha,417.0,5957.0,1030.4294407298999,5957000.0,5781.0848220528205,8,914.289911439,4668750.0,5114.165239964527,1.1270270270270268,1.2759303882195447,True,True
Hambantota,Pumpkin,2010,Maha,464.0,6623.0,1146.5689700208,6623000.0,5776.364242510289,9,927.1943035824333,4811888.888888889,5188.267415752115,1.236600533017471,1.3763825709469601,True,True
Hambantota,Pumpkin,2011,Maha,393.0,5725.0,971.1241491771,5725000.0,5895.229775565961,10,949.1317702262699,4993000.0,5247.0770984279325,1.023171049205936,1.1466052473462849,True,True
Hambantota,Pumpkin,2012,Maha,488.0,6806.0,1205.8742615735998,6806000.0,5644.037871011977,11,951.1310774036181,5059545.454545454,5306.000069076845,1.2678318375059046,1.3451801275716468,True,True
Hambantota,Pumpkin,2013,Maha,512.0,7146.0,1265.1795531264,7146000.0,5648.210155105207,12,972.3596760844499,5205083.333333333,5334.169885904773,1.301143583227446,1.3728886825379036,True,True
Hambantota,Pumpkin,2014,Maha,463.0,6798.0,1144.0979162060999,6798000.0,5941.799127248298,13,994.8842820107537,5354384.615384615,5358.326829689422,1.149980894153611,1.2696136882784779,True,True
Hambantota,Pumpkin,2015,Maha,352.0,5864.0,869.8109427743999,5864000.0,6741.6949036026635,14,1005.5423987389928,5457500.0,5400.003422372198,0.8650166754432157,1.0744846541456712,True,True
Hambantota,Pumpkin,2016,Maha,303.0,4332.0,748.7293058541,4332000.0,5785.80264740452,15,996.49363500802,5484600.0,5489.449521120896,0.7513638617953381,0.7898479378623783,True,True
Hambantota,Pumpkin,2017,Maha,203.0,3052.0,501.62392438409995,3052000.0,6084.239310848826,16,981.0083644358999,5412562.5,5507.971591513622,0.5113350125944585,0.5638733963811041,True,True
Hambantota,Pumpkin,2018,Maha,463.0,6798.0,1144.0979162060999,6798000.0,5941.799127248298,17,952.8092797269704,5273705.882352941,5541.869692650987,1.2007627765064837,1.2890366189642288,True,True
Hambantota,Pumpkin,2019,Maha,338.0,5830.0,835.2161893686,5830000.0,6980.228681160163,18,963.4364261980331,5358388.888888889,5564.087994573059,0.8669136506127103,1.0880136027620242,True,True
Hambantota,Pumpkin,2020,Maha,354.0,6167.0,874.7530504038,6167000.0,7049.989705269635,19,956.6879926806947,5383210.52631579,5638.62171491975,0.9143556280587276,1.145598889334285,True,True
Hambantota,Pumpkin,2021,Maha,332.2,5840.5,820.8840772433399,5840500.0,7114.890106789906,20,952.5912455668498,5422400.0,5709.190114437244,0.8617380025940338,1.07710607848923,True,True
Hambantota,Pumpkin,2022,Maha,305.7,1209.0,755.4011511537899,1209000.0,1600.4741297433677,21,946.3194756466828,5442309.523809524,5776.12820931118,0.7982517221655765,0.22214833513433108,True,True
Hambantota,Pumpkin,2023,Maha,316.0,5452.200000000001,780.8530054452,5452200.000000001,6982.364109479802,22,937.641369987915,5249886.363636363,5586.325751149007,0.8327842930557385,1.0385367648650405,True,True
Hambantota,Pumpkin,2024,Maha,287.4,4971.8,710.1808663447799,4971800.0,7000.7518304305895,23,930.8244845730143,5258682.608695652,5647.023071076433,0.7629589445861563,0.9454459167736671,True,True
Hambantota,Pumpkin,2025,Maha,303.0,5131.2,748.7293058541,5131200.0,6853.211113656988,24,921.6310004801712,5246729.166666667,5703.428436049522,0.8123959648319238,0.9779807260872845,True,True
Hambantota,Pumpkin,2001,Yala,60.0,627.0,148.263228882,627000.0,4228.9649613594875,0,,,,,,False,False
Hambantota,Pumpkin,2002,Yala,107.0,1189.0,264.4027581729,1189000.0,4496.9273702601895,1,148.263228882,627000.0,4228.9649613594875,1.7833333333333334,1.8963317384370015,True,True
Hambantota,Pumpkin,2003,Yala,146.0,1712.0,360.7738569462,1712000.0,4745.354928129674,2,206.33299352745001,908000.0,4362.946165809839,1.7485029940119758,1.8854625550660793,True,True
Hambantota,Pumpkin,2004,Yala,256.0,3231.0,632.5897765632,3231000.0,5107.575429931409,3,257.8132813337,1176000.0,4490.415753249784,2.4536741214057507,2.747448979591837,True,True
Hambantota,Pumpkin,2005,Yala,190.0,1944.0,469.500224793,1944000.0,4140.573097397554,4,351.50740514107497,1689750.0,4644.70567242019,1.335676625659051,1.1504660452729694,True,True
Hambantota,Pumpkin,2006,Yala,217.0,2220.0,536.2186777899,2220000.0,4140.1019620391435,5,375.10596907146,1740600.0,4543.879157415662,1.429512516469038,1.275422268183385,True,True
Hambantota,Pumpkin,2007,Yala,217.0,2918.0,536.2186777899,2918000.0,5441.809696049649,6,401.95808719120004,1820500.0,4476.582958186243,1.3340163934426228,1.6028563581433672,True,True
Hambantota,Pumpkin,2008,Yala,179.0,2677.0,442.31863283129996,2677000.0,6052.198124380182,7,421.13817156244284,1977285.7142857143,4614.472492166729,1.0502933780385582,1.3538761650169786,True,True
Hambantota,Pumpkin,2010,Yala,276.0,4414.0,682.0108528572,4414000.0,6472.0377711118435,8,423.78572922104996,2064750.0,4794.188196193411,1.60932944606414,2.137789078580942,True,True
Hambantota,Pumpkin,2011,Yala,260.0,4449.0,642.473991822,4449000.0,6924.793931942716,9,452.4774096250666,2325777.777777778,4980.615926739903,1.4199029126213594,1.912908465507357,True,True
Hambantota,Pumpkin,2012,Yala,229.0,3859.0,565.8713235663,3859000.0,6819.571586839498,10,471.47706784476,2538100.0,5175.033727260185,1.2002096436058702,1.520428667113195,True,True
Hambantota,Pumpkin,2013,Yala,293.0,3972.0,724.0187677071,3972000.0,5486.045634671811,11,480.0583638194455,2658181.8181818184,5324.5371690401225,1.5081890500701918,1.4942544459644322,True,True
Hambantota,Pumpkin,2014,Yala,190.0,2810.0,469.500224793,2810000.0,5985.087656217658,12,500.38839747675,2767666.6666666665,5337.996207842763,0.9382716049382716,1.0152956762615923,True,True
Hambantota,Pumpkin,2015,Yala,169.0,2974.0,417.6080946843,2974000.0,7121.509467502685,13,498.0123841933846,2770923.076923077,5387.772473102371,0.8385496183206107,1.0732885458886237,True,True
Hambantota,Pumpkin,2016,Yala,133.0,1834.0,328.65015735509996,1834000.0,5580.4020139823015,14,492.26922065702144,2785428.5714285714,5511.61082984525,0.6676228038723556,0.658426505282593,True,True
Hambantota,Pumpkin,2017,Yala,128.0,2069.0,316.2948882816,2069000.0,6541.364013944962,15,481.36128310355997,2722000.0,5516.1969087877205,0.6570841889117043,0.7601028655400441,True,True
Hambantota,Pumpkin,2018,Yala,208.0,3494.0,513.9791934576,3494000.0,6797.940547934326,16,471.0446334271875,2681187.5,5580.269852860048,1.0911475409836067,1.3031539196717872,True,True
Hambantota,Pumpkin,2019,Yala,243.0,4068.0,600.4660769720999,4068000.0,6774.7374181622845,17,473.5701957819177,2729000.0,5651.897540805593,1.267955801104972,1.4906559179186516,True,True
Hambantota,Pumpkin,2020,Yala,240.3,3507.4,593.79423167241,3507400.0,5906.759973267972,18,480.61996695914996,2803388.888888889,5714.277533992076,1.2354755784061697,1.2511285943600008,True,True
Hambantota,Pumpkin,2021,Yala,321.0,5382.7,793.2082745186999,5382700.0,6785.985689907352,19,486.57650720721625,2840442.1052631577,5724.408188690807,1.6301820222917167,1.8950219017054426,True,True
Hambantota,Pumpkin,2022,Yala,224.4,3783.1000000000004,554.50447601868,3783100.0000000005,6822.487759093502,20,501.90809557279044,2967555.0,5777.487063751634,1.1047928513403737,1.274820517227145,True,True
Hambantota,Pumpkin,2023,Yala,220.2,3651.4,544.12604999694,3651400.0,6710.577448038987,21,504.41268511783284,3006390.476190476,5827.249001625057,1.0787318916649171,1.214546157233322,True,True
Hambantota,Pumpkin,2024,Yala,258.1,4186.3,637.77898957407,4186300.0,6563.872545873219,22,506.21783806688313,3035709.090909091,5867.400294643872,1.2598903902904437,1.3790188304065547,True,True
Hambantota,Pumpkin,2025,Yala,240.89999999999998,2688.6,595.2768639612299,2688600.0,4516.553830278052,23,511.937888132413,3085734.782608696,5897.681696871235,1.1627911857292759,0.871299767936324,True,True
Matara,Bandakka,2001,Maha,101.0,453.0,249.57643528469998,453000.0,1815.075207253634,0,,,,,,False,False
Matara,Bandakka,2002,Maha,100.0,417.0,247.10538147,417000.0,1687.5391281214415,1,249.57643528469998,453000.0,1815.075207253634,0.9900990099009902,0.9205298013245033,True,True
Matara,Bandakka,2003,Maha,95.0,395.0,234.7501123965,395000.0,1682.640301925961,2,248.34090837735,435000.0,1751.307167687538,0.945273631840796,0.9080459770114943,True,True
Matara,Bandakka,2004,Maha,69.0,339.0,170.5027132143,339000.0,1988.2381553302355,3,243.8106430504,421666.6666666667,1728.4182124336787,0.6993243243243243,0.8039525691699604,True,True
Matara,Bandakka,2005,Maha,60.0,295.0,148.263228882,295000.0,1989.7044076571754,4,225.48366059137498,401000.0,1793.373198157818,0.6575342465753424,0.7356608478802993,True,True
Matara,Bandakka,2006,Maha,62.0,309.0,153.2053365114,309000.0,2016.9010233987988,5,210.0395742495,379800.0,1832.6394400576894,0.7294117647058823,0.8135860979462876,True,True
Matara,Bandakka,2007,Maha,58.0,257.0,143.3211212526,257000.0,1793.1760354221883,6,200.56720129315,368000.0,1863.3497039478743,0.7145790554414785,0.6983695652173914,True,True
Matara,Bandakka,2008,Maha,139.0,443.0,343.4764802433,443000.0,1289.7535216565716,7,192.38918985878573,352142.85714285716,1853.3248941584905,1.785321100917431,1.2580121703853955,True,True
Matara,Bandakka,2009,Maha,121.0,647.0,298.99751157869997,647000.0,2163.897607655177,8,211.27510115684998,363500.0,1782.8784725957507,1.4152046783625731,1.779917469050894,True,True
Matara,Bandakka,2010,Maha,124.0,807.0,306.4106730228,807000.0,2633.7202684188196,9,221.02203564816668,395000.0,1825.2139320467982,1.386335403726708,2.043037974683544,True,True
Matara,Bandakka,2011,Maha,128.0,617.0,316.2948882816,617000.0,1950.7112598376227,10,229.56089938563,436200.0,1906.0645656840002,1.3778256189451021,1.4144887666208161,True,True
Matara,Bandakka,2012,Maha,144.0,659.0,355.83174931679997,659000.0,1851.998876618755,11,237.4458074670818,452636.36363636365,1910.1233560616022,1.4985808893093662,1.4559148423378188,True,True
Matara,Bandakka,2013,Maha,151.0,692.0,373.1291260197,692000.0,1854.585857131573,12,247.31130262122497,469833.3333333333,1905.279649441365,1.508742714404663,1.4728627172756297,True,True
Matara,Bandakka,2014,Maha,128.0,761.0,316.2948882816,761000.0,2405.9826073524,13,256.9895967288,486923.07692307694,1901.3801269559965,1.2307692307692306,1.5628751974723538,True,True
Matara,Bandakka,2015,Maha,116.0,621.0,286.6422425052,621000.0,2166.4636536910098,14,261.2256889825714,506500.0,1937.4231612700253,1.0972972972972974,1.2260612043435342,True,True
Matara,Bandakka,2016,Maha,77.0,456.0,190.2711437319,456000.0,2396.5799072639365,15,262.92012588408,514133.3333333333,1952.6925274314242,0.7236842105263158,0.8869294605809129,True,True
Matara,Bandakka,2017,Maha,92.0,636.0,227.33695095239997,636000.0,2797.6094398009513,16,258.37956449956874,510500.0,1980.4354886709561,0.8798565451285115,1.2458374142997062,True,True
Matara,Bandakka,2018,Maha,80.0,538.0,197.68430517599998,538000.0,2721.5109440327806,17,256.5535284085588,517882.35294117645,2028.5045446197794,0.7705382436260623,1.038845979100409,True,True
Matara,Bandakka,2019,Maha,79.0,583.0,195.2132513613,583000.0,2986.4775876356143,18,253.28301600675,519000.0,2067.0049001427237,0.7707317073170732,1.1233140655105973,True,True
Matara,Bandakka,2020,Maha,85.0,842.0,210.0395742495,842000.0,4008.768361907896,19,250.2267126043579,522368.4210526316,2115.398199484455,0.8393970893970893,1.611889168765743,True,True
Matara,Bandakka,2021,Maha,79.3,661.0,195.95456750570997,661000.0,3373.2308892505857,20,248.21735568661498,538350.0,2210.066707605627,0.7894474863115978,1.2278257639082382,True,True
Matara,Bandakka,2022,Maha,73.8,605.3,182.36377152485997,605300.0,3319.1899626702175,21,245.7286514875243,544190.4761904762,2265.455478160149,0.7421347507542018,1.112294364718236,True,True
Matara,Bandakka,2023,Maha,70.6,637.1,174.45639931781997,637100.0,3651.915335242867,22,242.84842967103953,546968.1818181818,2313.3525001833336,0.7183756533000323,1.1647843899844599,True,True
Matara,Bandakka,2024,Maha,65.2,584.7,161.11270871844,584700.0,3629.136426610639,23,239.87486313394302,550886.9565217391,2371.550884316357,0.6716531553724191,1.0613792776865765,True,True
Matara,Bandakka,2025,Maha,62.1,438.5,153.45244189286998,438500.0,2857.5628682802635,24,236.59310669996373,552295.8333333334,2423.950281911952,0.6485921928717525,0.7939585518027023,True,True
Matara,Bandakka,2001,Yala,81.0,358.0,200.1553589907,358000.0,1788.610616299482,0,,,,,,False,False
Matara,Bandakka,2002,Yala,77.0,265.0,190.2711437319,265000.0,1392.7492882125946,1,200.1553589907,358000.0,1788.610616299482,0.9506172839506173,0.7402234636871509,True,True
Matara,Bandakka,2003,Yala,85.0,386.0,210.0395742495,386000.0,1837.748916504095,2,195.2132513613,311500.0,1590.6799522560382,1.0759493670886076,1.2391653290529696,True,True
Matara,Bandakka,2004,Yala,102.0,516.0,252.0474890994,516000.0,2047.233248955339,3,200.15535899069997,336333.3333333333,1673.0362736720572,1.2592592592592595,1.5341922695738355,True,True
Matara,Bandakka,2005,Yala,75.0,394.0,185.3290361025,394000.0,2125.9485738764124,4,213.128391517875,381250.0,1766.5855174928777,0.8695652173913043,1.0334426229508196,True,True
Matara,Bandakka,2006,Yala,74.0,389.0,182.85798228779998,389000.0,2127.333984183164,5,207.56852043479998,383800.0,1838.4581287695844,0.8809523809523809,1.013548723293382,True,True
Matara,Bandakka,2007,Yala,67.0,342.0,165.5606055849,342000.0,2065.7088006640643,6,203.4500974103,384666.6666666667,1886.6041046718476,0.8137651821862348,0.8890814558058925,True,True
Matara,Bandakka,2008,Yala,82.0,417.0,202.62641280539998,417000.0,2057.974546489563,7,198.0373128638143,378571.4285714286,1912.1904898135929,1.0231729055258465,1.1015094339622642,True,True
Matara,Bandakka,2010,Yala,77.0,543.0,190.2711437319,543000.0,2853.822126412977,8,198.6109503565125,383375.0,1930.4134968980893,0.9580093312597201,1.4163677861102053,True,True
Matara,Bandakka,2011,Yala,118.0,601.0,291.58435013459996,601000.0,2061.1531439275423,9,197.684305176,401111.1111111111,2033.0144557330766,1.4749999999999996,1.4983379501385041,True,True
Matara,Bandakka,2012,Yala,113.0,1595.0,279.2290810611,1595000.0,5712.155746596421,10,207.07430967186002,421100.0,2035.828324552523,1.348448687350835,3.787698883875564,True,True
Matara,Bandakka,2013,Yala,129.0,1330.0,318.76594209629997,1330000.0,4172.340342426556,11,213.6338343436091,527818.1818181818,2370.0399083746956,1.4921135646687695,2.5198070961074754,True,True
Matara,Bandakka,2014,Yala,123.0,1029.0,303.9396192081,1029000.0,3385.5408606518945,12,222.394843323,594666.6666666666,2520.231611212351,1.3666666666666667,1.7303811659192827,True,True
Matara,Bandakka,2015,Yala,100.0,659.0,247.10538147,659000.0,2666.878382331007,13,228.6675183910846,628076.9230769231,2586.793861169239,1.0806317539484622,1.049234537660747,True,True
Matara,Bandakka,2016,Yala,96.0,1041.0,237.2211662112,1041000.0,4388.3099329896595,14,229.98450861100713,630285.7142857143,2592.514184109365,1.0314658480429777,1.6516319129646417,True,True
Matara,Bandakka,2017,Yala,73.0,503.0,180.3869284731,503000.0,2788.4503841696564,15,230.46695245101998,657666.6666666666,2712.2339007013848,0.7827019299499643,0.7648251393816523,True,True
Matara,Bandakka,2018,Yala,69.0,518.0,170.5027132143,518000.0,3038.0748214190617,16,227.3369509524,648000.0,2716.9974309181516,0.75,0.7993827160493827,True,True
Matara,Bandakka,2019,Yala,54.0,595.0,133.4369059938,595000.0,4459.036243148848,17,223.99376049721764,640352.9411764706,2735.8843362417347,0.5957170668397145,0.9291750872680506,True,True
Matara,Bandakka,2020,Yala,71.0,603.5,175.4448208437,603500.0,3439.82795900054,18,218.96282413591666,637833.3333333334,2831.6149977365744,0.8012539184952978,0.9461719362424875,True,True
Matara,Bandakka,2021,Yala,70.2,596.8,173.46797779194,596800.0,3440.4044342743796,19,216.67240291001053,636026.3157894737,2863.6262062241517,0.8006002400960384,0.9383259547354048,True,True
Matara,Bandakka,2022,Yala,77.0,654.1,190.2711437319,654100.0,3437.725695923993,20,214.512181654107,634065.0,2892.4651176266625,0.886994585877203,1.0315977068597069,True,True
Matara,Bandakka,2023,Yala,61.6,601.8,152.21691498552,601800.0,3953.5684983317897,21,213.35784651495428,635019.0476190476,2918.429907069393,0.71343481138319,0.9476881083432068,True,True
Matara,Bandakka,2024,Yala,51.7,188.7,127.75348221999,188700.0,1477.0634562826303,22,210.57871326361635,633509.0909090909,2965.4816612176837,0.6066780456582036,0.2978647074017737,True,True
Matara,Bandakka,2025,Yala,59.2,532.8,146.28638583024,532800.0,3642.170780118219,23,206.97761626171956,614169.5652173914,2900.7678262205072,0.706773942382559,0.8675128664368287,True,True
Matara,Brinjal,2001,Maha,91.0,518.0,224.8658971377,518000.0,2303.5951942628053,0,,,,,,False,False
Matara,Brinjal,2002,Maha,99.0,545.0,244.63432765529998,545000.0,2227.814899174444,1,224.8658971377,518000.0,2303.5951942628053,1.0879120879120878,1.0521235521235521,True,True
Matara,Brinjal,2003,Maha,91.0,486.0,224.8658971377,486000.0,2161.2881552349872,2,234.7501123965,531500.0,2265.7050467186245,0.9578947368421052,0.9143932267168391,True,True
Matara,Brinjal,2004,Maha,74.0,467.0,182.85798228779998,467000.0,2553.8945259988113,3,231.45537397689998,516333.3333333333,2230.899416224079,0.7900355871886121,0.9044544867656553,True,True
Matara,Brinjal,2005,Maha,63.0,360.0,155.67639032609998,360000.0,2312.489384202044,4,219.306026054625,504000.0,2311.648193667762,0.7098591549295774,0.7142857142857143,True,True
Matara,Brinjal,2006,Maha,71.0,404.0,175.4448208437,404000.0,2302.718302296965,5,206.58009890891998,475200.0,2311.8164317746186,0.8492822966507177,0.8501683501683501,True,True
Matara,Brinjal,2007,Maha,69.0,298.0,170.5027132143,298000.0,1747.7727737121245,6,201.39088589805,463333.3333333333,2310.300076861676,0.8466257668711658,0.6431654676258993,True,True
Matara,Brinjal,2008,Maha,181.0,739.0,447.2607404607,739000.0,1652.2800531045818,7,196.9782898003714,439714.28571428574,2229.9390335545972,2.270609318996416,1.680636777128005,True,True
Matara,Brinjal,2009,Maha,151.0,934.0,373.1291260197,934000.0,2503.1548996544643,8,228.26359613291248,477125.0,2157.7316609983454,1.634641407307172,1.95755829185224,True,True
Matara,Brinjal,2010,Maha,162.0,1447.0,400.3107179814,1447000.0,3614.6921253985342,9,244.35976612033332,527888.8888888889,2196.112020849025,1.6382022471910114,2.7411071353399286,True,True
Matara,Brinjal,2011,Maha,163.0,1594.0,402.7817717961,1594000.0,3957.477998301596,10,259.95486130643997,619800.0,2337.970031303976,1.549429657794677,2.5717973539851564,True,True
Matara,Brinjal,2012,Maha,195.0,1839.0,481.85549386649996,1839000.0,3816.4969029272966,11,272.9391258964091,708363.6363636364,2485.1980283037597,1.7654320987654317,2.5961242299794662,True,True
Matara,Brinjal,2013,Maha,231.0,2073.0,570.8134311957,2073000.0,3631.6594647354823,12,290.34882322724997,802583.3333333334,2596.1396011890542,1.9659574468085108,2.5829093552071436,True,True
Matara,Brinjal,2014,Maha,178.0,1516.0,439.8475790166,1516000.0,3446.648503532597,13,311.9230238402077,900307.6923076923,2675.7949753080106,1.4101157830591102,1.6838687628161313,True,True
Matara,Brinjal,2015,Maha,166.0,1690.0,410.1949332402,1690000.0,4119.9923817937015,14,321.06049206709287,944285.7142857143,2730.855941609767,1.2776250687190764,1.7897125567322238,True,True
Matara,Brinjal,2016,Maha,112.0,1208.0,276.7580272464,1208000.0,4364.823712681358,15,327.0027881453,994000.0,2823.4650376220293,0.8463476070528968,1.215291750503018,True,True
Matara,Brinjal,2017,Maha,127.0,1391.0,313.8238344669,1391000.0,4432.423057869154,16,323.86249058911875,1007375.0,2919.799954813237,0.9690033381020505,1.3808164784712744,True,True
Matara,Brinjal,2018,Maha,130.0,1425.0,321.236995911,1425000.0,4435.977232195267,17,323.2719814054588,1029941.1764705882,3008.777784404762,0.9937050359712231,1.3835741618596151,True,True
Matara,Brinjal,2019,Maha,108.0,1194.0,266.8738119876,1194000.0,4474.024600268676,18,323.15892665576666,1051888.888888889,3088.0666426153452,0.8258283772302464,1.1351008767296924,True,True
Matara,Brinjal,2020,Maha,96.0,1140.0,237.2211662112,1140000.0,4805.642001544872,19,320.19655219954734,1059368.4210526317,3161.01179828131,0.7408610885458977,1.0761128775834656,True,True
Matara,Brinjal,2021,Maha,107.4,830.5999999999999,265.39117969878,830599.9999999999,3129.719687529684,20,316.04778290013,1063400.0,3243.2433084444883,0.8397185301016418,0.7810795561406807,True,True
Matara,Brinjal,2022,Maha,105.2,811.2,259.95486130643997,811200.0,3120.5417583775875,21,313.6355637000657,1052314.2857142857,3237.8374217342594,0.82884370075786,0.7708723629551194,True,True
Matara,Brinjal,2023,Maha,96.3,934.4000000000001,237.96248235560998,934400.0000000001,3926.669409187106,22,311.1955317730827,1041354.5454545454,3232.5058006725926,0.7646719122211796,0.8972928615701579,True,True
Matara,Brinjal,2024,Maha,87.9,866.6,217.20563031213,866600.0,3989.7676628118425,23,308.0114861462361,1036704.3478260869,3262.6868271297453,0.7051867871219785,0.8359181687789903,True,True
Matara,Brinjal,2025,Maha,91.6,743.4,226.34852942651997,743400.0,3284.3155724646826,24,304.227908819815,1029616.6666666666,3292.981861949833,0.7440097468525787,0.7220162843776811,True,True
Matara,Brinjal,2001,Yala,80.0,419.0,197.68430517599998,419000.0,2119.541051207686,0,,,,,,False,False
Matara,Brinjal,2002,Yala,77.0,384.0,190.2711437319,384000.0,2018.1725534854202,1,197.68430517599998,419000.0,2119.541051207686,0.9625,0.9164677804295943,True,True
Matara,Brinjal,2003,Yala,74.0,372.0,182.85798228779998,372000.0,2034.3656609669333,2,193.97772445394997,401500.0,2068.856802346553,0.9426751592356688,0.9265255292652553,True,True
Matara,Brinjal,2004,Yala,87.0,475.0,214.9816818789,475000.0,2209.49057542293,3,190.2711437319,391666.6666666667,2057.359755220013,1.12987012987013,1.2127659574468084,True,True
Matara,Brinjal,2005,Yala,78.0,422.0,192.74219754659998,422000.0,2189.453090042576,4,196.44877826865,412500.0,2095.3924602707425,0.9811320754716981,1.023030303030303,True,True
Matara,Brinjal,2006,Yala,75.0,406.0,185.3290361025,406000.0,2190.6982766340693,5,195.70746212423998,414400.0,2114.2045862251093,0.946969696969697,0.9797297297297297,True,True
Matara,Brinjal,2007,Yala,61.0,351.0,150.73428269669998,351000.0,2328.6009905673864,6,193.97772445395,413000.0,2126.9535346266025,0.7770700636942673,0.8498789346246973,True,True
Matara,Brinjal,2008,Yala,108.0,524.0,266.8738119876,524000.0,1963.4747826974763,7,187.80008991719998,404142.85714285716,2155.7603140467145,1.4210526315789473,1.296571226581831,True,True
Matara,Brinjal,2010,Yala,94.0,938.0,232.27905858179997,938000.0,4038.246089540059,8,197.68430517599998,419125.0,2131.7246226280595,1.175,2.2379958246346554,True,True
Matara,Brinjal,2011,Yala,134.0,1300.0,331.1212111698,1300000.0,3926.054738104216,9,201.52816666553332,476777.77777777775,2343.5603411738375,1.6430517711171664,2.726637147518061,True,True
Matara,Brinjal,2012,Yala,128.0,1986.0,316.2948882816,1986000.0,6278.9506678079715,10,214.48747111595998,559100.0,2501.8097808668754,1.4746543778801844,3.552137363620104,True,True
Matara,Brinjal,2013,Yala,150.0,2010.0,370.658072205,2010000.0,5422.787605953793,11,223.7426908582909,688818.1818181818,2845.1862251342477,1.6566265060240963,2.9180414412036426,True,True
Matara,Brinjal,2014,Yala,165.0,1729.0,407.7238794255,1729000.0,4240.615002575354,12,235.98563930384998,798916.6666666666,3059.9863402025435,1.7277486910994766,2.164180661312194,True,True
Matara,Brinjal,2015,Yala,127.0,1480.0,313.8238344669,1480000.0,4716.021657545901,13,249.19627315936154,870461.5384615385,3150.8039296158363,1.2593440122044242,1.7002474372569811,True,True
Matara,Brinjal,2016,Yala,128.0,1521.0,316.2948882816,1521000.0,4808.8036081248365,14,253.81252753847141,914000.0,3262.605195896555,1.2461752433936022,1.6641137855579868,True,True
Matara,Brinjal,2017,Yala,121.0,1226.0,298.99751157869997,1226000.0,4100.368573392963,15,257.97801825467997,954466.6666666666,3365.6850900451072,1.1590038314176245,1.2844869735279738,True,True
Matara,Brinjal,2018,Yala,90.0,955.0,222.39484332299998,955000.0,4294.16431483074,16,260.5417365874312,971437.5,3411.6028077543483,0.8535862477771191,0.9830791996397092,True,True
Matara,Brinjal,2019,Yala,85.0,1227.0,210.0395742495,1227000.0,5841.756270856281,17,258.29780168952357,970470.5882352941,3463.5181905235477,0.8131682611142373,1.264335070917687,True,True
Matara,Brinjal,2020,Yala,97.0,1051.0,239.69222002589999,1051000.0,4384.789793704752,18,255.61678905396664,984722.2222222222,3595.6425283198105,0.937701396348013,1.0673060648801127,True,True
Matara,Brinjal,2021,Yala,96.0,175.10000000000002,237.2211662112,175100.00000000003,738.1297495355327,19,254.77865384196315,988210.5263157894,3637.176594919018,0.9310872894333844,0.1771889646357052,True,True
Matara,Brinjal,2022,Yala,102.60000000000001,997.2,253.53012138822,997200.0,3933.2604526033006,20,253.90077946042499,947555.0,3492.224252649844,0.9985401459854015,1.052392737097055,True,True
Matara,Brinjal,2023,Yala,88.69999999999999,936.6,219.18247336388995,936600.0,4273.151888586653,21,253.88312907603427,949919.0476190476,3513.2259764571513,0.8633203559510566,0.9859787550818867,True,True
Matara,Brinjal,2024,Yala,74.7,299.0,184.58771995809,299000.0,1619.82606463684,22,252.30582654366407,949313.6363636364,3547.768063372129,0.7316030806214664,0.3149644001168308,True,True
Matara,Brinjal,2025,Yala,84.7,1067.0,209.29825810508999,1067000.0,5097.987960627233,23,249.36156103994344,921039.1304347826,3463.944498209725,0.8393364928909953,1.158474124216976,True,True
Matara,Chillies,2001,Maha,88.0,99.0,217.45273569359998,99000.0,455.2713475147774,0,,,,,,False,False
Matara,Chillies,2002,Maha,73.0,74.0,180.3869284731,74000.0,410.2292811700886,1,217.45273569359998,99000.0,455.2713475147774,0.8295454545454546,0.7474747474747475,True,True
Matara,Chillies,2003,Maha,59.0,68.0,145.79217506729998,68000.0,466.4173503729547,2,198.91983208335,86500.0,432.750314342433,0.732919254658385,0.7861271676300579,True,True
Matara,Chillies,2004,Maha,45.0,55.0,111.19742166149999,55000.0,494.6157849543261,3,181.21061307799997,80333.33333333333,443.97265968594024,0.6136363636363636,0.6846473029045643,True,True
Matara,Chillies,2005,Maha,37.0,39.0,91.42899114389999,39000.0,426.5605418156473,4,163.70731522387499,74000.0,456.6334410030367,0.5584905660377358,0.527027027027027,True,True
Matara,Chillies,2006,Maha,44.0,46.0,108.72636784679999,46000.0,423.0804441551467,5,149.25165040788,67000.0,450.61886116555877,0.7284768211920529,0.6865671641791045,True,True
Matara,Chillies,2007,Maha,41.0,39.0,101.31320640269999,39000.0,384.9448791994866,6,142.49743664769997,63500.0,446.02912499715677,0.7109826589595376,0.6141732283464567,True,True
Matara,Chillies,2008,Maha,120.0,198.0,296.526457764,198000.0,667.7313096883402,7,136.61397518412858,60000.0,437.30280416891816,2.1705426356589146,3.3,True,True
Matara,Chillies,2009,Maha,98.0,240.0,242.1632738406,240000.0,991.0668789437331,8,156.60303550661249,77250.0,466.10636735884594,1.5463510848126234,3.1067961165048543,True,True
Matara,Chillies,2010,Maha,105.0,271.0,259.4606505435,271000.0,1044.4743718645898,9,166.1097286548333,95333.33333333333,524.4353130905,1.5619834710743803,2.842657342657343,True,True
Matara,Chillies,2011,Maha,110.0,242.0,271.81591961699996,242000.0,890.308412917787,10,175.4448208437,112900.0,576.439218967909,1.549295774647887,2.1434898139946856,True,True
Matara,Chillies,2012,Maha,130.0,273.0,321.236995911,273000.0,849.839848694251,11,184.2058298230909,124636.36363636363,604.9727820542616,1.7439024390243902,2.190371991247265,True,True
Matara,Chillies,2013,Maha,137.0,287.0,338.53437261389996,287000.0,847.7721118361144,12,195.62509366375,137000.0,625.3783709409273,1.7305263157894735,2.0948905109489053,True,True
Matara,Chillies,2014,Maha,130.0,480.0,321.236995911,480000.0,1494.22390979209,13,206.61811512145383,148538.46153846153,642.4855817790187,1.5547378104875806,3.2314862765406525,True,True
Matara,Chillies,2015,Maha,137.0,413.0,338.53437261389996,413000.0,1219.96474630075,14,214.80517803499285,172214.2857142857,703.3240337799524,1.5760065735414954,2.3981750311074244,True,True
Matara,Chillies,2016,Maha,113.0,490.0,279.2290810611,490000.0,1754.8315459763298,15,223.05379100692,188266.66666666666,737.7667479480056,1.2518463810930576,2.6026912181303117,True,True
Matara,Chillies,2017,Maha,106.0,379.0,261.93170435819997,379000.0,1446.9420604452885,16,226.56474663530622,207125.0,801.3332978247757,1.156100886162236,1.8298129149064575,True,True
Matara,Chillies,2018,Maha,111.0,408.0,274.2869734317,408000.0,1487.493171459693,17,228.64515591312352,217235.29411764705,839.3102838612766,1.199618563254927,1.8781478472786353,True,True
Matara,Chillies,2019,Maha,99.0,528.0,244.63432765529998,528000.0,2158.323425255241,18,231.18081244193334,227833.33333333334,875.3204442834108,1.0581947743467932,2.3174835405998535,True,True
Matara,Chillies,2020,Maha,92.0,442.0,227.33695095239997,442000.0,1944.2505855220447,19,231.88889219000527,243631.57894736843,942.8469169661388,0.9803701626472237,1.8142147332037157,True,True
Matara,Chillies,2021,Maha,99.2,404.0,245.12853841824,404000.0,1648.114913942384,20,231.661295128125,253550.0,992.917100393934,1.0581333333333334,1.5933740879510945,True,True
Matara,Chillies,2022,Maha,100.8,413.3,249.08222452175997,413300.0,1659.2914279352515,21,232.30259242765428,260714.2857142857,1024.1169962771935,1.0722317900921892,1.5852602739726027,True,True
Matara,Chillies,2023,Maha,97.4,384.2,240.68064155178,384200.0,1596.306198632694,22,233.06530297738635,267650.0,1052.9885613525598,1.032674698795181,1.435456753222492,True,True
Matara,Chillies,2024,Maha,88.5,348.1,218.68826260095,348100.0,1591.76352612574,23,233.3964046545339,272717.39130434784,1076.6110673212613,0.9369821395691401,1.276412913511359,True,True
Matara,Chillies,2025,Maha,94.7,390.7,234.00879625208998,390700.0,1669.5953581980386,24,232.78356540230126,275858.3333333333,1098.0757531047814,1.0052633906851252,1.416306679152947,True,True
Matara,Chillies,2001,Yala,84.0,97.0,207.56852043479998,97000.0,467.3155630574964,0,,,,,,False,False
Matara,Chillies,2002,Yala,72.0,91.0,177.91587465839999,91000.0,511.47768671413263,1,207.56852043479998,97000.0,467.3155630574964,0.8571428571428572,0.9381443298969072,True,True
Matara,Chillies,2003,Yala,53.0,66.0,130.96585217909998,66000.0,503.94815825535113,2,192.74219754659998,94000.0,489.3966248858145,0.6794871794871795,0.7021276595744681,True,True
Matara,Chillies,2004,Yala,58.0,69.0,143.3211212526,69000.0,481.436367486891,3,172.1500824241,84666.66666666667,494.2471360089933,0.8325358851674641,0.8149606299212598,True,True
Matara,Chillies,2005,Yala,53.0,65.0,130.96585217909998,65000.0,496.312580099967,4,164.94284213122498,80750.0,491.0444438784678,0.7940074906367042,0.804953560371517,True,True
Matara,Chillies,2006,Yala,53.0,65.0,130.96585217909998,65000.0,496.312580099967,5,158.1474441408,77600.0,492.0980711227677,0.8281249999999999,0.8376288659793815,True,True
Matara,Chillies,2007,Yala,43.0,83.0,106.25531403209999,83000.0,781.1374024542952,6,153.61717881385,75500.0,492.8004892856342,0.6916890080428955,1.099337748344371,True,True
Matara,Chillies,2008,Yala,73.0,94.0,180.3869284731,94000.0,521.1020598647071,7,146.85119813074286,76571.42857142857,533.9914768811572,1.2283653846153846,1.2276119402985075,True,True
Matara,Chillies,2010,Yala,77.0,194.0,190.2711437319,194000.0,1019.5975921254466,8,151.0431644235375,78750.0,532.380299754101,1.259713701431493,2.4634920634920636,True,True
Matara,Chillies,2011,Yala,100.0,284.0,247.10538147,284000.0,1149.3072239484159,9,155.4018287911333,91555.55555555556,586.5155544620283,1.590106007067138,3.1019417475728153,True,True
Matara,Chillies,2012,Yala,94.0,635.0,232.27905858179997,635000.0,2733.780668292044,10,164.57218405902,110800.0,642.794721410667,1.4114114114114111,5.731046931407942,True,True
Matara,Chillies,2013,Yala,118.0,591.0,291.58435013459996,591000.0,2026.8577505177661,11,170.7273544701818,158454.54545454544,832.8843529453377,1.7078947368421051,3.7297762478485375,True,True
Matara,Chillies,2014,Yala,118.0,591.0,291.58435013459996,591000.0,2026.8577505177661,12,180.79877077555,194500.0,932.3821360763733,1.6127562642369018,3.038560411311054,True,True
Matara,Chillies,2015,Yala,134.0,374.0,331.1212111698,374000.0,1129.4957477315206,13,189.32073841855384,225000.0,1016.5725679564805,1.748995983935743,1.6622222222222223,True,True
Matara,Chillies,2016,Yala,86.0,407.0,212.51062806419998,407000.0,1915.1983301138441,14,199.44934361507143,235642.85714285713,1024.6385093689835,1.0654867256637166,1.7271900575932102,True,True
Matara,Chillies,2017,Yala,97.0,334.0,239.69222002589999,334000.0,1393.4536547073142,15,200.32009591167997,247066.66666666666,1084.0091640853075,1.196546052631579,1.3518618456556935,True,True
Matara,Chillies,2018,Yala,93.0,340.0,229.8080047671,340000.0,1479.4958963443185,16,202.78085366881874,252500.0,1103.3494447491828,1.1332825590251332,1.3465346534653466,True,True
Matara,Chillies,2019,Yala,98.0,342.0,242.1632738406,342000.0,1412.2703024948196,17,204.37068608636469,257647.0588235294,1125.4757066077202,1.1849217638691325,1.3273972602739728,True,True
Matara,Chillies,2020,Yala,117.0,409.5,289.1132963199,409500.0,1416.399747823752,18,206.47027429493332,262333.3333333333,1141.408739712559,1.4002659574468084,1.5609911054637866,True,True
Matara,Chillies,2021,Yala,104.6,366.2,258.47222901761995,366200.0,1416.7866365830594,19,210.81990703308946,270078.94736842107,1155.8819506657799,1.226033312769895,1.355899834356426,True,True
Matara,Chillies,2022,Yala,108.1,376.6,267.12091736906996,376600.0,1409.8484076395534,20,213.202523132316,274885.0,1168.927184961644,1.2528975428836344,1.3700274660312495,True,True
Matara,Chillies,2023,Yala,84.6,333.7,209.05115272361996,333700.0,1596.260033261689,21,215.77006571501855,279728.5714285714,1180.3996241367822,0.9688607732998854,1.1929421377866298,True,True
Matara,Chillies,2024,Yala,70.1,277.9,173.22087241046998,277900.0,1604.3101280628518,22,215.4646605790459,282181.8181818182,1199.3023700060962,0.8039409894177135,0.984826030927835,True,True
Matara,Chillies,2025,Yala,81.4,325.6,201.14378051658,325600.0,1618.7425689414308,23,213.62797413693391,281995.652173913,1216.9114029650857,0.9415610541138604,1.1546277309240045,True,True
Matara,Corn,2003,Maha,6.0,6.0,14.8263228882,6000.0,404.68564223535765,0,,,,,,False,False
Matara,Corn,2004,Maha,1.0,1.0,2.4710538147,1000.0,404.6856422353577,1,14.8263228882,6000.0,404.68564223535765,0.16666666666666666,0.16666666666666666,True,True
Matara,Corn,2005,Maha,1.0,1.0,2.4710538147,1000.0,404.6856422353577,2,8.64868835145,3500.0,404.6856422353577,0.2857142857142857,0.2857142857142857,True,True
Matara,Corn,2006,Maha,1.0,1.0,2.4710538147,1000.0,404.6856422353577,3,6.5894768392,2666.6666666666665,404.68564223535765,0.375,0.375,True,True
Matara,Corn,2007,Maha,1.0,2.0,2.4710538147,2000.0,809.3712844707154,4,5.5598710830749996,2250.0,404.6856422353577,0.4444444444444445,0.8888888888888888,True,True
Matara,Corn,2008,Maha,7.0,11.0,17.2973767029,11000.0,635.9345806555621,5,4.942107629400001,2200.0,485.6227706824292,3.4999999999999996,5.0,True,True
Matara,Corn,2009,Maha,6.0,9.0,14.8263228882,9000.0,607.0284633530365,6,7.00131914165,3666.6666666666665,510.67473901128466,2.1176470588235294,2.4545454545454546,True,True
Matara,Corn,2010,Maha,4.0,16.0,9.8842152588,16000.0,1618.7425689414308,7,8.11917681972857,4428.571428571428,524.4395567743921,1.2173913043478262,3.6129032258064515,True,True
Matara,Corn,2011,Maha,8.0,10.0,19.7684305176,10000.0,505.8570527941971,8,8.3398066246125,5875.0,661.2274332952719,2.3703703703703702,1.702127659574468,True,True
Matara,Corn,2012,Maha,8.0,9.0,19.7684305176,9000.0,455.2713475147774,9,9.609653723833333,6333.333333333333,643.9640576840414,2.0571428571428574,1.4210526315789473,True,True
Matara,Corn,2013,Maha,8.0,10.0,19.7684305176,10000.0,505.8570527941971,10,10.62553140321,6600.0,625.094786667115,1.8604651162790697,1.5151515151515151,True,True
Matara,Corn,2014,Maha,6.0,26.0,14.8263228882,26000.0,1753.6377830198833,11,11.456704049972727,6909.090909090909,614.2549926786679,1.2941176470588236,3.763157894736842,True,True
Matara,Corn,2015,Maha,3.0,5.0,7.4131614441,5000.0,674.4760703922627,12,11.737505619825,8500.0,709.2035585404359,0.631578947368421,0.5882352941176471,True,True
Matara,Corn,2016,Maha,3.0,8.0,7.4131614441,8000.0,1079.1617126276205,13,11.404863760153846,8230.76923076923,706.5322132982686,0.65,0.9719626168224299,True,True
Matara,Corn,2017,Maha,2.0,4.0,4.9421076294,4000.0,809.3712844707154,14,11.11974216615,8214.285714285714,733.1486061075082,0.44444444444444436,0.48695652173913045,True,True
Matara,Corn,2018,Maha,6.0,9.0,14.8263228882,9000.0,607.0284633530365,15,10.7078998637,7933.333333333333,738.2301179983886,1.3846153846153846,1.134453781512605,True,True
Matara,Corn,2019,Maha,2.0,6.0,4.9421076294,6000.0,1214.056926706073,16,10.96530130273125,8000.0,730.0300145830541,0.45070422535211263,0.75,True,True
Matara,Corn,2020,Maha,2.0,7.0,4.9421076294,7000.0,1416.399747823752,17,10.610995792535293,7882.35294117647,758.5021858844082,0.4657534246575343,0.8880597014925373,True,True
Matara,Corn,2021,Maha,4.0,11.3,9.8842152588,11300.0,1143.2369393148854,18,10.29605756125,7833.333333333333,795.052050436594,0.9599999999999999,1.4425531914893617,True,True
Matara,Corn,2022,Maha,3.0,8.9,7.4131614441,8900.0,1200.5674052982276,19,10.274381650594737,8015.789473684211,813.3775709038724,0.7215189873417721,1.1103086014445174,True,True
Matara,Corn,2023,Maha,7.8,23.1,19.27421975466,23100.0,1198.4920943124055,20,10.13132064027,8060.0,832.7370626235901,1.9024390243902438,2.866004962779156,True,True
Matara,Corn,2024,Maha,10.7,47.0,26.440275817289997,47000.0,1777.5911387908236,21,10.566696788574285,8776.190476190477,850.1539688944862,2.502227171492205,5.355398806294085,True,True
Matara,Corn,2025,Maha,7.4,56.8,18.28579822878,56800.0,3106.235740401124,22,11.288223108061363,10513.636363636364,892.3102038897742,1.6199004975124378,5.40250756593169,True,True
Matara,Corn,2003,Yala,1.0,1.0,2.4710538147,1000.0,404.6856422353577,0,,,,,,False,False
Matara,Corn,2004,Yala,3.0,3.0,7.4131614441,3000.0,404.68564223535765,1,2.4710538147,1000.0,404.6856422353577,3.0,3.0,True,True
Matara,Corn,2005,Yala,1.0,2.0,2.4710538147,2000.0,809.3712844707154,2,4.9421076294,2000.0,404.6856422353577,0.5,1.0,True,True
Matara,Corn,2007,Yala,1.0,1.0,2.4710538147,1000.0,404.6856422353577,3,4.1184230245,2000.0,539.5808563138103,0.6,0.5,True,True
Matara,Corn,2008,Yala,2.0,3.0,4.9421076294,3000.0,607.0284633530365,4,3.70658072205,1750.0,505.8570527941971,1.3333333333333333,1.7142857142857142,True,True
Matara,Corn,2010,Yala,2.0,3.0,4.9421076294,3000.0,607.0284633530365,5,3.95368610352,2000.0,526.0913349059649,1.25,1.5,True,True
Matara,Corn,2011,Yala,3.0,4.0,7.4131614441,4000.0,539.5808563138103,6,4.118423024499999,2166.6666666666665,539.5808563138103,1.8000000000000003,1.8461538461538463,True,True
Matara,Corn,2012,Yala,2.0,3.0,4.9421076294,3000.0,607.0284633530365,7,4.589099941585714,2428.5714285714284,539.5808563138103,1.0769230769230769,1.2352941176470589,True,True
Matara,Corn,2013,Yala,5.0,10.0,12.355269073499999,10000.0,809.3712844707154,8,4.6332259025625,2500.0,548.0118071937135,2.6666666666666665,4.0,True,True
Matara,Corn,2014,Yala,2.0,0.0,4.9421076294,0.0,0.0,9,5.491230699333332,3333.3333333333335,577.0517491133804,0.9000000000000001,0.0,True,True
Matara,Corn,2015,Yala,1.0,2.0,2.4710538147,2000.0,809.3712844707154,10,5.43631839234,3000.0,519.3465742020423,0.45454545454545453,0.6666666666666666,True,True
Matara,Corn,2016,Yala,1.0,1.0,2.4710538147,1000.0,404.6856422353577,11,5.166748885281819,2909.090909090909,545.7124569537399,0.4782608695652173,0.34375,True,True
Matara,Corn,2017,Yala,4.0,10.0,9.8842152588,10000.0,1011.7141055883942,12,4.9421076294,2750.0,533.9602223938747,2.0,3.6363636363636362,True,True
Matara,Corn,2018,Yala,2.0,4.0,4.9421076294,4000.0,809.3712844707154,13,5.322269754738461,3307.6923076923076,570.7105211011454,0.9285714285714285,1.2093023255813953,True,True
Matara,Corn,2019,Yala,2.0,6.0,4.9421076294,6000.0,1214.056926706073,14,5.295115317214285,3357.1428571428573,587.7577184846862,0.9333333333333333,1.7872340425531914,True,True
Matara,Corn,2020,Yala,6.0,16.8,14.8263228882,16800.0,1133.1197982590015,15,5.271581471359999,3533.3333333333335,629.5109990327786,2.8125000000000004,4.754716981132075,True,True
Matara,Corn,2021,Yala,4.3,11.9,10.62553140321,11900.0,1119.9439866513387,16,5.8687528099124995,4362.5,660.9865489844176,1.8105263157894738,2.7277936962750715,True,True
Matara,Corn,2022,Yala,3.2,9.0,7.90737220704,9000.0,1138.1783687869436,17,6.148563315400588,4805.882352941177,687.9840453177659,1.2860520094562649,1.872705018359853,True,True
Matara,Corn,2023,Yala,8.0,28.2,19.7684305176,28200.0,1426.5168888796359,18,6.2462749204916665,5038.888888888889,712.9948410660535,3.1648351648351647,5.596471885336274,True,True
Matara,Corn,2024,Yala,4.9,5.8,12.10816369203,5800.0,479.01565815613765,19,6.957967320339474,6257.894736842105,750.548633056242,1.7401869158878505,0.926829268292683,True,True
Matara,Corn,2025,Yala,4.8,16.3,11.861058310559999,16300.0,1374.2449934242356,20,7.215477138923999,6235.0,736.9719843112368,1.643835616438356,2.6142742582197274,True,True
Matara,Mung Beans,2001,Maha,2.0,1.0,4.9421076294,1000.0,202.34282111767885,0,,,,,,False,False
Matara,Mung Beans,2002,Maha,2.0,1.0,4.9421076294,1000.0,202.34282111767885,1,4.9421076294,1000.0,202.34282111767885,1.0,1.0,True,True
Matara,Mung Beans,2003,Maha,7.0,4.0,17.2973767029,4000.0,231.24893842020438,2,4.9421076294,1000.0,202.34282111767885,3.5,4.0,True,True
Matara,Mung Beans,2004,Maha,5.0,5.0,12.355269073499999,5000.0,404.6856422353577,3,9.0605306539,2000.0,211.97819355185402,1.3636363636363633,2.5,True,True
Matara,Mung Beans,2005,Maha,1.0,1.0,2.4710538147,1000.0,404.6856422353577,4,9.8842152588,2750.0,260.15505572272997,0.25,0.36363636363636365,True,True
Matara,Mung Beans,2006,Maha,2.0,2.0,4.9421076294,2000.0,404.6856422353577,5,8.40158296998,2400.0,289.06117302525547,0.5882352941176471,0.8333333333333334,True,True
Matara,Mung Beans,2007,Maha,2.0,2.0,4.9421076294,2000.0,404.6856422353577,6,7.825003746549999,2333.3333333333335,308.33191789360586,0.631578947368421,0.8571428571428571,True,True
Matara,Mung Beans,2008,Maha,3.0,4.0,7.4131614441,4000.0,539.5808563138103,7,7.413161444099999,2285.714285714286,322.0967356567133,1.0000000000000002,1.75,True,True
Matara,Mung Beans,2009,Maha,4.0,5.0,9.8842152588,5000.0,505.8570527941971,8,7.4131614441,2500.0,349.2822507388504,1.3333333333333333,2.0,True,True
Matara,Mung Beans,2010,Maha,2.0,2.0,4.9421076294,2000.0,404.6856422353577,9,7.687722979066667,2777.777777777778,366.67945096722224,0.6428571428571428,0.72,True,True
Matara,Mung Beans,2011,Maha,35.0,5.0,86.4868835145,5000.0,57.8122346050511,10,7.4131614441,2700.0,370.4800700940358,11.666666666666666,1.8518518518518519,True,True
Matara,Mung Beans,2012,Maha,4.0,4.0,9.8842152588,4000.0,404.6856422353577,11,14.60168163231818,2909.090909090909,342.05572141321903,0.676923076923077,1.375,True,True
Matara,Mung Beans,2013,Maha,4.0,4.0,9.8842152588,4000.0,404.6856422353577,12,14.208559434525,3000.0,347.2748814817306,0.6956521739130435,1.3333333333333333,True,True
Matara,Mung Beans,2014,Maha,4.0,2.0,9.8842152588,2000.0,202.34282111767885,13,13.875917574853846,3076.923076923077,351.6910938473942,0.7123287671232876,0.6499999999999999,True,True
Matara,Mung Beans,2015,Maha,60.0,71.0,148.263228882,71000.0,478.8780099785066,14,13.59079598085,3000.0,341.023360080986,10.909090909090908,23.666666666666668,True,True
Matara,Mung Beans,2016,Maha,26.0,65.0,64.2473991822,65000.0,1011.7141055883942,15,22.568958174259997,7533.333333333333,350.213670074154,2.8467153284671536,8.628318584070797,True,True
Matara,Mung Beans,2017,Maha,25.0,32.0,61.7763453675,32000.0,517.9976220612579,16,25.17386073725625,11125.0,391.557447293794,2.4539877300613497,2.8764044943820224,True,True
Matara,Mung Beans,2018,Maha,20.0,30.0,49.421076293999995,30000.0,607.0284633530366,17,27.32694806844706,12352.941176470587,398.9951046330566,1.8085106382978722,2.428571428571429,True,True
Matara,Mung Beans,2019,Maha,2.0,2.0,4.9421076294,2000.0,404.6856422353577,18,28.554399636533333,13333.333333333334,410.55251345083326,0.17307692307692307,0.15,True,True
Matara,Mung Beans,2020,Maha,1.0,1.0,2.4710538147,1000.0,404.6856422353577,19,27.311647425631577,12736.842105263158,410.24373075528194,0.09047619047619047,0.07851239669421488,True,True
Matara,Mung Beans,2021,Maha,3.0,3.0,7.4131614441,3000.0,404.68564223535765,20,26.069617745084997,12150.0,409.9658263292857,0.28436018957345977,0.24691358024691357,True,True
Matara,Mung Beans,2022,Maha,1.4,1.4,3.4594753405799996,1400.0,404.6856422353577,21,25.181215064085716,11714.285714285714,409.71438899147955,0.13738317757009344,0.11951219512195123,True,True
Matara,Mung Beans,2023,Maha,6.7,6.6,16.55606055849,6600.0,398.64555802288965,22,24.19386325847182,11245.454545454546,409.48580959347413,0.6843082636954503,0.5869037995149555,True,True
Matara,Mung Beans,2024,Maha,5.1,5.0,12.602374454969999,5000.0,396.75062964250753,23,23.861784880211736,11043.478260869566,409.0144943077965,0.5281404772624944,0.452755905511811,True,True
Matara,Mung Beans,2025,Maha,3.9,5.3,9.63710987733,5300.0,549.957411242922,24,23.39264277916,10791.666666666666,408.50349994674275,0.4119718309859155,0.49111969111969117,True,True
Matara,Mung Beans,2003,Yala,1.0,1.0,2.4710538147,1000.0,404.6856422353577,0,,,,,,False,False
Matara,Mung Beans,2004,Yala,2.0,1.0,4.9421076294,1000.0,202.34282111767885,1,2.4710538147,1000.0,404.6856422353577,2.0,1.0,True,True
Matara,Mung Beans,2005,Yala,6.0,4.0,14.8263228882,4000.0,269.79042815690514,2,3.70658072205,1000.0,303.5142316765183,4.0,4.0,True,True
Matara,Mung Beans,2006,Yala,5.0,4.0,12.355269073499999,4000.0,323.7485137882862,3,7.413161444099999,2000.0,292.27296383664725,1.6666666666666667,2.0,True,True
Matara,Mung Beans,2007,Yala,4.0,6.0,9.8842152588,6000.0,607.0284633530365,4,8.64868835145,2500.0,300.14185132455697,1.1428571428571428,2.4,True,True
Matara,Mung Beans,2008,Yala,4.0,4.0,9.8842152588,4000.0,404.6856422353577,5,8.89579373292,3200.0,361.5191737302529,1.1111111111111112,1.25,True,True
Matara,Mung Beans,2010,Yala,2.0,4.0,4.9421076294,4000.0,809.3712844707154,6,9.060530653899999,3333.3333333333335,368.71358514777035,0.5454545454545455,1.2,True,True
Matara,Mung Beans,2011,Yala,3.0,4.0,7.4131614441,4000.0,539.5808563138103,7,8.472184507542858,3428.5714285714284,431.66468505104825,0.8749999999999999,1.1666666666666667,True,True
Matara,Mung Beans,2012,Yala,20.0,31.0,49.421076293999995,31000.0,627.2627454648044,8,8.3398066246125,3500.0,445.15420645889344,5.925925925925926,8.857142857142858,True,True
Matara,Mung Beans,2013,Yala,57.0,104.0,140.85006743789998,104000.0,738.373803376793,9,12.904392143433332,6555.555555555556,465.38848857066137,10.914893617021276,15.864406779661017,True,True
Matara,Mung Beans,2014,Yala,22.0,36.0,54.363183923399994,36000.0,662.2128691124035,10,25.69895967288,16300.0,492.68702005127454,2.115384615384615,2.208588957055215,True,True
Matara,Mung Beans,2015,Yala,23.0,35.0,56.83423773809999,35000.0,615.8259773146748,11,28.304798241109086,18090.909090909092,508.09846087501353,2.007936507936508,1.9346733668341707,True,True
Matara,Mung Beans,2016,Yala,22.0,36.0,54.363183923399994,36000.0,662.2128691124035,12,30.682251532524997,19500.0,517.075753911652,1.7718120805369126,1.8461538461538463,True,True
Matara,Mung Beans,2017,Yala,5.0,7.0,12.355269073499999,7000.0,566.5598991295008,13,32.50386171643846,20769.23076923077,528.2401473886329,0.3801169590643275,0.337037037037037,True,True
Matara,Mung Beans,2018,Yala,4.0,4.0,9.8842152588,4000.0,404.6856422353577,14,31.064676527657138,19785.714285714286,530.9772725129806,0.31818181818181823,0.20216606498194944,True,True
Matara,Mung Beans,2020,Yala,18.0,16.2,44.478968664599996,16200.0,364.2170780118219,15,29.652645776399996,18733.333333333332,522.5578304944723,1.5,0.8647686832740215,True,True
Matara,Mung Beans,2021,Yala,5.6,5.1,13.837901362319998,5100.0,368.5529956072008,16,30.579290956912498,18575.0,512.6615334643067,0.4525252525252525,0.27456258411843876,True,True
Matara,Mung Beans,2022,Yala,3.6,4.3,8.89579373292,4300.0,483.374517114455,17,29.594503333701173,17782.352941176472,504.1845606491828,0.30058939096267195,0.2418127687727423,True,True
Matara,Mung Beans,2023,Yala,3.7,5.2,9.14289911439,5200.0,568.7473890875298,18,28.444575022546662,17033.333333333332,503.02844711947574,0.32142857142857145,0.3052837573385519,True,True
Matara,Mung Beans,2024,Yala,3.1,1.2,7.66026682557,1200.0,156.65250667175135,19,27.42869734317,16410.526315789473,506.4873388020049,0.27927927927927926,0.07312379730596537,True,True
Matara,Mung Beans,2025,Yala,2.2,2.2,5.4363183923400005,2200.0,404.68564223535765,20,26.440275817289994,15650.0,488.9955971954922,0.2056074766355141,0.14057507987220447,True,True
Matara,Pumpkin,2001,Maha,13.0,82.0,32.1236995911,82000.0,2552.6325125614867,0,,,,,,False,False
Matara,Pumpkin,2002,Maha,14.0,81.0,34.5947534058,81000.0,2341.3955015045694,1,32.1236995911,82000.0,2552.6325125614867,1.0769230769230769,0.9878048780487805,True,True
Matara,Pumpkin,2003,Maha,3.0,18.0,7.4131614441,18000.0,2428.113853412146,2,33.35922649845,81500.0,2447.014007033028,0.22222222222222224,0.22085889570552147,True,True
Matara,Pumpkin,2004,Maha,4.0,11.0,9.8842152588,11000.0,1112.8855161472336,3,24.710538146999998,60333.333333333336,2440.7139558260674,0.4,0.18232044198895028,True,True
Matara,Pumpkin,2005,Maha,14.0,48.0,34.5947534058,48000.0,1387.4936305212264,4,21.00395742495,48000.0,2108.756845906359,1.647058823529412,1.0,True,True
Matara,Pumpkin,2006,Maha,12.0,45.0,29.6526457764,45000.0,1517.5711583825912,5,23.72211662112,48000.0,1964.5042028293324,1.25,0.9375,True,True
Matara,Pumpkin,2007,Maha,11.0,49.0,27.181591961699997,49000.0,1802.6905881393207,6,24.710538146999998,47500.0,1890.015362088209,1.1,1.0315789473684212,True,True
Matara,Pumpkin,2008,Maha,15.0,77.0,37.0658072205,77000.0,2077.3862968081694,7,25.063545834814285,47714.28571428572,1877.5403943812248,1.4788732394366197,1.6137724550898203,True,True
Matara,Pumpkin,2009,Maha,12.0,118.0,29.6526457764,118000.0,3979.4088153143502,8,26.563828508024997,51375.0,1902.521132184593,1.116279069767442,2.2968369829683697,True,True
Matara,Pumpkin,2010,Maha,10.0,126.0,24.710538146999998,126000.0,5099.039092165507,9,26.907030426733332,58777.77777777778,2133.2864303101214,0.9183673469387754,2.1436672967863895,True,True
Matara,Pumpkin,2011,Maha,14.0,129.0,34.5947534058,129000.0,3728.889132025796,10,26.68738119876,65500.0,2429.86169649566,1.2962962962962963,1.9694656488549618,True,True
Matara,Pumpkin,2012,Maha,11.0,113.0,27.181591961699997,113000.0,4157.225233872311,11,27.406233217581818,71272.72727272728,2547.9550997256724,0.9918032786885245,1.5854591836734693,True,True
Matara,Pumpkin,2013,Maha,11.0,119.0,27.181591961699997,119000.0,4377.962856909779,12,27.387513112924996,74750.0,2682.0609442378923,0.9924812030075189,1.5919732441471572,True,True
Matara,Pumpkin,2014,Maha,11.0,135.0,27.181591961699997,135000.0,4966.596518343026,13,27.37167302436923,78153.84615384616,2812.514937520345,0.9930555555555555,1.7273622047244095,True,True
Matara,Pumpkin,2015,Maha,12.0,105.0,29.6526457764,105000.0,3540.9993695593794,14,27.358095805607142,82214.28571428571,2966.3779075791076,1.0838709677419356,1.2771503040834058,True,True
Matara,Pumpkin,2016,Maha,37.0,479.0,91.42899114389999,479000.0,5239.038449479361,15,27.51106580366,83733.33333333333,3004.6860050444593,3.3233532934131733,5.720541401273886,True,True
Matara,Pumpkin,2017,Maha,13.0,151.0,32.1236995911,151000.0,4700.579382887616,16,31.505936137425,108437.5,3144.3330328216407,1.0196078431372548,1.392507204610951,True,True
Matara,Pumpkin,2018,Maha,12.0,146.0,29.6526457764,146000.0,4923.675313863519,17,31.542275164111764,110941.17647058824,3235.8769357666984,0.9400921658986175,1.3160127253446448,True,True
Matara,Pumpkin,2019,Maha,7.0,90.0,17.2973767029,90000.0,5203.101114454599,18,31.437295753683333,112888.88888888889,3329.643512327633,0.5502183406113537,0.797244094488189,True,True
Matara,Pumpkin,2020,Maha,5.0,60.0,12.355269073499999,60000.0,4856.227706824293,19,30.693089487852628,111684.21052631579,3428.2465440185256,0.4025423728813559,0.5372290292177192,True,True
Matara,Pumpkin,2021,Maha,4.2,34.5,10.37842602174,34500.0,3324.203489790438,20,29.776198467134996,109100.0,3499.645602158814,0.3485477178423237,0.3162236480293309,True,True
Matara,Pumpkin,2022,Maha,4.8999999999999995,6.3,12.108163692029997,6300.0,520.3101114454599,21,28.852495017354283,105547.61904761905,3491.291215855558,0.41965742251223487,0.05968869839837582,True,True
Matara,Pumpkin,2023,Maha,5.3,38.5,13.096585217909999,38500.0,2939.6975898228816,22,28.091389048021366,101036.36363636363,3356.246620200553,0.46621351459416227,0.3810509267590427,True,True
Matara,Pumpkin,2024,Maha,3.8000000000000003,35.300000000000004,9.39000449586,35300.00000000001,3759.316623923192,23,27.439441055407823,98317.39130434782,3338.1357927928284,0.34220830070477687,0.3590412594525274,True,True
Matara,Pumpkin,2025,Maha,7.1,46.8,17.54448208437,46800.0,2667.505360086583,24,26.687381198759997,95691.66666666667,3355.684994089927,0.6574074074074074,0.4890708003135069,True,True
Matara,Pumpkin,2001,Yala,10.0,101.0,24.710538146999998,101000.0,4087.3249865771127,0,,,,,,False,False
Matara,Pumpkin,2002,Yala,9.0,42.0,22.239484332299998,42000.0,1888.532997098336,1,24.710538146999998,101000.0,4087.3249865771127,0.9,0.4158415841584158,True,True
Matara,Pumpkin,2003,Yala,11.0,69.0,27.181591961699997,69000.0,2538.48266493088,2,23.475011239649998,71500.0,2987.9289918377244,1.1578947368421053,0.965034965034965,True,True
Matara,Pumpkin,2004,Yala,26.0,192.0,64.2473991822,192000.0,2988.44781958418,3,24.710538146999998,70666.66666666667,2838.113549535443,2.6,2.7169811320754715,True,True
Matara,Pumpkin,2005,Yala,10.0,42.0,24.710538146999998,42000.0,1699.6796973885023,4,34.5947534058,101000.0,2875.697117047627,0.7142857142857142,0.4158415841584158,True,True
Matara,Pumpkin,2006,Yala,12.0,51.0,29.6526457764,51000.0,1719.91397950027,5,32.61791035404,89200.0,2640.4936331158024,0.9090909090909091,0.5717488789237668,True,True
Matara,Pumpkin,2007,Yala,9.0,40.0,22.239484332299998,40000.0,1798.6028543793675,6,32.1236995911,82833.33333333333,2487.0636908465467,0.6923076923076923,0.48289738430583506,True,True
Matara,Pumpkin,2008,Yala,10.0,42.0,24.710538146999998,42000.0,1699.6796973885023,7,30.711668839842854,76714.28571428571,2388.712142779807,0.8045977011494253,0.547486033519553,True,True
Matara,Pumpkin,2010,Yala,23.0,170.0,56.83423773809999,170000.0,2991.154746956992,8,29.961527503237498,72375.0,2302.583087105894,1.8969072164948453,2.3488773747841107,True,True
Matara,Pumpkin,2011,Yala,6.0,94.0,14.8263228882,94000.0,6340.07506168727,9,32.947384196,83222.22222222222,2379.0910493115716,0.44999999999999996,1.129506008010681,True,True
Matara,Pumpkin,2012,Yala,6.0,115.0,14.8263228882,115000.0,7756.474809511022,10,31.135278065219996,84300.0,2775.189450549141,0.4761904761904763,1.3641755634638197,True,True
Matara,Pumpkin,2013,Yala,19.0,251.0,46.950022479299996,251000.0,5346.110326372357,11,29.652645776399996,87090.90909090909,3228.0335740911305,1.5833333333333335,2.882045929018789,True,True
Matara,Pumpkin,2014,Yala,22.0,234.0,54.363183923399994,234000.0,4304.383649230623,12,31.094093834975,100750.0,3404.5399701145657,1.748344370860927,2.3225806451612905,True,True
Matara,Pumpkin,2015,Yala,21.0,206.0,51.892130108699995,206000.0,3969.7734428801755,13,32.884023841776916,111000.0,3473.758714661955,1.578034682080925,1.8558558558558558,True,True
Matara,Pumpkin,2016,Yala,12.0,163.0,29.6526457764,163000.0,5496.979973696942,14,34.241745717985715,117785.71428571429,3509.1883381061134,0.8659793814432989,1.3838690115221346,True,True
Matara,Pumpkin,2017,Yala,12.0,180.0,29.6526457764,180000.0,6070.284633530365,15,33.935805721879994,120800.0,3641.7077804788355,0.8737864077669905,1.490066225165563,True,True
Matara,Pumpkin,2018,Yala,11.0,110.0,27.181591961699997,110000.0,4046.8564223535773,16,33.6681082252875,124500.0,3793.493833794556,0.8073394495412843,0.8835341365461847,True,True
Matara,Pumpkin,2019,Yala,12.0,143.0,29.6526457764,143000.0,4822.503903304679,17,33.28654844507646,123647.05882352941,3808.3975154744985,0.8908296943231443,1.1565176022835395,True,True
Matara,Pumpkin,2020,Yala,12.0,132.0,29.6526457764,132000.0,4451.542064588934,18,33.084664963483334,124722.22222222222,3864.736759242842,0.896265560165975,1.0583518930957685,True,True
Matara,Pumpkin,2021,Yala,11.4,122.6,28.17001348758,122600.0,4352.145591057443,19,32.90403237468947,125105.26315789473,3895.6212489978993,0.8561264822134388,0.9799747580984435,True,True
Matara,Pumpkin,2022,Yala,12.100000000000001,131.0,29.899751157870003,131000.0,4381.30736634974,20,32.667331430333995,124980.0,3918.4474661008767,0.915279878971256,1.0481677068330932,True,True
Matara,Pumpkin,2023,Yala,7.6,46.8,18.78000899172,46800.0,2492.011586396676,21,32.53554189355,125266.66666666667,3940.488413731775,0.5772151898734178,0.37360298030867484,True,True
Matara,Pumpkin,2024,Yala,5.3,19.9,13.096585217909999,19900.0,1519.4800529214374,22,31.910290398012272,121700.0,3874.648557943816,0.41041886659626886,0.16351684470008218,True,True
Matara,Pumpkin,2025,Yala,5.9,85.3,14.57921750673,85300.0,5850.7941157077985,23,31.092303216268697,117273.91304347826,3772.249927290669,0.4689011748445059,0.7273569866162459,True,True
